JvmtiExport can_access_local_variables 0
JvmtiExport can_hotswap_or_post_breakpoint 0
JvmtiExport can_post_on_exceptions 0
# 551 ciObject found
ciInstanceKlass java/lang/Cloneable 1 1 7 100 1 100 1 1 1
instanceKlass org/jetbrains/kotlin/fir/analysis/jvm/checkers/declaration/FirOverrideJavaNullabilityWarningCheckerKt
instanceKlass org/jetbrains/kotlin/diagnostics/impl/DeduplicatingDiagnosticReporterKt
instanceKlass org/jetbrains/kotlin/fir/analysis/checkers/declaration/FirNotImplementedOverrideChecker$WhenMappings
instanceKlass org/jetbrains/kotlin/fir/scopes/impl/FirDelegatedMemberScopeKt
instanceKlass org/jetbrains/kotlin/fir/analysis/checkers/declaration/FirOverrideChecker$checkVisibility$$inlined$sortedBy$1
instanceKlass org/jetbrains/kotlin/fir/scopes/FirTypeScopeKt$getDirectOverriddenProperties$$inlined$processDirectlyOverriddenProperties$1
instanceKlass org/jetbrains/kotlin/fir/analysis/checkers/declaration/FirMultipleDefaultsInheritedFromSupertypesChecker$checkFunction$$inlined$processOverriddenFunctions$1
instanceKlass org/jetbrains/kotlin/fir/analysis/checkers/FirHelpersKt$processOverriddenFunctions$1
instanceKlass org/jetbrains/kotlin/fir/scopes/FirContainingNamesAwareScopeKt
instanceKlass org/jetbrains/kotlin/fir/analysis/checkers/DeclarationBuckets
instanceKlass org/jetbrains/kotlin/fir/analysis/checkers/FirRedeclarationPresenter
instanceKlass org/jetbrains/kotlin/fir/analysis/checkers/FirDeclarationCollector
instanceKlass org/jetbrains/kotlin/fir/pipeline/ConvertToIrKt
instanceKlass org/jetbrains/kotlin/fir/pipeline/ModuleCompilerAnalyzedOutput
instanceKlass org/jetbrains/kotlin/fir/analysis/checkers/context/CheckerContext$WhenMappings
instanceKlass org/jetbrains/kotlin/diagnostics/KtDiagnostic
instanceKlass org/jetbrains/kotlin/diagnostics/DiagnosticWithParameters1Marker
instanceKlass org/jetbrains/kotlin/diagnostics/KtLightDiagnostic
instanceKlass org/jetbrains/kotlin/diagnostics/KtDiagnosticReportHelpersKt
instanceKlass org/jetbrains/kotlin/resolve/jvm/modules/JavaModule
instanceKlass org/jetbrains/kotlin/fir/analysis/checkers/FirPrimaryConstructorSuperTypeCheckerPlatformComponentKt
instanceKlass org/jetbrains/kotlin/fir/analysis/checkers/expression/FirOptInUsageBaseChecker$Experimentality
instanceKlass org/jetbrains/kotlin/fir/resolve/diagnostics/ConeTypeParameterInQualifiedAccess
instanceKlass org/jetbrains/kotlin/fir/types/TypeUtilsKt$WhenMappings
instanceKlass org/jetbrains/kotlin/fir/types/ConeTypeProjectionKt$WhenMappings
instanceKlass org/jetbrains/kotlin/contracts/description/EventOccurrencesRange$WhenMappings
instanceKlass org/jetbrains/kotlin/fir/analysis/checkers/expression/ReferenceUtilsKt
instanceKlass org/jetbrains/kotlin/fir/analysis/checkers/FE10LikeConeSubstitutorKt
instanceKlass org/jetbrains/kotlin/fir/analysis/checkers/declaration/FirAnnotationChecker$WhenMappings
instanceKlass org/jetbrains/kotlin/fir/analysis/checkers/declaration/FirImportsChecker$getImportStatusOfCallableMembers$$inlined$getImportStatus$4
instanceKlass org/jetbrains/kotlin/fir/analysis/checkers/declaration/FirImportsChecker$getImportStatusOfCallableMembers$$inlined$getImportStatus$3
instanceKlass org/jetbrains/kotlin/fir/analysis/checkers/declaration/FirInlineDeclarationChecker$InlineFunctionBodyContext$AccessedDeclarationVisibilityData
instanceKlass org/jetbrains/kotlin/fir/analysis/checkers/FirInlineCheckerPlatformSpecificComponentKt
instanceKlass org/jetbrains/kotlin/fir/analysis/checkers/declaration/FirInlineDeclarationCheckerKt
instanceKlass org/jetbrains/kotlin/fir/analysis/checkers/FirSinceKotlinAccessibility
instanceKlass org/jetbrains/kotlin/fir/analysis/checkers/FirSinceKotlinValue
instanceKlass org/jetbrains/kotlin/fir/analysis/checkers/FirSinceKotlinHelpersKt
instanceKlass org/jetbrains/kotlin/resolve/UseSiteTargetsList
instanceKlass org/jetbrains/kotlin/fir/analysis/checkers/syntax/FirConfusingWhenBranchSyntaxChecker$ConfusingWhenBranchReporter$Companion
instanceKlass org/jetbrains/kotlin/fir/analysis/checkers/syntax/FirConfusingWhenBranchSyntaxChecker$ConfusingWhenBranchReporter
instanceKlass org/jetbrains/kotlin/fir/types/TypeUnificationKt
instanceKlass org/jetbrains/kotlin/fir/analysis/diagnostics/FirNonSuppressibleErrorNamesKt
instanceKlass org/jetbrains/kotlin/fir/analysis/checkers/expression/FirAnnotationExpressionChecker$WhenMappings
instanceKlass org/jetbrains/kotlin/kotlinx/collections/immutable/implementations/persistentOrderedMap/PersistentOrderedMapKeysIterator
instanceKlass org/jetbrains/kotlin/fir/analysis/checkers/FirCastDiagnosticsHelpersKt$WhenMappings
instanceKlass org/jetbrains/kotlin/fir/analysis/checkers/FirCastDiagnosticsHelpersKt
instanceKlass org/jetbrains/kotlin/fir/analysis/checkers/expression/FirCastOperatorsChecker$WhenMappings
instanceKlass org/jetbrains/kotlin/fir/analysis/checkers/expression/FirOptInAnnotationCallChecker$WhenMappings
instanceKlass org/jetbrains/kotlin/fir/analysis/FirSourceUtilsKt
instanceKlass org/jetbrains/kotlin/fir/analysis/checkers/FirIdentityLessPlatformDeterminerKt
instanceKlass org/jetbrains/kotlin/fir/analysis/checkers/TypeInfo
instanceKlass org/jetbrains/kotlin/fir/PrimitivesKt
instanceKlass org/jetbrains/kotlin/fir/TypeUtilsKt
instanceKlass org/jetbrains/kotlin/fir/analysis/checkers/expression/FirEqualityCompatibilityChecker$WhenMappings
instanceKlass org/jetbrains/kotlin/fir/analysis/checkers/ArgumentInfo
instanceKlass org/jetbrains/kotlin/fir/analysis/checkers/FirTypeCompatibilityHelpersKt
instanceKlass org/jetbrains/kotlin/fir/analysis/checkers/extra/FirAnonymousUnusedParamChecker$LambdaBodyContext
instanceKlass org/jetbrains/kotlin/fir/analysis/checkers/extra/FirAnonymousUnusedParamCheckerKt
instanceKlass org/jetbrains/kotlin/fir/analysis/checkers/type/FirProjectionRelationChecker$TypeArgumentData
instanceKlass org/jetbrains/kotlin/fir/analysis/checkers/FirConflictsHelpersKt
instanceKlass org/jetbrains/kotlin/fir/analysis/checkers/expression/FirDataClassCopyUsageWillBecomeInaccessibleCheckerKt
instanceKlass org/jetbrains/kotlin/fir/analysis/checkers/SourceHelpersKt
instanceKlass org/jetbrains/kotlin/fir/resolve/diagnostics/ConeCallToDeprecatedOverrideOfHidden
instanceKlass org/jetbrains/kotlin/fir/java/FirJvmTargetProviderKt
instanceKlass org/jetbrains/kotlin/fir/analysis/checkers/ModifiersCompatibilityUtilsKt$WhenMappings
instanceKlass org/jetbrains/kotlin/fir/analysis/checkers/ModifiersCompatibilityUtilsKt
instanceKlass org/jetbrains/kotlin/resolve/AnnotationTargetLists$TargetListBuilder
instanceKlass org/jetbrains/kotlin/resolve/AnnotationTargetLists
instanceKlass org/jetbrains/kotlin/fir/analysis/checkers/declaration/FirConstPropertyChecker$WhenMappings
instanceKlass org/jetbrains/kotlin/resolve/ModifierCheckerHelpersKt$or$1
instanceKlass org/jetbrains/kotlin/resolve/ModifierCheckerHelpersKt$ifSupported$1
instanceKlass org/jetbrains/kotlin/resolve/ModifierCheckerHelpersKt$always$1
instanceKlass org/jetbrains/kotlin/resolve/TargetAllowedPredicate
instanceKlass org/jetbrains/kotlin/resolve/ModifierCheckerHelpersKt
instanceKlass org/jetbrains/kotlin/descriptors/annotations/KotlinTarget$Companion$WhenMappings
instanceKlass org/jetbrains/kotlin/resolve/AnnotationTargetList
instanceKlass org/jetbrains/kotlin/fir/analysis/checkers/expression/FirMissingDependencyClassProxy$MissingTypeOrigin
instanceKlass org/jetbrains/kotlin/name/JvmStandardClassIds$Callables
instanceKlass org/jetbrains/kotlin/fir/analysis/jvm/checkers/expression/FirExpressionJavaNullabilityWarningCheckersKt
instanceKlass org/jetbrains/kotlin/fir/analysis/diagnostics/jvm/FirJvmErrors
instanceKlass org/jetbrains/kotlin/fir/analysis/checkers/declaration/NiceContractSyntaxCheckerKt
instanceKlass org/jetbrains/kotlin/fir/modules/FirJavaModuleResolverProviderKt
instanceKlass org/jetbrains/kotlin/fir/analysis/checkers/FirOptionalExpectationHelpersKt
instanceKlass org/jetbrains/kotlin/fir/analysis/jvm/checkers/expression/FirArrayOfNullableNothingExpressionCheckerKt
instanceKlass org/jetbrains/kotlin/fir/analysis/checkers/expression/FirArrayOfNothingQualifierCheckerKt
instanceKlass org/jetbrains/kotlin/fir/analysis/checkers/declaration/FirConstructorAllowedChecker$WhenMappings
instanceKlass org/jetbrains/kotlin/fir/types/FirMissingDependencyStorage$TypeWithOrigin
instanceKlass org/jetbrains/kotlin/fir/types/FirMissingDependencyStorageKt
instanceKlass org/jetbrains/kotlin/fir/analysis/checkers/FirMissingDependencySupertypeUtilsKt
instanceKlass org/jetbrains/kotlin/serialization/deserialization/IncompatibleVersionErrorData
instanceKlass org/jetbrains/kotlin/fir/analysis/diagnostics/FirErrorsDefaultMessagesKt
instanceKlass org/jetbrains/kotlin/resolve/multiplatform/ExpectActualAnnotationsIncompatibilityType
instanceKlass org/jetbrains/kotlin/fir/analysis/diagnostics/FirExpectActualAnnotationIncompatibilityDiagnosticRenderers
instanceKlass org/jetbrains/kotlin/fir/analysis/diagnostics/FirIncompatibleExpectedActualClassScopesRenderer$Companion
instanceKlass org/jetbrains/kotlin/fir/analysis/diagnostics/FirIncompatibleExpectedActualClassScopesRenderer
instanceKlass org/jetbrains/kotlin/fir/analysis/diagnostics/FirPlatformIncompatibilityDiagnosticRenderer$Companion
instanceKlass org/jetbrains/kotlin/fir/analysis/diagnostics/FirPlatformIncompatibilityDiagnosticRenderer
instanceKlass org/jetbrains/kotlin/fir/analysis/diagnostics/FirDiagnosticRenderersKt
instanceKlass org/jetbrains/kotlin/diagnostics/rendering/RenderingContext$Key
instanceKlass org/jetbrains/kotlin/diagnostics/rendering/DiagnosticParameterRendererKt$ContextDependentRenderer$1
instanceKlass org/jetbrains/kotlin/diagnostics/rendering/RenderingContext
instanceKlass org/jetbrains/kotlin/fir/analysis/diagnostics/FirDiagnosticRenderers$CALLABLES_FQ_NAMES$1
instanceKlass org/jetbrains/kotlin/fir/analysis/diagnostics/MultiplatformDiagnosticRenderingMode
instanceKlass org/jetbrains/kotlin/fir/analysis/diagnostics/FirDiagnosticRenderers$SYMBOLS_ON_NEWLINE_WITH_INDENT$1
instanceKlass org/jetbrains/kotlin/fir/analysis/diagnostics/FirDiagnosticRenderers
instanceKlass org/jetbrains/kotlin/diagnostics/rendering/CommonRenderers
instanceKlass org/jetbrains/kotlin/diagnostics/rendering/LanguageFeatureMessageRenderer
instanceKlass org/jetbrains/kotlin/diagnostics/KtDiagnosticFactoryToRendererMap
instanceKlass org/jetbrains/kotlin/diagnostics/rendering/BaseDiagnosticRendererFactory
instanceKlass org/jetbrains/kotlin/diagnostics/rendering/RootDiagnosticRendererFactory
instanceKlass org/jetbrains/kotlin/diagnostics/rendering/DiagnosticRendererFactory
instanceKlass org/jetbrains/kotlin/diagnostics/KtDiagnosticFactoryForDeprecation
instanceKlass org/jetbrains/kotlin/diagnostics/SimpleKtDiagnosticRenderer
instanceKlass java/text/Format
instanceKlass org/jetbrains/kotlin/diagnostics/rendering/DiagnosticParameterRendererKt$Renderer$1
instanceKlass org/jetbrains/kotlin/diagnostics/rendering/ContextIndependentParameterRenderer
instanceKlass org/jetbrains/kotlin/diagnostics/rendering/DiagnosticParameterRenderer
instanceKlass org/jetbrains/kotlin/diagnostics/rendering/DiagnosticParameterRendererKt
instanceKlass org/jetbrains/kotlin/diagnostics/KtDiagnosticRenderers
instanceKlass org/jetbrains/kotlin/diagnostics/AbstractKtDiagnosticWithParametersRenderer
instanceKlass org/jetbrains/kotlin/diagnostics/KtDiagnosticRenderer
instanceKlass org/jetbrains/kotlin/diagnostics/PsiPositioningStrategies
instanceKlass org/jetbrains/kotlin/diagnostics/PositioningStrategy
instanceKlass org/jetbrains/kotlin/diagnostics/PositioningStrategies
instanceKlass org/jetbrains/kotlin/diagnostics/LightTreePositioningStrategy
instanceKlass org/jetbrains/kotlin/diagnostics/LightTreePositioningStrategies
instanceKlass org/jetbrains/kotlin/diagnostics/AbstractSourceElementPositioningStrategy
instanceKlass org/jetbrains/kotlin/diagnostics/SourceElementPositioningStrategies
instanceKlass org/jetbrains/kotlin/diagnostics/AbstractKtDiagnosticFactory
instanceKlass org/jetbrains/kotlin/fir/analysis/diagnostics/FirErrors
instanceKlass org/jetbrains/kotlin/fir/analysis/checkers/declaration/FirExposedVisibilityDeclarationChecker$WhenMappings
instanceKlass org/jetbrains/kotlin/fir/analysis/checkers/FirUpperBoundViolatedHelpersKt
instanceKlass org/jetbrains/kotlin/diagnostics/LightTreePositioningStrategiesKt
instanceKlass org/jetbrains/kotlin/fir/analysis/checkers/LightTreeSourceNavigator
instanceKlass org/jetbrains/kotlin/fir/analysis/checkers/SourceNavigator$Companion
instanceKlass org/jetbrains/kotlin/fir/analysis/checkers/SourceNavigator
instanceKlass org/jetbrains/kotlin/fir/java/JavaSymbolProviderKt
instanceKlass org/jetbrains/kotlin/fir/analysis/checkers/declaration/FirEnumCompanionInEnumConstructorCallChecker$WhenMappings
instanceKlass org/jetbrains/kotlin/fir/analysis/checkers/declaration/FirMemberPropertiesCheckerKt
instanceKlass org/jetbrains/kotlin/kotlinx/collections/immutable/implementations/persistentOrderedMap/PersistentOrderedMapEntriesIterator
instanceKlass org/jetbrains/kotlin/fir/analysis/cfa/util/EventCollectingControlFlowGraphVisitorKt
instanceKlass org/jetbrains/kotlin/contracts/description/MarkedEventOccurrencesRange
instanceKlass org/jetbrains/kotlin/fir/analysis/cfa/util/PathAwareControlFlowGraphVisitorKt
instanceKlass org/jetbrains/kotlin/fir/analysis/cfa/util/CfgTraverserKt
instanceKlass org/jetbrains/kotlin/fir/resolve/dfa/cfg/ControlFlowGraphVisitor
instanceKlass org/jetbrains/kotlin/fir/analysis/cfa/VariableInitializationCheckProcessorKt$WhenMappings
instanceKlass org/jetbrains/kotlin/fir/analysis/cfa/VariableInitializationCheckProcessorKt
instanceKlass org/jetbrains/kotlin/fir/analysis/cfa/VariableInitializationCheckProcessor
instanceKlass org/jetbrains/kotlin/fir/analysis/cfa/util/VariableInitializationInfoData
instanceKlass org/jetbrains/kotlin/fir/analysis/cfa/FirPropertyInitializationAnalyzerKt
instanceKlass org/jetbrains/kotlin/types/Variance$WhenMappings
instanceKlass org/jetbrains/kotlin/types/EnrichedProjectionKind$Companion$WhenMappings
instanceKlass org/jetbrains/kotlin/types/EnrichedProjectionKind$Companion
instanceKlass org/jetbrains/kotlin/fir/analysis/checkers/declaration/FirClassVarianceChecker$WhenMappings
instanceKlass org/jetbrains/kotlin/fir/analysis/checkers/FirTypeRefSource
instanceKlass org/jetbrains/kotlin/fir/analysis/checkers/FirModifier
instanceKlass org/jetbrains/kotlin/fir/analysis/checkers/FirModifierList
instanceKlass org/jetbrains/kotlin/resolve/InlineClassesUtilsKt
instanceKlass org/jetbrains/kotlin/fir/analysis/checkers/declaration/DeclarationUtilsKt
instanceKlass org/jetbrains/kotlin/fir/analysis/jvm/FirJvmNamesChecker
instanceKlass org/jetbrains/kotlin/fir/java/JvmDefaultModeContainerKt
instanceKlass org/jetbrains/kotlin/fir/analysis/checkers/FirAnnotationHelpersKt
instanceKlass org/jetbrains/kotlin/fir/analysis/checkers/FirUnderscoreHelpersKt
instanceKlass org/jetbrains/kotlin/fir/analysis/checkers/FirKeywordUtilsKt
instanceKlass org/jetbrains/kotlin/fir/analysis/checkers/declaration/FirTopLevelPropertiesCheckerKt
instanceKlass org/jetbrains/kotlin/fir/resolve/transformers/PackageResolutionResult
instanceKlass org/jetbrains/kotlin/fir/analysis/checkers/expression/FirOptInUsageBaseChecker
instanceKlass org/jetbrains/kotlin/fir/analysis/checkers/declaration/FirImportsChecker$ImportStatus
instanceKlass org/jetbrains/kotlin/fir/analysis/checkers/declaration/FirImportsChecker$getImportStatusOfCallableMembers$$inlined$getImportStatus$2
instanceKlass org/jetbrains/kotlin/fir/analysis/checkers/declaration/FirImportsChecker$getImportStatusOfCallableMembers$$inlined$getImportStatus$1
instanceKlass org/jetbrains/kotlin/fir/analysis/checkers/context/CheckerContextForProvider$Companion
instanceKlass org/jetbrains/kotlin/fir/analysis/checkers/context/CheckerContext
instanceKlass org/jetbrains/kotlin/fir/analysis/collectors/components/ErrorNodeDiagnosticCollectorComponent$Companion
instanceKlass org/jetbrains/kotlin/fir/analysis/collectors/components/ControlFlowAnalysisDiagnosticComponent$WhenMappings
instanceKlass org/jetbrains/kotlin/fir/analysis/checkers/type/TypeCheckersDiagnosticComponent$WhenMappings
instanceKlass org/jetbrains/kotlin/fir/analysis/checkers/expression/ExpressionCheckersDiagnosticComponent$WhenMappings
instanceKlass org/jetbrains/kotlin/fir/analysis/checkers/declaration/DeclarationCheckersDiagnosticComponent$WhenMappings
instanceKlass org/jetbrains/kotlin/fir/analysis/collectors/DiagnosticCollectorComponents
instanceKlass org/jetbrains/kotlin/fir/analysis/collectors/AbstractDiagnosticCollector$Companion
instanceKlass org/jetbrains/kotlin/fir/analysis/collectors/AbstractDiagnosticCollector
instanceKlass org/jetbrains/kotlin/fir/analysis/collectors/components/DiagnosticComponentsFactory
instanceKlass org/jetbrains/kotlin/fir/scopes/FirCompositeScope$processComposite$1
instanceKlass org/jetbrains/kotlin/fir/resolve/transformers/WhenOnSealedClassExhaustivenessChecker$ConditionChecker$WhenMappings
instanceKlass org/jetbrains/kotlin/fir/resolve/transformers/WhenOnSealedClassExhaustivenessChecker$Flags
instanceKlass org/jetbrains/kotlin/fir/expressions/builder/FirInaccessibleReceiverExpressionBuilder
instanceKlass org/jetbrains/kotlin/fir/resolve/calls/FirCallResolver$WhenMappings
instanceKlass org/jetbrains/kotlin/resolve/calls/inference/model/NewConstraintSystemImpl$WhenMappings
instanceKlass org/jetbrains/kotlin/fir/resolve/transformers/WhenOnNullableExhaustivenessChecker$Flags
instanceKlass org/jetbrains/kotlin/fir/diagnostics/ConeCannotInferType
instanceKlass org/jetbrains/kotlin/contracts/description/KtIsNullPredicate
instanceKlass org/jetbrains/kotlin/contracts/description/KtIsInstancePredicate
instanceKlass org/jetbrains/kotlin/contracts/description/KtLogicalNot
instanceKlass org/jetbrains/kotlin/fir/resolve/dfa/ContractsKt
instanceKlass org/jetbrains/kotlin/fir/references/builder/FirBackingFieldReferenceBuilder
instanceKlass org/jetbrains/kotlin/fir/resolve/calls/SuperCallsKt$resolveSupertypesByMembers$3
instanceKlass org/jetbrains/kotlin/contracts/description/KtConstantReference
instanceKlass org/jetbrains/kotlin/fir/contracts/description/ConeContractConstantValues
instanceKlass org/jetbrains/kotlin/contracts/description/KtBooleanExpression
instanceKlass org/jetbrains/kotlin/kotlinx/collections/immutable/implementations/immutableMap/MapEntry
instanceKlass org/jetbrains/kotlin/fir/diagnostics/ConeIntermediateDiagnostic
instanceKlass org/jetbrains/kotlin/fir/expressions/FirOperationNameConventions
instanceKlass org/jetbrains/kotlin/fir/resolve/transformers/body/resolve/FirExpressionsResolveTransformer$GeneratorOfPlusAssignCalls$Companion
instanceKlass org/jetbrains/kotlin/fir/resolve/transformers/body/resolve/FirExpressionsResolveTransformer$GeneratorOfPlusAssignCalls
instanceKlass java/lang/Short$ShortCache
instanceKlass org/jetbrains/kotlin/utils/SmartSet$ArrayIterator
instanceKlass org/jetbrains/kotlin/fir/declarations/FirDeclarationDataRegistry$AttributeDataAccessor
instanceKlass org/jetbrains/kotlin/fir/scopes/CallableCopyTypeCalculatorKt
instanceKlass org/jetbrains/kotlin/fir/expressions/builder/FirDesugaredAssignmentValueReferenceExpressionBuilder
instanceKlass org/jetbrains/kotlin/types/model/TypeSystemContext$iterator$1
instanceKlass org/jetbrains/kotlin/resolve/calls/inference/components/ConstraintInjector$TypeCheckerStateForConstraintInjector$WhenMappings
instanceKlass org/jetbrains/kotlin/kotlinx/collections/immutable/implementations/immutableMap/PersistentHashMapBuilderEntriesIterator
instanceKlass org/jetbrains/kotlin/fir/resolve/dfa/FirLocalVariableAssignmentAnalyzer$Companion$Assignment
instanceKlass org/jetbrains/kotlin/fir/scopes/impl/ConvertibleIntegerOperators
instanceKlass org/jetbrains/kotlin/fir/resolve/providers/FirProviderUtilsKt
instanceKlass org/jetbrains/kotlin/fir/scopes/impl/FirOverrideUtilsKt
instanceKlass org/jetbrains/kotlin/fir/scopes/impl/FirTypeIntersectionScopeContext$WhenMappings
instanceKlass kotlin/jvm/internal/CharCompanionObject
instanceKlass org/jetbrains/kotlin/fir/types/CapturedArguments
instanceKlass org/jetbrains/kotlin/resolve/calls/inference/model/ConstraintStorageKt$WhenMappings
instanceKlass org/jetbrains/kotlin/resolve/calls/inference/model/ConstraintStorageKt
instanceKlass org/jetbrains/kotlin/fir/scopes/impl/FirTypeIntersectionScope$Companion
instanceKlass org/jetbrains/kotlin/renderer/KeywordStringsGenerated
instanceKlass org/jetbrains/kotlin/renderer/RenderingUtilsKt
instanceKlass org/jetbrains/kotlin/types/AbstractTypeApproximator$ApproximationResult
instanceKlass org/jetbrains/kotlin/fir/resolve/dfa/LogicSystemKt
instanceKlass org/jetbrains/kotlin/fir/resolve/dfa/DfaVariablesKt
instanceKlass org/jetbrains/kotlin/fir/resolve/dfa/FirDataFlowAnalyzer$WhenMappings
instanceKlass org/jetbrains/kotlin/fir/scopes/impl/ImportedFromObjectOrStaticData
instanceKlass org/jetbrains/kotlin/fir/scopes/impl/FirAbstractImportingScope$processPropertiesByName$$inlined$processCallablesFromImportsByName$1
instanceKlass org/jetbrains/kotlin/diagnostics/WhenMissingCase
instanceKlass org/jetbrains/kotlin/fir/expressions/ExhaustivenessStatus$NotExhaustive$Companion
instanceKlass org/jetbrains/kotlin/fir/scopes/FirTypeScopeKt$anyOverriddenOf$$inlined$anyOverriddenOf$1
instanceKlass org/jetbrains/kotlin/fir/expressions/ExhaustivenessStatusKt
instanceKlass org/jetbrains/kotlin/fir/FirEnumWhenTrackerComponent
instanceKlass org/jetbrains/kotlin/fir/FirEnumWhenTrackerComponentKt
instanceKlass org/jetbrains/kotlin/fir/expressions/ExhaustivenessStatus
instanceKlass org/jetbrains/kotlin/fir/java/scopes/JavaClassUseSiteMemberScope$shouldBeVisibleAsOverrideOfBuiltInWithErasedValueParameters$$inlined$collectIntersectionResultsForCallables$1
instanceKlass org/jetbrains/kotlin/fir/resolve/calls/tower/DispatchReceiverMemberScopeTowerLevel$processMembers$$inlined$processCandidates$3
instanceKlass org/jetbrains/kotlin/fir/resolve/calls/tower/DispatchReceiverMemberScopeTowerLevel$MemberFromSmartcastScope
instanceKlass org/jetbrains/kotlin/fir/resolve/calls/tower/DispatchReceiverMemberScopeTowerLevel$processMembers$$inlined$processCandidates$2
instanceKlass org/jetbrains/kotlin/fir/expressions/builder/FirSmartCastExpressionBuilder
instanceKlass org/jetbrains/kotlin/fir/types/ConeIntegerLiteralIntersector
instanceKlass org/jetbrains/kotlin/fir/resolve/dfa/Operation$WhenMappings
instanceKlass org/jetbrains/kotlin/fir/resolve/dfa/UtilKt$WhenMappings
instanceKlass org/jetbrains/kotlin/fir/resolve/dfa/UtilKt
instanceKlass org/jetbrains/kotlin/fir/resolve/dfa/FirLocalVariableAssignmentAnalyzer$Companion$Fork
instanceKlass org/jetbrains/kotlin/fir/resolve/dfa/FirLocalVariableAssignmentAnalyzer$Companion$MiniFlow$Companion
instanceKlass org/jetbrains/kotlin/fir/resolve/dfa/FirLocalVariableAssignmentAnalyzer$Companion$MiniFlow
instanceKlass org/jetbrains/kotlin/fir/resolve/dfa/FirLocalVariableAssignmentAnalyzer$Companion$MiniCfgBuilder$MiniCfgData
instanceKlass org/jetbrains/kotlin/fir/expressions/impl/FirAnnotationArgumentMappingImplKt
instanceKlass org/jetbrains/kotlin/fir/ScopeUtilsKt
instanceKlass org/jetbrains/kotlin/fir/FirEvaluatorResult
instanceKlass org/jetbrains/kotlin/fir/expressions/FirExpressionEvaluatorKt
instanceKlass org/jetbrains/kotlin/fir/expressions/FirConstCheckVisitor$Companion
instanceKlass org/jetbrains/kotlin/fir/expressions/FirConstChecksKt
instanceKlass org/jetbrains/kotlin/fir/expressions/FirExpressionEvaluator
instanceKlass org/jetbrains/kotlin/utils/SmartList$1
instanceKlass org/jetbrains/kotlin/fir/expressions/builder/FirSamConversionExpressionBuilder
instanceKlass org/jetbrains/kotlin/fir/scopes/impl/FirNestedClassifierScopeKt
instanceKlass org/jetbrains/kotlin/fir/resolve/substitution/ChainedSubstitutor$Companion
instanceKlass org/jetbrains/kotlin/fir/resolve/ImplicitValueStorageKt
instanceKlass org/jetbrains/kotlin/utils/SmartSet$SingletonIterator
instanceKlass org/jetbrains/kotlin/fir/resolve/TypeAttributeUtilsKt
instanceKlass org/jetbrains/kotlin/fir/contracts/builder/FirEffectDeclarationBuilder
instanceKlass org/jetbrains/kotlin/fir/contracts/ContractUtilsKt
instanceKlass org/jetbrains/kotlin/fir/contracts/builder/FirResolvedContractDescriptionBuilder
instanceKlass org/jetbrains/kotlin/contracts/description/KtEffectDeclaration
instanceKlass org/jetbrains/kotlin/contracts/description/EventOccurrencesRange$Companion
instanceKlass org/jetbrains/kotlin/contracts/description/KtValueParameterReference
instanceKlass org/jetbrains/kotlin/contracts/description/KtContractDescriptionValue
instanceKlass org/jetbrains/kotlin/contracts/description/KtContractDescriptionElement
instanceKlass org/jetbrains/kotlin/serialization/deserialization/ProtoBufContractDeserializer$WhenMappings
instanceKlass org/jetbrains/kotlin/load/java/structure/JavaTypesKt
instanceKlass org/jetbrains/kotlin/fir/expressions/builder/FirImplicitInvokeCallBuilder
instanceKlass org/jetbrains/kotlin/fir/resolve/calls/tower/FirInvokeResolveTowerExtensionKt
instanceKlass org/jetbrains/kotlin/fir/resolve/inference/FirCallCompleterKt
instanceKlass org/jetbrains/kotlin/kotlinx/collections/immutable/internal/DeltaCounter
instanceKlass org/jetbrains/kotlin/fir/types/ConeInferenceContext$WhenMappings
instanceKlass org/jetbrains/kotlin/resolve/calls/inference/components/ConstraintIncorporatorKt
instanceKlass org/jetbrains/kotlin/resolve/calls/inference/components/ConstraintIncorporator$WhenMappings
instanceKlass org/jetbrains/kotlin/fir/declarations/builder/FirErrorFunctionBuilder
instanceKlass org/jetbrains/kotlin/fir/symbols/impl/FirErrorCallableSymbol
instanceKlass org/jetbrains/kotlin/fir/resolve/calls/candidate/ErrorCandidateUtilsKt
instanceKlass org/jetbrains/kotlin/fir/resolve/diagnostics/ConeUnresolvedNameError
instanceKlass org/jetbrains/kotlin/fir/resolve/diagnostics/ConeUnresolvedError
instanceKlass org/jetbrains/kotlin/fir/resolve/inference/ReturnArgumentsAnalysisResult
instanceKlass org/jetbrains/kotlin/fir/resolve/dfa/cfg/FirAnonymousFunctionReturnExpressionInfo
instanceKlass org/jetbrains/kotlin/fir/resolve/dfa/cfg/CapturedByValue
instanceKlass org/jetbrains/kotlin/contracts/description/EventOccurrencesRangeKt
instanceKlass org/jetbrains/kotlin/fir/resolve/inference/CalculatorForNestedCall$FixationDirectionForVariable
instanceKlass org/jetbrains/kotlin/fir/resolve/inference/CalculatorForNestedCall$WhenMappings
instanceKlass org/jetbrains/kotlin/fir/resolve/inference/CalculatorForNestedCall
instanceKlass org/jetbrains/kotlin/fir/resolve/inference/InferenceUtilsKt
instanceKlass org/jetbrains/kotlin/fir/resolve/calls/stages/ReceiverDescription
instanceKlass kotlin/jvm/internal/ShortCompanionObject
instanceKlass kotlin/jvm/internal/ByteCompanionObject
instanceKlass java/lang/Byte$ByteCache
instanceKlass org/jetbrains/kotlin/fir/resolve/calls/SuperCallsKt
instanceKlass org/jetbrains/kotlin/fir/resolve/dfa/Implication
instanceKlass org/jetbrains/kotlin/fir/types/InferenceUtilsKt
instanceKlass org/jetbrains/kotlin/resolve/calls/inference/model/ConstraintSystemError
instanceKlass org/jetbrains/kotlin/resolve/calls/inference/model/NewConstraintMismatch
instanceKlass org/jetbrains/kotlin/name/StandardClassIds$Collections
instanceKlass org/jetbrains/kotlin/fir/types/ConeFlexibleTypeBoundsChecker
instanceKlass org/jetbrains/kotlin/fir/resolve/SAMInfo
instanceKlass org/jetbrains/kotlin/fir/declarations/FirDeprecationInfo
instanceKlass org/jetbrains/kotlin/fir/resolve/dfa/cfg/ControlFlowGraphBuilder$exitClass$$inlined$sortedBy$1
instanceKlass org/jetbrains/kotlin/fir/resolve/dfa/FirControlFlowGraphReferenceImplKt
instanceKlass org/jetbrains/kotlin/fir/types/ConeTypeIntersector
instanceKlass org/jetbrains/kotlin/kotlinx/collections/immutable/implementations/persistentOrderedSet/PersistentOrderedSetIterator
instanceKlass org/jetbrains/kotlin/kotlinx/collections/immutable/implementations/immutableMap/TrieNodeBaseIterator
instanceKlass org/jetbrains/kotlin/kotlinx/collections/immutable/implementations/immutableMap/PersistentHashMapBaseIterator
instanceKlass org/jetbrains/kotlin/fir/java/scopes/JavaClassUseSiteMemberScope$doesOverrideRenamedBuiltins$$inlined$collectMembersGroupedByScope$1
instanceKlass org/jetbrains/kotlin/fir/java/scopes/BuiltinMethodsWithDifferentJvmName
instanceKlass org/jetbrains/kotlin/fir/java/scopes/JavaScopeUtilsKt$firstOverriddenCallable$1
instanceKlass org/jetbrains/kotlin/fir/java/scopes/JavaScopeUtilsKt
instanceKlass org/jetbrains/kotlin/fir/scopes/FirPlatformDeclarationFilter
instanceKlass org/jetbrains/kotlin/fir/scopes/jvm/FirJvmPlatformDeclarationFilter
instanceKlass org/jetbrains/kotlin/fir/resolve/calls/SyntheticsKt
instanceKlass org/jetbrains/kotlin/fir/declarations/synthetic/FirSyntheticPropertyBuilderKt
instanceKlass org/jetbrains/kotlin/fir/declarations/synthetic/FirSyntheticPropertyBuilder
instanceKlass org/jetbrains/kotlin/fir/resolve/calls/FirSyntheticPropertiesScope$GetterCompatibilityResult
instanceKlass org/jetbrains/kotlin/fir/resolve/calls/FirSyntheticPropertiesScope$WhenMappings
instanceKlass org/jetbrains/kotlin/types/AbstractFlexibilityChecker
instanceKlass org/jetbrains/kotlin/resolve/calls/inference/components/ResultTypeResolver$sinkIntegerLiteralTypes$1$containsILT$1
instanceKlass org/jetbrains/kotlin/fir/resolve/transformers/FirSyntheticCallGenerator$special$$inlined$createCache$1
instanceKlass org/jetbrains/kotlin/fir/symbols/SyntheticCallableId
instanceKlass org/jetbrains/kotlin/kotlinx/collections/immutable/PersistentSet$Builder
instanceKlass org/jetbrains/kotlin/fir/resolve/dfa/ModelKt
instanceKlass org/jetbrains/kotlin/fir/resolve/dfa/cfg/EdgeKind$WhenMappings
instanceKlass org/jetbrains/kotlin/fir/visitors/TransformData
instanceKlass org/jetbrains/kotlin/fir/declarations/FirValueParameterKindKt
instanceKlass org/jetbrains/kotlin/fir/resolve/dfa/cfg/Edge$Companion$WhenMappings
instanceKlass org/jetbrains/kotlin/fir/resolve/dfa/FirLocalVariableAssignmentAnalyzer$Companion$VariableAssignments
instanceKlass org/jetbrains/kotlin/fir/resolve/transformers/body/resolve/FirDeclarationsResolveTransformer$transformAnonymousObject$lambda$59$lambda$58$$inlined$withAnonymousObject$1
instanceKlass org/jetbrains/kotlin/fir/resolve/transformers/contracts/FirAbstractContractResolveTransformerDispatcher$FirDeclarationsContractResolveTransformer$transformAnonymousObject$$inlined$withAnonymousObject$1
instanceKlass org/jetbrains/kotlin/fir/resolve/transformers/contracts/FirContractResolveTransformerAdapterKt
instanceKlass org/jetbrains/kotlin/fir/resolve/transformers/body/resolve/FirImplicitBodyResolveKt
instanceKlass org/jetbrains/kotlin/fir/resolve/transformers/FirStatusResolveTransformerKt
instanceKlass org/jetbrains/kotlin/fir/resolve/transformers/FirTypeResolveTransformerKt
instanceKlass org/jetbrains/kotlin/fir/resolve/transformers/plugin/FirCompanionGenerationProcessorKt
instanceKlass org/jetbrains/kotlin/fir/resolve/transformers/plugin/FirCompilerRequiredAnnotationsResolveTransformerKt
instanceKlass org/jetbrains/kotlin/fir/resolve/transformers/body/resolve/LocalClassesNavigationInfo
instanceKlass org/jetbrains/kotlin/fir/resolve/transformers/body/resolve/LocalClassesNavigationKt
instanceKlass org/jetbrains/kotlin/fir/resolve/transformers/body/resolve/LocalClassesResolutionKt
instanceKlass org/jetbrains/kotlin/fir/types/ConeIntegerLiteralTypeExtensions
instanceKlass kotlin/ranges/LongRange$Companion
instanceKlass kotlin/ranges/LongProgression$Companion
instanceKlass kotlin/ranges/LongProgression
instanceKlass org/jetbrains/kotlin/fir/types/ConeIntegerLiteralConstantTypeImpl$Companion
instanceKlass org/jetbrains/kotlin/fir/types/ConeIntegerLiteralType$Companion
instanceKlass org/jetbrains/kotlin/fir/resolve/TypeExpansionUtilsKt$createParametersSubstitutor$1$WhenMappings
instanceKlass org/jetbrains/kotlin/fir/types/ConeTypesKt
instanceKlass org/jetbrains/kotlin/resolve/calls/results/TypeWithConversion
instanceKlass org/jetbrains/kotlin/resolve/calls/results/FlatSignatureKt
instanceKlass org/jetbrains/kotlin/fir/resolve/calls/overloads/ConeSimpleConstraintSystemImpl
instanceKlass org/jetbrains/kotlin/resolve/calls/results/SimpleConstraintSystem
instanceKlass org/jetbrains/kotlin/resolve/calls/results/FlatSignature$Companion
instanceKlass org/jetbrains/kotlin/resolve/calls/results/FlatSignature
instanceKlass org/jetbrains/kotlin/fir/resolve/calls/overloads/ConeOverloadConflictResolver$DiscriminationFlags
instanceKlass org/jetbrains/kotlin/fir/resolve/calls/jvm/ConeEquivalentCallConflictResolver$filterOutEquivalentCalls$$inlined$sortedBy$1
instanceKlass org/jetbrains/kotlin/fir/declarations/ExpectActualAttributesKt
instanceKlass org/jetbrains/kotlin/fir/resolve/FirDefaultParametersResolverKt
instanceKlass org/jetbrains/kotlin/fir/resolve/calls/tower/TowerLevelsKt
instanceKlass org/jetbrains/kotlin/fir/resolve/FirSamResolver$SamConversionInfo
instanceKlass org/jetbrains/kotlin/fir/scopes/impl/TypeAliasConstructorsSubstitutingScopeKt
instanceKlass org/jetbrains/kotlin/fir/resolve/calls/ConstructorProcessingKt$WhenMappings
instanceKlass org/jetbrains/kotlin/fir/resolve/calls/ConstructorFilter$WhenMappings
instanceKlass org/jetbrains/kotlin/types/AbstractTypeApproximator$WhenMappings
instanceKlass org/jetbrains/kotlin/fir/extensions/FirExpressionResolutionExtensionKt
instanceKlass org/jetbrains/kotlin/fir/resolve/transformers/body/resolve/FirExpressionsResolveTransformerKt
instanceKlass org/jetbrains/kotlin/fir/resolve/transformers/ExpectedArgumentType
instanceKlass org/jetbrains/kotlin/fir/resolve/transformers/FirCallCompletionResultsWriterTransformer$ResultingArgumentsMapping
instanceKlass org/jetbrains/kotlin/fir/types/ConeIntegerLiteralTypeImplKt
instanceKlass org/jetbrains/kotlin/fir/resolve/transformers/IntegerLiteralAndOperatorApproximationTransformer$Companion
instanceKlass org/jetbrains/kotlin/fir/symbols/FirBasedSymbolKt
instanceKlass org/jetbrains/kotlin/resolve/calls/NewCommonSuperTypeCalculator
instanceKlass org/jetbrains/kotlin/resolve/calls/inference/components/ResultTypeResolver$sinkIntegerLiteralTypes$$inlined$sortedBy$1
instanceKlass org/jetbrains/kotlin/resolve/calls/inference/components/VariableFixationFinder$VariableForFixation
instanceKlass org/jetbrains/kotlin/resolve/calls/inference/components/VariableFixationFinder$WhenMappings
instanceKlass org/jetbrains/kotlin/types/model/TypeSystemContextHelpersKt
instanceKlass org/jetbrains/kotlin/resolve/calls/inference/components/TypeVariableDependencyInformationProvider
instanceKlass org/jetbrains/kotlin/resolve/calls/model/PostponedCallableReferenceMarker
instanceKlass org/jetbrains/kotlin/resolve/calls/model/LambdaWithTypeVariableAsExpectedTypeMarker
instanceKlass org/jetbrains/kotlin/resolve/calls/model/PostponedAtomWithRevisableExpectedType
instanceKlass org/jetbrains/kotlin/fir/resolve/calls/candidate/Context
instanceKlass org/jetbrains/kotlin/fir/resolve/calls/candidate/CandidateTraversalKt
instanceKlass org/jetbrains/kotlin/resolve/calls/model/PostponedResolvedAtomMarker
instanceKlass org/jetbrains/kotlin/fir/resolve/inference/ConstraintSystemCompleter$PostponedAtomAnalyzer
instanceKlass org/jetbrains/kotlin/fir/resolve/inference/FirCallCompleter$WhenMappings
instanceKlass org/jetbrains/kotlin/fir/resolve/inference/PostponedArgumentsAnalyzer
instanceKlass org/jetbrains/kotlin/fir/resolve/inference/FirCallCompleter$LambdaAnalyzerImpl
instanceKlass org/jetbrains/kotlin/fir/resolve/inference/LambdaAnalyzer
instanceKlass org/jetbrains/kotlin/fir/resolve/inference/CompletionModeCalculatorKt
instanceKlass org/jetbrains/kotlin/fir/resolve/substitution/ConeTypeSubstitutorByTypeConstructorKt
instanceKlass org/jetbrains/kotlin/fir/resolve/inference/ConstraintSystemCompleter$Companion
instanceKlass org/jetbrains/kotlin/fir/resolve/inference/ConstraintSystemCompleter
instanceKlass org/jetbrains/kotlin/resolve/calls/inference/model/MutableVariableWithConstraints$WhenMappings
instanceKlass org/jetbrains/kotlin/resolve/calls/inference/components/VariableFixationFinderKt
instanceKlass org/jetbrains/kotlin/resolve/calls/inference/InferenceUtilsKt
instanceKlass org/jetbrains/kotlin/types/model/MarkerExtensionsKt
instanceKlass org/jetbrains/kotlin/resolve/calls/inference/model/Constraint
instanceKlass org/jetbrains/kotlin/resolve/calls/inference/components/ConstraintContext
instanceKlass org/jetbrains/kotlin/resolve/calls/inference/components/ConstraintIncorporator$Context
instanceKlass org/jetbrains/kotlin/resolve/calls/inference/model/InitialConstraint
instanceKlass org/jetbrains/kotlin/resolve/calls/inference/ConstraintSystemBuilderKt$WhenMappings
instanceKlass org/jetbrains/kotlin/resolve/calls/inference/ConstraintSystemTransaction
instanceKlass org/jetbrains/kotlin/resolve/calls/inference/ConstraintSystemBuilderKt
instanceKlass org/jetbrains/kotlin/fir/resolve/inference/ConstraintSystemCompleterKt
instanceKlass org/jetbrains/kotlin/fir/resolve/calls/stages/ArgumentCheckingProcessor$ArgumentContext
instanceKlass org/jetbrains/kotlin/resolve/calls/inference/model/OnlyInputTypeConstraintPosition
instanceKlass org/jetbrains/kotlin/resolve/calls/inference/model/ConstraintPosition
instanceKlass org/jetbrains/kotlin/fir/resolve/calls/stages/ArgumentCheckingProcessor
instanceKlass org/jetbrains/kotlin/fir/resolve/FirSamConversionTransformerExtensionKt
instanceKlass org/jetbrains/kotlin/fir/resolve/SamResolutionKt
instanceKlass org/jetbrains/kotlin/fir/resolve/calls/ArgumentUtilsKt
instanceKlass org/jetbrains/kotlin/fir/resolve/calls/stages/CheckArgumentsKt
instanceKlass org/jetbrains/kotlin/resolve/calls/inference/model/MutableVariableWithConstraints
instanceKlass org/jetbrains/kotlin/resolve/calls/inference/model/VariableWithConstraints
instanceKlass org/jetbrains/kotlin/fir/types/ConeTypeVariable
instanceKlass org/jetbrains/kotlin/types/model/TypeVariableMarker
instanceKlass org/jetbrains/kotlin/fir/resolve/calls/stages/CreateFreshTypeVariableSubstitutorStageKt
instanceKlass org/jetbrains/kotlin/fir/resolve/calls/ResolvedCallArgument
instanceKlass org/jetbrains/kotlin/fir/resolve/calls/stages/FirCallArgumentsProcessor
instanceKlass org/jetbrains/kotlin/fir/resolve/calls/stages/ArgumentMapping
instanceKlass org/jetbrains/kotlin/fir/resolve/calls/stages/FirArgumentsToParametersMapperKt
instanceKlass org/jetbrains/kotlin/fir/scopes/impl/FirIntegerConstantOperatorScopeKt
instanceKlass kotlin/jvm/internal/Intrinsics$Kotlin
instanceKlass org/jetbrains/kotlin/fir/resolve/calls/ConstructorProcessingKt
instanceKlass org/jetbrains/kotlin/fir/resolve/calls/tower/FirInvokeResolveTowerExtension$enqueueInvokeReceiverTask$invokeReceiverProcessor$1
instanceKlass org/jetbrains/kotlin/fir/declarations/FirResolvePhaseKt$WhenMappings
instanceKlass org/jetbrains/kotlin/fir/declarations/FirResolvePhaseKt
instanceKlass org/jetbrains/kotlin/fir/resolve/transformers/FirCallCompletionResultsWriterTransformerKt
instanceKlass org/jetbrains/kotlin/fir/java/enhancement/FirDelegatedJavaAnnotationList
instanceKlass org/jetbrains/kotlin/fir/resolve/calls/QualifierReceiver
instanceKlass org/jetbrains/kotlin/fir/resolve/calls/QualifierReceiverKt
instanceKlass org/jetbrains/kotlin/fir/resolve/QualifierResolutionResult
instanceKlass org/jetbrains/kotlin/fir/resolve/QualifiedNameResolutionKt$getUnambiguousCandidate$$inlined$processClassifiersByName$1
instanceKlass org/jetbrains/kotlin/fir/resolve/BodyResolveComponentsKt
instanceKlass org/jetbrains/kotlin/fir/resolve/QualifiedNameResolutionKt
instanceKlass org/jetbrains/kotlin/fir/resolve/calls/ResolutionDiagnosticKt
instanceKlass org/jetbrains/kotlin/fir/resolve/calls/candidate/CandidateFactoryKt
instanceKlass org/jetbrains/kotlin/fir/resolve/inference/FirDelegatedPropertyInferenceSessionKt
instanceKlass org/jetbrains/kotlin/fir/resolve/calls/stages/TypeArgumentMapping
instanceKlass org/jetbrains/kotlin/fir/symbols/SyntheticSymbol
instanceKlass org/jetbrains/kotlin/fir/resolve/calls/VisibilityUtilsKt
instanceKlass org/jetbrains/kotlin/fir/resolve/calls/stages/ResolutionStageRunner$processCandidate$2
instanceKlass org/jetbrains/kotlin/fir/resolve/calls/candidate/CheckerSink
instanceKlass org/jetbrains/kotlin/fir/resolve/calls/ResolutionDiagnostic
instanceKlass org/jetbrains/kotlin/fir/resolve/calls/candidate/CandidateFactory$WhenMappings
instanceKlass org/jetbrains/kotlin/fir/resolve/calls/ConeResolutionAtom$Companion
instanceKlass org/jetbrains/kotlin/fir/resolve/calls/AbstractConeResolutionAtom
instanceKlass org/jetbrains/kotlin/fir/resolve/calls/ExpressionReceiverValue
instanceKlass org/jetbrains/kotlin/fir/expressions/builder/FirResolvedQualifierBuilder
instanceKlass org/jetbrains/kotlin/fir/expressions/builder/FirAbstractResolvedQualifierBuilder
instanceKlass org/jetbrains/kotlin/fir/resolve/calls/tower/ScopeBasedTowerLevel$processObjectsByName$$inlined$processClassifiersByName$1
instanceKlass org/jetbrains/kotlin/fir/resolve/providers/FirCachedSymbolNamesProvider$topLevelCallableNamesByPackage_delegate$lambda$7$$inlined$createCache$1
instanceKlass kotlin/coroutines/jvm/internal/Boxing
instanceKlass org/jetbrains/kotlin/fir/resolve/calls/FirSyntheticNamesProviderKt
instanceKlass org/jetbrains/kotlin/resolve/descriptorUtil/AnnotationsForResolveKt
instanceKlass org/jetbrains/kotlin/fir/resolve/calls/stages/ResolutionStagesKt
instanceKlass org/jetbrains/kotlin/fir/resolve/calls/FirSyntheticPropertiesScope$Companion
instanceKlass org/jetbrains/kotlin/fir/resolve/calls/tower/DispatchReceiverMemberScopeTowerLevel$processMembers$$inlined$processCandidates$1
instanceKlass org/jetbrains/kotlin/fir/resolve/calls/FirReceiversKt
instanceKlass org/jetbrains/kotlin/fir/resolve/calls/tower/TowerLevelProcessor
instanceKlass org/jetbrains/kotlin/fir/resolve/calls/tower/TowerLevel
instanceKlass org/jetbrains/kotlin/resolve/calls/tower/CandidateApplicabilityKt
instanceKlass org/jetbrains/kotlin/fir/resolve/calls/tower/TowerResolveManager$SuspendedResolverTask
instanceKlass org/jetbrains/kotlin/fir/resolve/calls/tower/TowerResolveManager$enqueueResolverTask$continuation$1
instanceKlass org/jetbrains/kotlin/fir/resolve/calls/tower/TowerLevelHandler
instanceKlass org/jetbrains/kotlin/fir/resolve/calls/tower/TowerDataElementsForName
instanceKlass org/jetbrains/kotlin/fir/resolve/calls/tower/FirBaseTowerResolveTask
instanceKlass org/jetbrains/kotlin/fir/resolve/calls/tower/FirInvokeResolveTowerExtension
instanceKlass org/jetbrains/kotlin/fir/resolve/calls/tower/CandidateFactoriesAndCollectors
instanceKlass org/jetbrains/kotlin/resolve/calls/inference/model/MutableConstraintStorage
instanceKlass org/jetbrains/kotlin/resolve/calls/inference/model/ConstraintStorage
instanceKlass org/jetbrains/kotlin/resolve/calls/inference/components/ConstraintSystemCompletionContext
instanceKlass org/jetbrains/kotlin/resolve/calls/inference/components/VariableFixationFinder$Context
instanceKlass org/jetbrains/kotlin/resolve/calls/inference/components/ResultTypeResolver$Context
instanceKlass org/jetbrains/kotlin/resolve/calls/inference/components/ConstraintInjector$Context
instanceKlass org/jetbrains/kotlin/resolve/calls/inference/NewConstraintSystem
instanceKlass org/jetbrains/kotlin/resolve/calls/inference/ConstraintSystemBuilder
instanceKlass org/jetbrains/kotlin/resolve/calls/inference/ConstraintSystemOperation
instanceKlass org/jetbrains/kotlin/resolve/calls/components/PostponedArgumentsAnalyzerContext
instanceKlass org/jetbrains/kotlin/fir/resolve/calls/candidate/CandidateFactory$Companion
instanceKlass org/jetbrains/kotlin/fir/resolve/calls/candidate/CandidateFactory
instanceKlass org/jetbrains/kotlin/fir/resolve/calls/AbstractCallInfo
instanceKlass org/jetbrains/kotlin/fir/resolve/calls/stages/ResolutionStage
instanceKlass org/jetbrains/kotlin/fir/resolve/calls/candidate/CallKind
instanceKlass org/jetbrains/kotlin/fir/resolve/calls/FirCallResolver$ResolutionResult
instanceKlass org/jetbrains/kotlin/fir/resolve/transformers/body/resolve/FirExpressionsResolveTransformer$WhenMappings
instanceKlass org/jetbrains/kotlin/fir/resolve/transformers/InvocationKindTransformerKt
instanceKlass org/jetbrains/kotlin/fir/resolve/dfa/cfg/ControlFlowGraphKt
instanceKlass org/jetbrains/kotlin/util/EmptyArrayMap$iterator$1
instanceKlass org/jetbrains/kotlin/types/TypeApproximatorConfiguration
instanceKlass org/jetbrains/kotlin/fir/resolve/transformers/body/resolve/DeclarationApproximationUtilsKt
instanceKlass org/jetbrains/kotlin/fir/resolve/dfa/cfg/PostponedPath
instanceKlass org/jetbrains/kotlin/fir/resolve/dfa/cfg/CFGNodeKt
instanceKlass org/jetbrains/kotlin/fir/resolve/dfa/cfg/Edge$Companion
instanceKlass org/jetbrains/kotlin/fir/resolve/dfa/cfg/Edge
instanceKlass org/jetbrains/kotlin/fir/resolve/dfa/cfg/NormalPath
instanceKlass org/jetbrains/kotlin/fir/resolve/dfa/cfg/EdgeLabel
instanceKlass org/jetbrains/kotlin/fir/resolve/dfa/cfg/EdgeKind$Companion
instanceKlass org/jetbrains/kotlin/fir/resolve/transformers/body/resolve/BodyResolveUtilsKt
instanceKlass org/jetbrains/kotlin/fir/resolve/ResolutionModeKt
instanceKlass org/jetbrains/kotlin/fir/resolve/dfa/RealVariable$Companion
instanceKlass org/jetbrains/kotlin/fir/resolve/dfa/DataFlowVariable
instanceKlass org/jetbrains/kotlin/kotlinx/collections/immutable/implementations/persistentOrderedMap/PersistentOrderedMapLinksIterator
instanceKlass org/jetbrains/kotlin/kotlinx/collections/immutable/implementations/persistentOrderedMap/PersistentOrderedMapValuesIterator
instanceKlass org/jetbrains/kotlin/kotlinx/collections/immutable/internal/MutabilityOwnership
instanceKlass org/jetbrains/kotlin/kotlinx/collections/immutable/PersistentMap$Builder
instanceKlass org/jetbrains/kotlin/fir/resolve/dfa/FlowKt
instanceKlass org/jetbrains/kotlin/fir/resolve/dfa/Flow
instanceKlass org/jetbrains/kotlin/fir/resolve/dfa/FlowPath
instanceKlass org/jetbrains/kotlin/fir/resolve/dfa/cfg/GraphExitNodeMarker
instanceKlass org/jetbrains/kotlin/fir/resolve/dfa/cfg/CFGNode$Companion
instanceKlass org/jetbrains/kotlin/fir/resolve/dfa/cfg/ControlFlowGraphNodeBuilderKt
instanceKlass org/jetbrains/kotlin/fir/resolve/transformers/body/resolve/ImplicitBodyResolveComputationStatus
instanceKlass org/jetbrains/kotlin/fir/resolve/dfa/Statement
instanceKlass org/jetbrains/kotlin/fir/resolve/dfa/LogicSystem
instanceKlass org/jetbrains/kotlin/fir/resolve/dfa/FirDataFlowAnalyzer$Companion
instanceKlass org/jetbrains/kotlin/utils/DFS$VisitedWithSet
instanceKlass org/jetbrains/kotlin/utils/DFS$Visited
instanceKlass org/jetbrains/kotlin/utils/DFS
instanceKlass org/jetbrains/kotlin/utils/DFS$AbstractNodeHandler
instanceKlass org/jetbrains/kotlin/utils/DFS$NodeHandler
instanceKlass org/jetbrains/kotlin/utils/DFS$Neighbors
instanceKlass org/jetbrains/kotlin/fir/util/PersistentMultimap
instanceKlass org/jetbrains/kotlin/kotlinx/collections/immutable/implementations/persistentOrderedSet/Links
instanceKlass org/jetbrains/kotlin/kotlinx/collections/immutable/implementations/persistentOrderedSet/PersistentOrderedSet$Companion
instanceKlass java/security/CodeSigner
instanceKlass org/jetbrains/kotlin/kotlinx/collections/immutable/implementations/persistentOrderedMap/LinkedValue
instanceKlass org/jetbrains/kotlin/fir/declarations/TowerElementsForClass
instanceKlass org/jetbrains/kotlin/fir/resolve/calls/ImplicitValue
instanceKlass org/jetbrains/kotlin/fir/resolve/calls/ReceiverValue
instanceKlass org/jetbrains/kotlin/fir/resolve/ResolutionMode$Companion
instanceKlass org/jetbrains/kotlin/fir/resolve/ResolutionMode
instanceKlass org/jetbrains/kotlin/fir/types/ConeDefinitelyNotNullType$Companion
instanceKlass org/jetbrains/kotlin/fir/declarations/builder/FirFieldBuilder
instanceKlass org/jetbrains/kotlin/descriptors/EffectiveVisibility$Protected$WhenMappings
instanceKlass org/jetbrains/kotlin/fir/types/ConeStubTypeConstructor
instanceKlass org/jetbrains/kotlin/fir/resolve/SupertypeUtilsKt$WhenMappings
instanceKlass org/jetbrains/kotlin/fir/symbols/impl/FirCallableSymbolKt
instanceKlass org/jetbrains/kotlin/fir/scopes/impl/FirEnumEntriesSupportKt
instanceKlass org/jetbrains/kotlin/fir/declarations/FirDeclarationOriginKt
instanceKlass org/jetbrains/kotlin/fir/symbols/impl/UtilsKt
instanceKlass org/jetbrains/kotlin/fir/scopes/impl/FirClassSubstitutionScope$SubstitutedData
instanceKlass org/jetbrains/kotlin/fir/scopes/impl/FirFakeOverrideGenerator
instanceKlass org/jetbrains/kotlin/fir/scopes/impl/FirSubstitutionOverrideStorage$SubstitutionOverrideCache
instanceKlass org/jetbrains/kotlin/fir/scopes/impl/FirClassSubstitutionScopeKt
instanceKlass org/jetbrains/kotlin/util/OneElementArrayMap$iterator$1
instanceKlass org/jetbrains/kotlin/fir/types/CompilerConeAttributesKt
instanceKlass org/jetbrains/kotlin/fir/java/enhancement/JavaTypeUtilsKt$WhenMappings
instanceKlass org/jetbrains/kotlin/fir/java/scopes/BuiltinMethodsWithSpecialGenericSignature
instanceKlass org/jetbrains/kotlin/fir/java/enhancement/InheritedKtPrivateClassDataKeyKt
instanceKlass org/jetbrains/kotlin/fir/declarations/CheckResult
instanceKlass org/jetbrains/kotlin/fir/declarations/Checks$Returns
instanceKlass org/jetbrains/kotlin/fir/declarations/Checks$ValueParametersCount
instanceKlass org/jetbrains/kotlin/fir/declarations/Checks
instanceKlass org/jetbrains/kotlin/fir/declarations/Check
instanceKlass org/jetbrains/kotlin/fir/declarations/OperatorFunctionChecks
instanceKlass org/jetbrains/kotlin/fir/java/enhancement/FirSignatureEnhancement$TypeInSignature
instanceKlass org/jetbrains/kotlin/fir/scopes/FirTypeScopeKt$getDirectOverriddenFunctions$$inlined$processDirectlyOverriddenFunctions$1
instanceKlass org/jetbrains/kotlin/load/java/typeEnhancement/PredefinedFunctionEnhancementInfo
instanceKlass org/jetbrains/kotlin/load/java/typeEnhancement/SignatureEnhancementBuilder$ClassEnhancementBuilder$FunctionEnhancementBuilder
instanceKlass org/jetbrains/kotlin/load/java/typeEnhancement/SignatureEnhancementBuilder$ClassEnhancementBuilder
instanceKlass org/jetbrains/kotlin/load/java/typeEnhancement/SignatureEnhancementBuilder
instanceKlass org/jetbrains/kotlin/load/java/typeEnhancement/PredefinedEnhancementInfoKt
instanceKlass org/jetbrains/kotlin/load/kotlin/SignatureBuildingComponentsKt
instanceKlass org/jetbrains/kotlin/fir/scopes/jvm/SignatureUtilsKt
instanceKlass org/jetbrains/kotlin/fir/java/scopes/JavaClassUseSiteMemberScope$collectFunctions$$inlined$collectMembersGroupedByScope$1
instanceKlass org/jetbrains/kotlin/load/java/PropertiesConventionUtilKt
instanceKlass org/jetbrains/kotlin/fir/symbols/impl/FirIntersectionCallableSymbol
instanceKlass org/jetbrains/kotlin/fir/scopes/FirOverrideService$MemberWithBaseScopeAndReturnType
instanceKlass org/jetbrains/kotlin/fir/scopes/FirTypeScopeKt
instanceKlass org/jetbrains/kotlin/load/java/BuiltinSpecialPropertiesKt
instanceKlass org/jetbrains/kotlin/load/java/BuiltinSpecialProperties
instanceKlass org/jetbrains/kotlin/fir/analysis/checkers/FirHelpersKt
instanceKlass org/jetbrains/kotlin/fir/java/SyntheticPropertiesCacheKey
instanceKlass org/jetbrains/kotlin/fir/java/scopes/JavaClassUseSiteMemberScope$collectProperties$$inlined$collectIntersectionResultsForCallables$1
instanceKlass org/jetbrains/kotlin/resolve/DataClassResolver
instanceKlass org/jetbrains/kotlin/fir/scopes/impl/FirSynthesizedStorage$SynthesizedCache
instanceKlass org/jetbrains/kotlin/fir/scopes/impl/FirClassAnySynthesizedMemberScopeKt
instanceKlass org/jetbrains/kotlin/fir/scopes/impl/FirClassAnySynthesizedMemberScope$Companion
instanceKlass org/jetbrains/kotlin/types/AbstractTypeChecker$WhenMappings
instanceKlass org/jetbrains/kotlin/fir/types/ConeTypeContext$WhenMappings
instanceKlass org/jetbrains/kotlin/fir/types/FirCorrespondingSupertypesCacheKt
instanceKlass org/jetbrains/kotlin/fir/types/ConeTypeVariableTypeConstructor
instanceKlass org/jetbrains/kotlin/types/model/TypeVariableTypeConstructorMarker
instanceKlass org/jetbrains/kotlin/fir/types/ConeCapturedTypeConstructor
instanceKlass org/jetbrains/kotlin/types/model/CapturedTypeConstructorMarker
instanceKlass org/jetbrains/kotlin/types/TypeCheckerState$SupertypesPolicy
instanceKlass org/jetbrains/kotlin/types/AbstractNullabilityChecker
instanceKlass org/jetbrains/kotlin/types/model/IntersectionTypeConstructorMarker
instanceKlass org/jetbrains/kotlin/types/model/CapturedTypeMarker
instanceKlass org/jetbrains/kotlin/types/model/StubTypeMarker
instanceKlass org/jetbrains/kotlin/types/AbstractTypeRefiner
instanceKlass org/jetbrains/kotlin/types/AbstractTypePreparator
instanceKlass org/jetbrains/kotlin/types/AbstractTypeChecker
instanceKlass org/jetbrains/kotlin/fir/resolve/transformers/PhaseUtilsKt
instanceKlass org/jetbrains/kotlin/fir/scopes/ProcessorAction$WhenMappings
instanceKlass org/jetbrains/kotlin/fir/scopes/impl/AbstractFirOverrideScopeKt
instanceKlass org/jetbrains/kotlin/descriptors/Visibilities
instanceKlass org/jetbrains/kotlin/fir/scopes/impl/FirAbstractOverrideCheckerKt
instanceKlass org/jetbrains/kotlin/fir/scopes/MemberWithBaseScope
instanceKlass org/jetbrains/kotlin/fir/scopes/impl/FirTypeIntersectionScopeContext$ResultOfIntersection
instanceKlass org/jetbrains/kotlin/fir/scopes/impl/FirTypeIntersectionScopeContext$collectMembersGroupedByScope$1$1
instanceKlass org/jetbrains/kotlin/fir/scopes/impl/FirGeneratedClassDeclaredMemberScope$Companion
instanceKlass org/jetbrains/kotlin/fir/resolve/transformers/FirStatusResolverKt
instanceKlass org/jetbrains/kotlin/fir/resolve/transformers/DesignationState$Companion
instanceKlass org/jetbrains/kotlin/fir/resolve/transformers/DesignationState
instanceKlass org/jetbrains/kotlin/fir/resolve/substitution/SubstitutionUtilitiesKt
instanceKlass org/jetbrains/kotlin/descriptors/ValueClassRepresentation
instanceKlass kotlin/jvm/internal/LongCompanionObject
instanceKlass org/jetbrains/kotlin/fir/references/FirReferenceUtilsKt
instanceKlass org/jetbrains/kotlin/fir/expressions/ReferenceUtilsKt
instanceKlass java/util/RegularEnumSet$EnumSetIterator
instanceKlass org/jetbrains/kotlin/fir/expressions/builder/FirVarargArgumentsExpressionBuilder
instanceKlass org/jetbrains/kotlin/fir/extensions/FirTypeAttributeExtensionKt
instanceKlass org/jetbrains/kotlin/fir/scopes/FirPlatformClassMapperKt
instanceKlass org/jetbrains/kotlin/fir/declarations/AnnotationTargetUtilsKt
instanceKlass kotlin/jvm/internal/IntCompanionObject
instanceKlass kotlin/jvm/internal/FloatCompanionObject
instanceKlass org/jetbrains/kotlin/fir/resolve/transformers/FirTypeResolveTransformer$WhenMappings
instanceKlass kotlin/jvm/internal/DoubleCompanionObject
instanceKlass org/jetbrains/kotlin/fir/scopes/jvm/JvmMappedScope$FirMappedSymbolStorage$MappedSymbolsCache
instanceKlass org/jetbrains/kotlin/fir/scopes/jvm/JvmMappedScopeKt
instanceKlass org/jetbrains/kotlin/fir/scopes/jvm/JvmMappedScope$Companion
instanceKlass org/jetbrains/kotlin/fir/java/FirSyntheticPropertiesStorage$cacheByOwner$1$1
instanceKlass org/jetbrains/kotlin/fir/java/FirSyntheticPropertiesStorageKt
instanceKlass org/jetbrains/kotlin/fir/scopes/impl/FirIntersectionOverrideStorage$cacheByScope$1$1
instanceKlass org/jetbrains/kotlin/fir/scopes/impl/FirTypeIntersectionScopeContextKt
instanceKlass org/jetbrains/kotlin/fir/scopes/FirOverrideServiceKt
instanceKlass org/jetbrains/kotlin/fir/scopes/impl/FirTypeIntersectionScopeContext
instanceKlass org/jetbrains/kotlin/fir/scopes/PlatformSpecificOverridabilityRulesKt
instanceKlass org/jetbrains/kotlin/fir/scopes/FirIntersectionScopeOverrideChecker
instanceKlass org/jetbrains/kotlin/fir/java/JavaScopeProviderKt
instanceKlass org/jetbrains/kotlin/fir/scopes/FirKotlinScopeProviderKt
instanceKlass org/jetbrains/kotlin/fir/types/ParameterNameTypeAttribute$Companion
instanceKlass org/jetbrains/kotlin/fir/types/CompilerConeAttributes$ContextFunctionTypeParams$Companion
instanceKlass org/jetbrains/kotlin/fir/resolve/transformers/TransformUtilsKt
instanceKlass org/jetbrains/kotlin/fir/expressions/builder/FirClassReferenceExpressionBuilder
instanceKlass org/jetbrains/kotlin/resolve/constants/ClassLiteralValue
instanceKlass kotlin/InitializedLazyImpl
instanceKlass org/jetbrains/kotlin/fir/declarations/SealedClassInheritorsKt$setSealedClassInheritors$$inlined$sortedBy$1
instanceKlass org/jetbrains/kotlin/fir/declarations/SealedClassInheritorsKt
instanceKlass java/util/EnumMap$EntryIterator$Entry
instanceKlass java/util/EnumMap$EnumMapIterator
instanceKlass org/jetbrains/kotlin/fir/declarations/EnumValueArgumentInfo
instanceKlass org/jetbrains/kotlin/fir/java/JavaTypeConversionKt$WhenMappings
instanceKlass org/jetbrains/kotlin/fir/java/declarations/FirJavaValueParameterBuilder
instanceKlass org/jetbrains/kotlin/fir/java/declarations/FirJavaMethodBuilder
instanceKlass org/jetbrains/kotlin/load/java/structure/JavaLoadingKt
instanceKlass org/jetbrains/kotlin/fir/java/ValueParametersForAnnotationConstructor
instanceKlass java/util/ArrayList$SubList$1
instanceKlass io/vavr/control/Option$None
instanceKlass org/jetbrains/kotlin/fir/java/enhancement/FirSignatureEnhancement$enhanceTypeParameterBoundsSecondRound$$inlined$enhanceTypeParameterBounds$1
instanceKlass org/jetbrains/kotlin/types/model/TypeSystemContextKt$WhenMappings
instanceKlass org/jetbrains/kotlin/types/model/TypeSystemContextKt
instanceKlass org/jetbrains/kotlin/fir/java/enhancement/EnhancedTypeForWarningAttributeKt
instanceKlass org/jetbrains/kotlin/fir/java/enhancement/FirSignatureEnhancement$enhanceTypeParameterBoundsSecondRound$lambda$38$$inlined$replaceEnhancedBounds$2
instanceKlass org/jetbrains/kotlin/fir/java/deserialization/AnnotationsLoader$AnnotationsLoaderVisitorImpl$visitAnnotation$1
instanceKlass org/jetbrains/kotlin/fir/java/enhancement/FirSignatureEnhancement$enhanceTypeParameterBoundsSecondRound$lambda$38$$inlined$replaceEnhancedBounds$1
instanceKlass org/jetbrains/kotlin/types/AbstractStrictEqualityTypeChecker
instanceKlass org/jetbrains/kotlin/fir/diagnostics/ConeRecursiveTypeParameterDuringErasureError
instanceKlass org/jetbrains/kotlin/fir/java/enhancement/FirSignatureEnhancement$enhanceTypeParameterBoundsFirstRound$$inlined$enhanceTypeParameterBounds$1
instanceKlass org/jetbrains/kotlin/fir/types/ConeRawType$Companion
instanceKlass org/jetbrains/kotlin/fir/java/declarations/FirJavaTypeParameterBuilder
instanceKlass org/jetbrains/kotlin/fir/scopes/FirScopeKt$processClassifiersByName$1
instanceKlass org/jetbrains/kotlin/fir/scopes/FirScopeKt
instanceKlass kotlin/jvm/internal/StringCompanionObject
instanceKlass org/jetbrains/kotlin/fir/deserialization/FirConstDeserializerKt
instanceKlass org/jetbrains/kotlin/fir/java/deserialization/FirJvmConstDeserializer$loadConstant$2
instanceKlass org/jetbrains/kotlin/fir/types/ConeBuiltinTypeUtilsKt
instanceKlass org/jetbrains/kotlin/builtins/functions/FunctionTypeKindExtractor$KindWithArity
instanceKlass kotlin/jvm/internal/BooleanCompanionObject
instanceKlass kotlin/jvm/internal/EnumCompanionObject
instanceKlass org/jetbrains/kotlin/fir/expressions/builder/FirExpressionStubBuilder
instanceKlass org/jetbrains/kotlin/fir/declarations/builder/FirConstructedClassTypeParameterRefBuilder
instanceKlass org/jetbrains/kotlin/fir/deserialization/FirTypeDeserializer$WhenMappings
instanceKlass org/jetbrains/kotlin/load/java/structure/JavaEnumValueAnnotationArgument
instanceKlass org/jetbrains/kotlin/load/java/structure/JavaClassObjectAnnotationArgument
instanceKlass org/jetbrains/org/objectweb/asm/TypePath
instanceKlass org/jetbrains/kotlin/load/java/structure/JavaAnnotationAsAnnotationArgument
instanceKlass org/jetbrains/kotlin/load/java/structure/impl/classFiles/BinaryJavaTypeParameter
instanceKlass org/jetbrains/kotlin/load/java/structure/JavaTypeParameter
instanceKlass org/jetbrains/kotlin/load/java/structure/impl/classFiles/BinaryJavaField
instanceKlass org/jetbrains/kotlin/load/java/structure/JavaField
instanceKlass org/jetbrains/kotlin/load/java/structure/impl/classFiles/BinaryJavaClass$WhenMappings
instanceKlass org/jetbrains/kotlin/load/java/typeEnhancement/NullabilityQualifierWithMigrationStatus
instanceKlass org/jetbrains/kotlin/load/java/JavaDefaultQualifiers
instanceKlass org/jetbrains/kotlin/load/java/JvmAnnotationNamesKt
instanceKlass org/jetbrains/kotlin/load/java/JavaDefaultQualifiersKt
instanceKlass org/jetbrains/kotlin/fir/expressions/builder/FirArrayLiteralBuilder
instanceKlass org/jetbrains/kotlin/fir/java/deserialization/AnnotationsLoader$AnnotationsLoaderVisitorImpl$visitArray$1
instanceKlass org/jetbrains/kotlin/fir/expressions/builder/FirEnumEntryDeserializedAccessExpressionBuilder
instanceKlass org/jetbrains/kotlin/fir/java/AnnotationData
instanceKlass org/jetbrains/kotlin/com/intellij/psi/EmptySubstitutor$Holder
instanceKlass org/jetbrains/kotlin/com/intellij/psi/EmptySubstitutor
instanceKlass org/jetbrains/kotlin/com/intellij/psi/infos/CandidateInfo
instanceKlass org/jetbrains/kotlin/com/intellij/psi/impl/compiled/StubBuildingVisitor$MethodInfo
instanceKlass org/jetbrains/kotlin/com/intellij/psi/impl/cache/TypeAnnotationContainer$Collector
instanceKlass org/jetbrains/kotlin/com/intellij/psi/impl/compiled/SignatureParsing
instanceKlass org/jetbrains/kotlin/com/intellij/psi/impl/compiled/SignatureParsing$CharIterator
instanceKlass java/lang/Character$Subset
instanceKlass org/jetbrains/kotlin/com/intellij/util/containers/EmptyIterator
instanceKlass org/jetbrains/kotlin/com/intellij/util/CachedValueLeakChecker
instanceKlass org/jetbrains/kotlin/com/intellij/psi/util/CachedValuesManager$1
instanceKlass org/jetbrains/kotlin/com/intellij/psi/PsiDeclarationStatement
instanceKlass org/jetbrains/kotlin/it/unimi/dsi/fastutil/objects/Object2IntOpenHashMap$MapIterator
instanceKlass org/jetbrains/kotlin/com/intellij/psi/impl/cache/ModifierFlags
instanceKlass org/jetbrains/kotlin/com/intellij/psi/impl/PsiImplUtil
instanceKlass java/util/Collections$SynchronizedCollection
instanceKlass org/jetbrains/kotlin/com/intellij/util/IdempotenceChecker
instanceKlass org/jetbrains/kotlin/com/intellij/psi/impl/compiled/ClsJavaCodeReferenceElementImpl$Resolver
instanceKlass org/jetbrains/kotlin/com/intellij/psi/PsiNameHelper
instanceKlass org/jetbrains/kotlin/com/intellij/lang/jvm/types/JvmArrayType
instanceKlass org/jetbrains/kotlin/com/intellij/psi/impl/cache/TypeAnnotationContainer
instanceKlass org/jetbrains/kotlin/com/intellij/psi/impl/source/resolve/ResolveCache$PolyVariantContextResolver
instanceKlass org/jetbrains/kotlin/com/intellij/psi/PsiReferenceParameterList
instanceKlass org/jetbrains/kotlin/load/java/structure/impl/JavaElementCollectionFromPsiArrayUtil
instanceKlass org/jetbrains/kotlin/com/intellij/psi/PsiAnnotatedJavaCodeReferenceElement
instanceKlass org/jetbrains/kotlin/com/intellij/psi/impl/source/ClassInnerStuffCache
instanceKlass org/jetbrains/kotlin/com/intellij/psi/javadoc/PsiDocComment
instanceKlass org/jetbrains/kotlin/com/intellij/psi/PsiDocCommentBase
instanceKlass org/jetbrains/kotlin/com/intellij/psi/stubs/StubSpine
instanceKlass org/jetbrains/kotlin/com/intellij/psi/impl/source/StubbedSpine
instanceKlass java/util/AbstractList$SubList$1
instanceKlass org/jetbrains/kotlin/com/intellij/psi/stubs/MaterialStubList$1
instanceKlass org/jetbrains/kotlin/com/intellij/psi/stubs/Hash
instanceKlass org/jetbrains/kotlin/com/intellij/psi/stubs/StrippedIntOpenHashMap
instanceKlass org/jetbrains/kotlin/com/intellij/psi/stubs/StubList$2
instanceKlass org/jetbrains/kotlin/com/intellij/util/containers/ConcurrentIntObjectHashMap$CollectionView
instanceKlass org/jetbrains/kotlin/com/intellij/util/containers/ConcurrentIntObjectHashMap$CounterCell
instanceKlass org/jetbrains/kotlin/com/intellij/util/containers/ConcurrentIntObjectHashMap$Node
instanceKlass org/jetbrains/kotlin/com/intellij/util/containers/IntObjectMap$Entry
instanceKlass org/jetbrains/kotlin/com/intellij/util/containers/ConcurrentIntObjectHashMap
instanceKlass org/jetbrains/kotlin/com/intellij/util/Consumer
instanceKlass org/jetbrains/kotlin/com/intellij/util/containers/ContainerUtilRt
instanceKlass org/jetbrains/kotlin/com/intellij/psi/impl/compiled/SignatureParsing$TypeParametersDeclaration
instanceKlass org/jetbrains/kotlin/com/intellij/psi/impl/compiled/StubBuildingVisitor$ClassInfo
instanceKlass java/util/stream/Sink$ChainedReference
instanceKlass java/util/stream/ForEachOps$ForEachOp
instanceKlass java/util/stream/TerminalSink
instanceKlass java/util/stream/ForEachOps
instanceKlass java/util/AbstractMap$SimpleImmutableEntry
instanceKlass org/jetbrains/kotlin/one/util/streamex/StreamContext
instanceKlass java/util/Spliterators$ArraySpliterator
instanceKlass java/util/stream/DoubleStream
instanceKlass java/util/stream/LongStream
instanceKlass java/util/stream/IntStream
instanceKlass org/jetbrains/kotlin/one/util/streamex/Internals$CloneableSpliterator
instanceKlass org/jetbrains/kotlin/one/util/streamex/BaseStreamEx
instanceKlass org/jetbrains/kotlin/it/unimi/dsi/fastutil/objects/Object2IntMap$FastEntrySet
instanceKlass org/jetbrains/kotlin/it/unimi/dsi/fastutil/objects/AbstractObject2IntFunction
instanceKlass org/jetbrains/kotlin/it/unimi/dsi/fastutil/objects/Object2IntMap
instanceKlass org/jetbrains/kotlin/it/unimi/dsi/fastutil/objects/Object2IntFunction
instanceKlass java/util/function/ToIntFunction
instanceKlass org/jetbrains/kotlin/com/intellij/util/BitUtil
instanceKlass org/jetbrains/kotlin/com/intellij/psi/impl/compiled/FirstPassData$ClassEntry
instanceKlass org/jetbrains/kotlin/com/intellij/psi/impl/compiled/FirstPassData
instanceKlass org/jetbrains/org/objectweb/asm/RecordComponentVisitor
instanceKlass org/jetbrains/kotlin/com/intellij/psi/impl/compiled/SignatureParsing$TypeInfoProvider
instanceKlass org/jetbrains/kotlin/com/intellij/psi/PsiEnumConstant
instanceKlass org/jetbrains/kotlin/com/intellij/psi/PsiConstructorCall
instanceKlass org/jetbrains/kotlin/com/intellij/psi/PsiCall
instanceKlass org/jetbrains/kotlin/com/intellij/lang/jvm/JvmEnumField
instanceKlass org/jetbrains/kotlin/com/intellij/psi/impl/compiled/ClsModifierListOwner
instanceKlass org/jetbrains/kotlin/com/intellij/psi/impl/PsiVariableEx
instanceKlass org/jetbrains/kotlin/com/intellij/psi/PsiAnonymousClass
instanceKlass org/jetbrains/kotlin/com/intellij/psi/impl/source/PsiExtensibleClass
instanceKlass org/jetbrains/kotlin/com/intellij/util/containers/UnsignedShortArrayList
instanceKlass org/jetbrains/kotlin/com/intellij/psi/stubs/MostlyUShortIntList
instanceKlass org/jetbrains/kotlin/com/intellij/psi/stubs/StubList$TempState
instanceKlass org/jetbrains/kotlin/com/intellij/psi/impl/java/stubs/StubPsiFactory
instanceKlass org/jetbrains/kotlin/com/intellij/psi/PsiArrayInitializerMemberValue
instanceKlass org/jetbrains/kotlin/com/intellij/psi/impl/compiled/ClsParsingUtil
instanceKlass org/jetbrains/kotlin/com/intellij/psi/stubs/StubBuilderType
instanceKlass org/jetbrains/kotlin/com/intellij/psi/stubs/StubTreeBuilder
instanceKlass org/jetbrains/kotlin/com/intellij/openapi/util/NotNullComputable
instanceKlass org/jetbrains/kotlin/com/intellij/lang/LighterAST
instanceKlass org/jetbrains/kotlin/com/intellij/util/indexing/PsiDependentFileContent
instanceKlass org/jetbrains/kotlin/com/intellij/util/indexing/FileContent
instanceKlass org/jetbrains/kotlin/com/intellij/util/indexing/IndexedFile
instanceKlass org/jetbrains/kotlin/com/intellij/psi/impl/source/BasicJavaElementType$FrontBackTypeTextElementType$1
instanceKlass org/jetbrains/kotlin/com/intellij/lang/java/parser/JavaParserUtil
instanceKlass org/jetbrains/kotlin/com/intellij/lang/jvm/types/JvmWildcardType
instanceKlass org/jetbrains/kotlin/com/intellij/psi/JavaResolveResult
instanceKlass org/jetbrains/kotlin/com/intellij/psi/impl/java/stubs/PsiImportStatementStub
instanceKlass org/jetbrains/kotlin/com/intellij/psi/impl/java/stubs/PsiClassReferenceListStub
instanceKlass org/jetbrains/kotlin/com/intellij/psi/PsiReferenceList
instanceKlass org/jetbrains/kotlin/com/intellij/psi/impl/java/stubs/PsiFieldStub
instanceKlass org/jetbrains/kotlin/com/intellij/psi/impl/java/stubs/PsiMethodStub
instanceKlass org/jetbrains/kotlin/com/intellij/psi/impl/cache/TypeInfo
instanceKlass org/jetbrains/kotlin/com/intellij/psi/impl/java/stubs/PsiClassStub
instanceKlass org/jetbrains/kotlin/com/intellij/psi/impl/java/stubs/PsiPackageAccessibilityStatementStub
instanceKlass org/jetbrains/kotlin/com/intellij/psi/PsiPackageAccessibilityStatement
instanceKlass org/jetbrains/kotlin/com/intellij/psi/PsiRecordHeader
instanceKlass org/jetbrains/kotlin/com/intellij/psi/impl/java/stubs/PsiRecordHeaderStub
instanceKlass org/jetbrains/kotlin/com/intellij/psi/impl/java/stubs/PsiRecordComponentStub
instanceKlass org/jetbrains/kotlin/com/intellij/psi/impl/java/stubs/PsiMemberStub
instanceKlass org/jetbrains/kotlin/com/intellij/psi/PsiRecordComponent
instanceKlass org/jetbrains/kotlin/com/intellij/psi/impl/java/stubs/PsiProvidesStatementStub
instanceKlass org/jetbrains/kotlin/com/intellij/psi/PsiProvidesStatement
instanceKlass org/jetbrains/kotlin/com/intellij/psi/impl/java/stubs/PsiUsesStatementStub
instanceKlass org/jetbrains/kotlin/com/intellij/psi/PsiUsesStatement
instanceKlass org/jetbrains/kotlin/com/intellij/psi/impl/java/stubs/PsiRequiresStatementStub
instanceKlass org/jetbrains/kotlin/com/intellij/psi/PsiRequiresStatement
instanceKlass org/jetbrains/kotlin/com/intellij/psi/PsiStatement
instanceKlass org/jetbrains/kotlin/com/intellij/psi/impl/java/stubs/PsiJavaModuleStub
instanceKlass org/jetbrains/kotlin/com/intellij/psi/PsiJavaModule
instanceKlass org/jetbrains/kotlin/com/intellij/psi/PsiImportList
instanceKlass org/jetbrains/kotlin/com/intellij/psi/impl/java/stubs/PsiImportListStub
instanceKlass org/jetbrains/kotlin/com/intellij/psi/PsiClassInitializer
instanceKlass org/jetbrains/kotlin/com/intellij/psi/impl/java/stubs/PsiClassInitializerStub
instanceKlass org/jetbrains/kotlin/com/intellij/psi/PsiTypeParameterList
instanceKlass org/jetbrains/kotlin/com/intellij/psi/impl/java/stubs/PsiTypeParameterListStub
instanceKlass org/jetbrains/kotlin/com/intellij/psi/impl/java/stubs/PsiTypeParameterStub
instanceKlass org/jetbrains/kotlin/com/intellij/psi/PsiTypeParameter
instanceKlass org/jetbrains/kotlin/com/intellij/lang/jvm/JvmTypeParameter
instanceKlass org/jetbrains/kotlin/com/intellij/psi/impl/java/stubs/PsiParameterStub
instanceKlass org/jetbrains/kotlin/com/intellij/psi/PsiParameterList
instanceKlass org/jetbrains/kotlin/com/intellij/psi/impl/java/stubs/PsiParameterListStub
instanceKlass org/jetbrains/kotlin/com/intellij/psi/PsiMethodReferenceExpression
instanceKlass org/jetbrains/kotlin/com/intellij/psi/PsiLambdaExpression
instanceKlass org/jetbrains/kotlin/com/intellij/psi/PsiFunctionalExpression
instanceKlass org/jetbrains/kotlin/com/intellij/psi/PsiLiteralExpression
instanceKlass org/jetbrains/kotlin/com/intellij/psi/PsiLiteral
instanceKlass org/jetbrains/kotlin/com/intellij/psi/impl/java/stubs/PsiNameValuePairStub
instanceKlass org/jetbrains/kotlin/com/intellij/psi/PsiNameValuePair
instanceKlass org/jetbrains/kotlin/com/intellij/lang/jvm/annotation/JvmAnnotationAttribute
instanceKlass org/jetbrains/kotlin/com/intellij/psi/PsiAnnotationParameterList
instanceKlass org/jetbrains/kotlin/com/intellij/psi/impl/java/stubs/PsiAnnotationParameterListStub
instanceKlass org/jetbrains/kotlin/com/intellij/psi/impl/java/stubs/PsiAnnotationStub
instanceKlass org/jetbrains/kotlin/com/intellij/psi/impl/source/BasicJavaElementType
instanceKlass org/jetbrains/kotlin/com/intellij/psi/impl/java/stubs/PsiModifierListStub
instanceKlass org/jetbrains/kotlin/com/intellij/psi/impl/java/stubs/JavaStubElementTypes
instanceKlass org/jetbrains/kotlin/com/intellij/psi/stubs/EmptyStubSerializer
instanceKlass org/jetbrains/kotlin/com/intellij/psi/impl/compiled/ClsFileImpl$1
instanceKlass org/jetbrains/kotlin/com/intellij/psi/PsiPackageStatement
instanceKlass org/jetbrains/kotlin/com/intellij/psi/impl/compiled/InnerClassSourceStrategy
instanceKlass org/jetbrains/kotlin/com/intellij/psi/PsiJavaFile
instanceKlass org/jetbrains/kotlin/com/intellij/psi/AbstractBasicJavaFile
instanceKlass org/jetbrains/kotlin/com/intellij/psi/PsiCompiledFile
instanceKlass org/jetbrains/kotlin/com/intellij/psi/PsiCompiledElement
instanceKlass org/jetbrains/kotlin/com/intellij/psi/PsiClassOwnerEx
instanceKlass org/jetbrains/kotlin/com/intellij/psi/AbstractFileViewProvider$VirtualFileContent
instanceKlass org/jetbrains/kotlin/com/intellij/psi/PsiLock
instanceKlass org/jetbrains/kotlin/com/intellij/psi/PsiLargeBinaryFile
instanceKlass org/jetbrains/kotlin/com/intellij/psi/PsiLargeFile
instanceKlass org/jetbrains/kotlin/com/intellij/psi/PsiBinaryFile
instanceKlass org/jetbrains/kotlin/com/intellij/psi/AbstractFileViewProvider$Content
instanceKlass org/jetbrains/kotlin/com/intellij/openapi/extensions/impl/ExtensionPointImpl$1
instanceKlass org/jetbrains/kotlin/com/intellij/injected/editor/VirtualFileWindow
instanceKlass org/jetbrains/kotlin/com/intellij/openapi/roots/ProjectRootModificationTracker
instanceKlass org/jetbrains/kotlin/com/intellij/openapi/application/BaseActionRunnable
instanceKlass org/jetbrains/kotlin/com/intellij/openapi/application/ReadActionProcessor
instanceKlass org/jetbrains/kotlin/com/intellij/util/CollectionQuery
instanceKlass org/jetbrains/kotlin/com/intellij/util/CommonProcessors$CollectProcessor
instanceKlass org/jetbrains/kotlin/com/intellij/util/Processors
instanceKlass org/jetbrains/kotlin/com/intellij/psi/util/CachedValueProfiler$Overhead
instanceKlass org/jetbrains/kotlin/com/intellij/psi/util/CachedValueProfiler$ThreadContext
instanceKlass org/jetbrains/kotlin/com/intellij/psi/util/CachedValueProfiler$GlobalContext
instanceKlass org/jetbrains/kotlin/com/intellij/psi/util/CachedValueProfiler$EventPlace
instanceKlass org/jetbrains/kotlin/com/intellij/psi/util/CachedValueProfiler
instanceKlass org/jetbrains/kotlin/com/intellij/psi/util/CachedValueProvider$Result
instanceKlass org/jetbrains/kotlin/com/intellij/openapi/util/RecursionManager$StackFrame
instanceKlass org/jetbrains/kotlin/com/intellij/openapi/util/RecursionManager$MyKey
instanceKlass org/jetbrains/kotlin/com/intellij/openapi/util/ThrowableComputable
instanceKlass org/jetbrains/kotlin/com/intellij/util/CachedValueBase$Data
instanceKlass org/jetbrains/kotlin/com/intellij/openapi/util/Getter
instanceKlass org/jetbrains/kotlin/com/intellij/util/CachedValueBase
instanceKlass org/jetbrains/kotlin/com/intellij/psi/impl/file/PsiPackageImpl$PackageAnnotationValueProvider
instanceKlass org/jetbrains/kotlin/load/java/structure/JavaLiteralAnnotationArgument
instanceKlass org/jetbrains/kotlin/load/java/structure/impl/classFiles/PlainJavaAnnotationArgument
instanceKlass org/jetbrains/kotlin/load/java/structure/JavaArrayAnnotationArgument
instanceKlass org/jetbrains/org/objectweb/asm/TypeReference
instanceKlass io/vavr/control/Option$Some
instanceKlass io/vavr/control/Option
instanceKlass org/jetbrains/kotlin/util/vavr/VavrAdaptersKt
instanceKlass org/jetbrains/kotlin/load/java/structure/impl/classFiles/ClassifierResolutionContext$InnerClassInfo
instanceKlass org/jetbrains/kotlin/resolve/deprecation/CommonDeprecationUtilsKt$WhenMappings
instanceKlass org/jetbrains/kotlin/resolve/deprecation/CommonDeprecationUtilsKt
instanceKlass kotlin/concurrent/LocksKt
instanceKlass org/jetbrains/kotlin/load/java/structure/JavaWildcardType
instanceKlass org/jetbrains/kotlin/load/java/typeEnhancement/TypeComponentPositionKt
instanceKlass org/jetbrains/kotlin/types/model/DefinitelyNotNullTypeMarker
instanceKlass org/jetbrains/kotlin/load/java/typeEnhancement/TypeEnhancementInfo
instanceKlass org/jetbrains/kotlin/load/java/typeEnhancement/TypeEnhancementUtilsKt
instanceKlass org/jetbrains/kotlin/load/java/typeEnhancement/JavaTypeQualifiers$Companion
instanceKlass org/jetbrains/kotlin/fir/types/ArrayUtilsKt
instanceKlass org/jetbrains/kotlin/load/java/typeEnhancement/JavaTypeQualifiers
instanceKlass org/jetbrains/kotlin/load/java/typeEnhancement/AbstractSignatureParts$TypeAndDefaultQualifiers
instanceKlass org/jetbrains/kotlin/fir/types/ParameterNameTypeAttributeKt
instanceKlass org/jetbrains/kotlin/fir/types/ConeTypeProjectionKt
instanceKlass org/jetbrains/kotlin/fir/java/enhancement/JavaTypeUtilsKt
instanceKlass org/jetbrains/kotlin/load/java/structure/JavaArrayType
instanceKlass org/jetbrains/kotlin/load/java/structure/JavaAnnotationArgument
instanceKlass org/jetbrains/kotlin/load/java/structure/impl/classFiles/BinaryJavaAnnotation$Companion
instanceKlass org/jetbrains/kotlin/load/java/structure/impl/classFiles/BinaryJavaAnnotation
instanceKlass org/jetbrains/kotlin/load/java/structure/JavaAnnotation
instanceKlass org/jetbrains/kotlin/load/java/typeEnhancement/AbstractSignatureParts
instanceKlass org/jetbrains/kotlin/load/java/FakePureImplementationsProvider
instanceKlass org/jetbrains/kotlin/descriptors/annotations/KotlinTarget$Companion
instanceKlass org/jetbrains/kotlin/fir/java/JavaAnnotationsMappingKt
instanceKlass org/jetbrains/kotlin/fir/java/enhancement/FirEnhancedSymbolsStorage$FunctionEnhancementContext
instanceKlass org/jetbrains/kotlin/fir/java/enhancement/FirEnhancedSymbolsStorage$EnhancementSymbolsCache$Companion
instanceKlass org/jetbrains/kotlin/fir/java/enhancement/FirEnhancedSymbolsStorage$EnhancementSymbolsCache
instanceKlass org/jetbrains/kotlin/fir/java/enhancement/SignatureEnhancementKt
instanceKlass org/jetbrains/kotlin/load/java/JavaTypeQualifiersByElementType
instanceKlass org/jetbrains/kotlin/fir/java/enhancement/FirAnnotationTypeQualifierResolverKt
instanceKlass org/jetbrains/kotlin/fir/java/enhancement/FirSignatureEnhancement
instanceKlass org/jetbrains/kotlin/fir/types/AbbreviatedTypeAttributeKt
instanceKlass org/jetbrains/kotlin/fir/java/VirtualFileBasedSourceElement
instanceKlass org/jetbrains/kotlin/fir/java/declarations/UtilsKt
instanceKlass org/jetbrains/kotlin/fir/java/FirLazyJavaDeclarationList
instanceKlass org/jetbrains/kotlin/fir/types/jvm/FirJavaTypeRefBuilder
instanceKlass org/jetbrains/kotlin/fir/java/JavaTypeConversionKt
instanceKlass org/jetbrains/kotlin/it/unimi/dsi/fastutil/objects/Object2ObjectOpenHashMap$MapIterator
instanceKlass org/jetbrains/kotlin/fir/java/enhancement/FirLazyJavaAnnotationList
instanceKlass org/jetbrains/kotlin/fir/java/enhancement/FirEmptyJavaDeclarationList
instanceKlass org/jetbrains/kotlin/fir/java/enhancement/FirJavaDeclarationList
instanceKlass org/jetbrains/kotlin/fir/java/enhancement/FirJavaAnnotationList
instanceKlass org/jetbrains/kotlin/fir/java/JavaTypeParameterStack$Companion
instanceKlass org/jetbrains/kotlin/fir/java/JavaTypeParameterStack
instanceKlass org/jetbrains/kotlin/load/java/structure/impl/classFiles/BinaryJavaValueParameter
instanceKlass org/jetbrains/kotlin/load/java/structure/JavaValueParameter
instanceKlass org/jetbrains/kotlin/load/java/structure/JavaMethod
instanceKlass org/jetbrains/kotlin/load/java/structure/JavaConstructor
instanceKlass org/jetbrains/kotlin/load/java/structure/impl/classFiles/BinaryJavaMethodBase$Companion$MethodInfo
instanceKlass org/jetbrains/kotlin/load/java/structure/JavaPrimitiveType
instanceKlass java/text/StringCharacterIterator
instanceKlass java/text/CharacterIterator
instanceKlass org/jetbrains/kotlin/load/java/structure/impl/classFiles/BinaryJavaMethodBase$Companion
instanceKlass org/jetbrains/kotlin/load/java/structure/impl/classFiles/BinaryJavaMethodBase
instanceKlass org/jetbrains/kotlin/load/java/structure/JavaMember
instanceKlass org/jetbrains/kotlin/load/java/structure/impl/classFiles/CommonMixinsKt
instanceKlass org/jetbrains/kotlin/load/java/structure/impl/classFiles/ClassifierResolutionContext$Result
instanceKlass org/jetbrains/kotlin/load/java/structure/impl/classFiles/JavaPlainType
instanceKlass org/jetbrains/kotlin/load/java/structure/JavaClassifierType
instanceKlass org/jetbrains/kotlin/load/java/structure/JavaType
instanceKlass org/jetbrains/kotlin/load/java/structure/ListBasedJavaAnnotationOwner
instanceKlass org/jetbrains/kotlin/load/java/structure/impl/classFiles/BinaryJavaModifierListOwner
instanceKlass org/jetbrains/kotlin/load/java/structure/impl/VirtualFileBoundJavaClass
instanceKlass org/jetbrains/kotlin/load/java/structure/MutableJavaAnnotationOwner
instanceKlass io/vavr/collection/HashArrayMappedTrieModule$AbstractNode
instanceKlass io/vavr/collection/HashArrayMappedTrie
instanceKlass io/vavr/collection/Set
instanceKlass io/vavr/collection/Seq
instanceKlass io/vavr/collection/Iterator
instanceKlass io/vavr/collection/HashMap
instanceKlass io/vavr/collection/Map
instanceKlass io/vavr/collection/Traversable
instanceKlass io/vavr/collection/Foldable
instanceKlass io/vavr/Value
instanceKlass io/vavr/PartialFunction
instanceKlass io/vavr/Function1
instanceKlass org/jetbrains/kotlin/load/java/structure/impl/classFiles/ClassifierResolutionContext
instanceKlass org/jetbrains/kotlin/metadata/ProtoBuf$1
instanceKlass org/jetbrains/kotlin/fir/deserialization/AbstractAnnotationDeserializer$WhenMappings
instanceKlass org/jetbrains/kotlin/fir/declarations/builder/FirTypeAliasBuilder
instanceKlass org/jetbrains/kotlin/metadata/deserialization/VersionRequirement$Companion$WhenMappings
instanceKlass org/jetbrains/kotlin/metadata/deserialization/VersionRequirement$Version$Companion
instanceKlass org/jetbrains/kotlin/metadata/deserialization/VersionRequirement$Version
instanceKlass org/jetbrains/kotlin/fir/declarations/DeprecationsProviderImpl$special$$inlined$createCache$1
instanceKlass org/jetbrains/kotlin/fir/declarations/DeprecationInfoProvider
instanceKlass org/jetbrains/kotlin/name/StandardClassIds$Annotations$ParameterNames
instanceKlass org/jetbrains/kotlin/fir/java/JavaUtilsKt
instanceKlass org/jetbrains/kotlin/fir/resolve/transformers/PlatformSupertypeUpdaterKt
instanceKlass org/jetbrains/kotlin/fir/scopes/impl/FirNestedClassifierScopeWithSubstitutionKt
instanceKlass org/jetbrains/kotlin/fir/scopes/ScopesKt
instanceKlass org/jetbrains/kotlin/fir/resolve/substitution/ConeSubstitutorByMap$Companion
instanceKlass org/jetbrains/kotlin/fir/resolve/substitution/ConeSubstitutorByMapKt
instanceKlass org/jetbrains/kotlin/util/WeakPairKt
instanceKlass org/jetbrains/kotlin/fir/resolve/TypeExpansionUtilsKt
instanceKlass org/jetbrains/kotlin/utils/SmartSet$Companion
instanceKlass org/jetbrains/kotlin/fir/resolve/SupertypeUtilsKt
instanceKlass org/jetbrains/kotlin/fir/extensions/DeclarationGenerationContext
instanceKlass org/jetbrains/kotlin/fir/scopes/impl/FirGeneratedScopesKt
instanceKlass org/jetbrains/kotlin/fir/scopes/impl/FirGeneratedClassNestedClassifierScope$Companion
instanceKlass org/jetbrains/kotlin/fir/scopes/impl/FirDeclaredMemberScopeProviderKt
instanceKlass org/jetbrains/kotlin/fir/deserialization/FirTypeDeserializer$FlexibleTypeFactory$Default
instanceKlass org/jetbrains/kotlin/metadata/ProtoBuf$Effect$InvocationKind$1
instanceKlass org/jetbrains/kotlin/metadata/ProtoBuf$Expression$ConstantValue$1
instanceKlass org/jetbrains/kotlin/metadata/ProtoBuf$ExpressionOrBuilder
instanceKlass org/jetbrains/kotlin/metadata/ProtoBuf$Effect$EffectType$1
instanceKlass org/jetbrains/kotlin/metadata/ProtoBuf$EffectOrBuilder
instanceKlass org/jetbrains/kotlin/metadata/ProtoBuf$VersionRequirement$VersionKind$1
instanceKlass org/jetbrains/kotlin/metadata/ProtoBuf$VersionRequirement$Level$1
instanceKlass org/jetbrains/kotlin/metadata/ProtoBuf$VersionRequirementOrBuilder
instanceKlass org/jetbrains/kotlin/load/kotlin/KotlinClassFinderKt
instanceKlass org/jetbrains/kotlin/fir/java/deserialization/JvmClassFileBasedSymbolProvider$loadAnnotationsFromClassFile$1
instanceKlass org/jetbrains/kotlin/metadata/jvm/deserialization/JvmFlags
instanceKlass org/jetbrains/kotlin/fir/declarations/FirValueClassRepresentationKt
instanceKlass org/jetbrains/kotlin/fir/declarations/ValueClassesUtilsKt
instanceKlass org/jetbrains/kotlin/serialization/deserialization/ValueClassUtilKt
instanceKlass java/util/concurrent/atomic/AtomicLongArray
instanceKlass java/util/concurrent/atomic/AtomicIntegerArray
instanceKlass org/jetbrains/kotlin/builtins/CompanionObjectMapping
instanceKlass org/jetbrains/kotlin/builtins/jvm/JavaToKotlinClassMap$PlatformMutabilityMapping
instanceKlass org/jetbrains/kotlin/builtins/jvm/JavaToKotlinClassMap
instanceKlass org/jetbrains/kotlin/builtins/jvm/JvmBuiltInsSignatures
instanceKlass org/jetbrains/kotlin/fir/types/ConeTypeUtilsKt$WhenMappings
instanceKlass org/jetbrains/kotlin/fir/java/deserialization/JvmBinaryAnnotationDeserializer$WhenMappings
instanceKlass org/jetbrains/kotlin/load/kotlin/AbstractBinaryClassAnnotationLoaderKt
instanceKlass org/jetbrains/kotlin/metadata/SerializationPluginMetadataExtensions
instanceKlass org/jetbrains/kotlin/fir/resolve/transformers/PublishedApiEffectiveVisibilityKt
instanceKlass org/jetbrains/kotlin/fir/expressions/builder/FirAnnotationArgumentMappingBuilder
instanceKlass org/jetbrains/kotlin/fir/expressions/builder/FirAnnotationBuilder
instanceKlass org/jetbrains/kotlin/fir/java/deserialization/AnnotationsLoader$AnnotationsLoaderVisitorImpl
instanceKlass org/jetbrains/kotlin/load/kotlin/KotlinJvmBinaryClass$MethodAnnotationVisitor
instanceKlass org/jetbrains/kotlin/SpecialJvmAnnotations
instanceKlass org/jetbrains/kotlin/fir/java/deserialization/JvmBinaryAnnotationDeserializerKt$loadMemberAnnotations$1$MemberAnnotationVisitor
instanceKlass org/jetbrains/org/objectweb/asm/FieldVisitor
instanceKlass org/jetbrains/org/objectweb/asm/MethodVisitor
instanceKlass org/jetbrains/kotlin/fir/java/deserialization/JvmBinaryAnnotationDeserializerKt$loadMemberAnnotations$1
instanceKlass org/jetbrains/kotlin/load/kotlin/KotlinJvmBinaryClass$MemberVisitor
instanceKlass org/jetbrains/kotlin/fir/java/deserialization/JvmBinaryAnnotationDeserializerKt
instanceKlass org/jetbrains/kotlin/load/kotlin/MemberSignature$Companion
instanceKlass org/jetbrains/kotlin/load/kotlin/MemberSignature
instanceKlass org/jetbrains/kotlin/metadata/jvm/deserialization/JvmMemberSignature
instanceKlass org/jetbrains/kotlin/metadata/jvm/deserialization/ClassMapperLite
instanceKlass org/jetbrains/kotlin/fir/types/CustomAnnotationTypeAttributeKt
instanceKlass org/jetbrains/kotlin/metadata/deserialization/ProtoTypeTableUtilKt
instanceKlass org/jetbrains/kotlin/fir/deserialization/FirDeserializationUtilsKt
instanceKlass org/jetbrains/kotlin/metadata/deserialization/VersionRequirement$Companion
instanceKlass org/jetbrains/kotlin/metadata/deserialization/VersionRequirement
instanceKlass org/jetbrains/kotlin/fir/resolve/ScopeUtilsKt
instanceKlass org/jetbrains/kotlin/descriptors/EffectiveVisibility$WhenMappings
instanceKlass org/jetbrains/kotlin/fir/deserialization/FirMemberDeserializerKt
instanceKlass org/jetbrains/kotlin/serialization/deserialization/ProtoEnumFlags$WhenMappings
instanceKlass org/jetbrains/kotlin/serialization/deserialization/ProtoEnumFlags
instanceKlass org/jetbrains/kotlin/metadata/ProtoBuf$MemberKind$1
instanceKlass org/jetbrains/kotlin/metadata/ProtoBuf$Class$Kind$1
instanceKlass org/jetbrains/kotlin/metadata/ProtoBuf$Modality$1
instanceKlass org/jetbrains/kotlin/metadata/ProtoBuf$Visibility$1
instanceKlass org/jetbrains/kotlin/metadata/deserialization/Flags$FlagField
instanceKlass org/jetbrains/kotlin/metadata/deserialization/Flags
instanceKlass org/jetbrains/kotlin/fir/deserialization/ClassDeserializationKt
instanceKlass org/jetbrains/kotlin/load/kotlin/KotlinJvmBinarySourceElement
instanceKlass org/jetbrains/kotlin/fir/deserialization/AbstractFirDeserializedSymbolProvider$ClassMetadataFindResult
instanceKlass org/jetbrains/kotlin/utils/SmartList$SingletonIteratorBase
instanceKlass org/jetbrains/kotlin/cli/jvm/compiler/KotlinCliJavaFileManagerImpl$WhenMappings
instanceKlass org/jetbrains/kotlin/load/java/JavaClassFinder$Request
instanceKlass kotlin/collections/builders/SetBuilder$Companion
instanceKlass org/jetbrains/kotlin/load/kotlin/FileBasedKotlinClass$OuterAndInnerName
instanceKlass org/jetbrains/kotlin/serialization/deserialization/ProtoBufContractDeserializer
instanceKlass org/jetbrains/kotlin/fir/deserialization/FirTypeDeserializer
instanceKlass org/jetbrains/kotlin/metadata/deserialization/VersionRequirementTable$Companion
instanceKlass org/jetbrains/kotlin/metadata/deserialization/VersionRequirementTable
instanceKlass org/jetbrains/kotlin/metadata/deserialization/TypeTable
instanceKlass org/jetbrains/kotlin/fir/deserialization/FirConstDeserializer
instanceKlass org/jetbrains/kotlin/fir/java/deserialization/JvmClassFileBasedSymbolProvider$JavaAwareFlexibleTypeFactory
instanceKlass org/jetbrains/kotlin/fir/deserialization/FirTypeDeserializer$FlexibleTypeFactory
instanceKlass org/jetbrains/kotlin/fir/java/deserialization/MemberAnnotations
instanceKlass org/jetbrains/kotlin/fir/deserialization/FirDeserializationContext$Companion
instanceKlass org/jetbrains/kotlin/fir/deserialization/PackagePartsCacheData
instanceKlass org/jetbrains/kotlin/metadata/jvm/deserialization/JvmNameResolverBase$WhenMappings
instanceKlass org/jetbrains/kotlin/metadata/deserialization/ProtoBufUtilKt
instanceKlass org/jetbrains/kotlin/load/kotlin/JvmPackagePartSource
instanceKlass org/jetbrains/kotlin/serialization/deserialization/descriptors/DeserializedContainerSource
instanceKlass org/jetbrains/kotlin/load/kotlin/FacadeClassSource
instanceKlass org/jetbrains/kotlin/metadata/ProtoBuf$TypeAliasOrBuilder
instanceKlass org/jetbrains/kotlin/metadata/jvm/deserialization/JvmNameResolverKt
instanceKlass org/jetbrains/kotlin/metadata/jvm/JvmProtoBuf$StringTableTypes$Record$Operation$1
instanceKlass org/jetbrains/kotlin/metadata/jvm/JvmProtoBuf$StringTableTypes$RecordOrBuilder
instanceKlass org/jetbrains/kotlin/metadata/jvm/JvmProtoBuf$StringTableTypesOrBuilder
instanceKlass kotlin/collections/IndexedValue
instanceKlass kotlin/collections/IndexingIterator
instanceKlass kotlin/collections/IndexingIterable
instanceKlass org/jetbrains/kotlin/metadata/jvm/deserialization/JvmNameResolverBase$Companion
instanceKlass org/jetbrains/kotlin/metadata/jvm/deserialization/JvmNameResolverBase
instanceKlass org/jetbrains/kotlin/metadata/jvm/deserialization/UtfEncodingKt
instanceKlass org/jetbrains/kotlin/metadata/jvm/deserialization/BitEncoding
instanceKlass org/jetbrains/kotlin/metadata/jvm/JvmProtoBuf$JvmFieldSignatureOrBuilder
instanceKlass org/jetbrains/kotlin/metadata/jvm/JvmProtoBuf$JvmPropertySignatureOrBuilder
instanceKlass org/jetbrains/kotlin/metadata/jvm/JvmProtoBuf$JvmMethodSignatureOrBuilder
instanceKlass org/jetbrains/kotlin/metadata/jvm/JvmProtoBuf
instanceKlass org/jetbrains/kotlin/metadata/jvm/deserialization/JvmProtoBufUtil
instanceKlass org/jetbrains/kotlin/load/kotlin/header/ReadKotlinClassHeaderAnnotationVisitor$CollectStringArrayAnnotationVisitor
instanceKlass org/jetbrains/org/objectweb/asm/Type
instanceKlass org/jetbrains/kotlin/load/kotlin/KotlinJvmBinaryClass$AnnotationArrayArgumentVisitor
instanceKlass org/jetbrains/kotlin/load/kotlin/header/ReadKotlinClassHeaderAnnotationVisitor$KotlinMetadataArgumentVisitor
instanceKlass java/lang/Override
instanceKlass java/lang/Deprecated
instanceKlass org/jetbrains/kotlin/load/java/JvmAnnotationNames
instanceKlass org/jetbrains/org/objectweb/asm/Context
instanceKlass org/jetbrains/org/objectweb/asm/Attribute
instanceKlass org/jetbrains/org/objectweb/asm/Label
instanceKlass org/jetbrains/org/objectweb/asm/ClassReader
instanceKlass org/jetbrains/kotlin/load/kotlin/header/KotlinClassHeader$Kind$Companion
instanceKlass org/jetbrains/kotlin/load/kotlin/KotlinJvmBinaryClass$AnnotationArgumentVisitor
instanceKlass org/jetbrains/kotlin/load/kotlin/header/ReadKotlinClassHeaderAnnotationVisitor
instanceKlass org/jetbrains/kotlin/load/kotlin/KotlinJvmBinaryClass$AnnotationVisitor
instanceKlass org/jetbrains/kotlin/load/kotlin/FileBasedKotlinClass$InnerClassesInfo
instanceKlass org/jetbrains/kotlin/load/kotlin/header/KotlinClassHeader
instanceKlass org/jetbrains/kotlin/load/kotlin/VirtualFileKotlinClass$Factory
instanceKlass org/jetbrains/org/objectweb/asm/AnnotationVisitor
instanceKlass org/jetbrains/org/objectweb/asm/ClassVisitor
instanceKlass org/jetbrains/kotlin/load/kotlin/FileBasedKotlinClass
instanceKlass org/jetbrains/kotlin/load/kotlin/KotlinJvmBinaryClass
instanceKlass org/jetbrains/kotlin/load/kotlin/KotlinClassFinder$Result
instanceKlass org/jetbrains/kotlin/com/intellij/openapi/util/Computable
instanceKlass org/jetbrains/kotlin/load/kotlin/KotlinBinaryClassCache$RequestCache
instanceKlass org/jetbrains/kotlin/fir/java/FirJavaFacadeKt
instanceKlass org/jetbrains/kotlin/resolve/jvm/JvmClassName
instanceKlass org/jetbrains/kotlin/fir/java/deserialization/ProviderUtilsKt
instanceKlass org/jetbrains/kotlin/fir/resolve/FirTypeResolutionResult
instanceKlass org/jetbrains/kotlin/fir/types/ConeTypeUtilsKt
instanceKlass org/jetbrains/kotlin/fir/resolve/ToSymbolUtilsKt
instanceKlass org/jetbrains/kotlin/util/WeakPair
instanceKlass org/jetbrains/kotlin/fir/resolve/LookupTagUtilsKt
instanceKlass org/jetbrains/kotlin/fir/CopyUtilsKt
instanceKlass org/jetbrains/kotlin/fir/types/FunctionalTypeUtilsKt
instanceKlass org/jetbrains/kotlin/fir/resolve/DeclarationUtilsKt
instanceKlass org/jetbrains/kotlin/fir/resolve/providers/impl/FirTypeCandidateCollector$TypeResolutionResult
instanceKlass org/jetbrains/kotlin/fir/resolve/calls/AbstractCandidate
instanceKlass org/jetbrains/kotlin/fir/declarations/DeprecationsPerUseSite
instanceKlass org/jetbrains/kotlin/fir/declarations/DeprecationsKt
instanceKlass org/jetbrains/kotlin/fir/declarations/utils/FirDeclarationUtilKt
instanceKlass org/jetbrains/kotlin/fir/FirVisibilityCheckerKt
instanceKlass org/jetbrains/kotlin/fir/resolve/providers/FirSymbolNamesProviderKt
instanceKlass org/jetbrains/kotlin/it/unimi/dsi/fastutil/objects/ObjectOpenHashSet$SetIterator
instanceKlass org/jetbrains/kotlin/fir/resolve/providers/FirCachedSymbolNamesProvider$topLevelClassifierNamesByPackage_delegate$lambda$3$$inlined$createCache$1
instanceKlass org/jetbrains/kotlin/fir/caches/FirCacheWithPostComputeKt
instanceKlass org/jetbrains/kotlin/fir/resolve/providers/impl/FirTypeCandidateCollector
instanceKlass org/jetbrains/kotlin/fir/resolve/FirQualifierResolverKt
instanceKlass org/jetbrains/kotlin/fir/resolve/FirTypeResolverKt
instanceKlass org/jetbrains/kotlin/fir/resolve/dfa/cfg/ControlFlowGraphBuilderKt
instanceKlass org/jetbrains/kotlin/fir/resolve/transformers/FirSupertypesResolutionKt
instanceKlass org/jetbrains/kotlin/fir/resolve/transformers/SupertypeComputationStatus
instanceKlass org/jetbrains/kotlin/fir/resolve/transformers/ScopeClassDeclaration
instanceKlass org/jetbrains/kotlin/fir/declarations/FirAnnotationUtilsKt
instanceKlass org/jetbrains/kotlin/fir/resolve/CallableIdUtilsKt
instanceKlass org/jetbrains/kotlin/fir/resolve/ResolveUtilsKt
instanceKlass org/jetbrains/kotlin/fir/declarations/DeprecationAnnotationInfoPerUseSiteStorage
instanceKlass org/jetbrains/kotlin/fir/declarations/FirAnnotationsPlatformSpecificSupportComponentKt
instanceKlass org/jetbrains/kotlin/fir/declarations/DeprecationAnnotationInfoPerUseSiteStorageBuilder
instanceKlass org/jetbrains/kotlin/fir/declarations/FirVersionRequirementsTableKeyKt
instanceKlass org/jetbrains/kotlin/fir/scopes/impl/FirAbstractImportingScopeKt
instanceKlass org/jetbrains/kotlin/fir/declarations/DeclarationUtilsKt
instanceKlass org/jetbrains/kotlin/fir/declarations/DeprecationUtilsKt
instanceKlass org/jetbrains/kotlin/com/google/common/collect/LinkedHashMultimap$ValueSet$1
instanceKlass org/jetbrains/kotlin/com/google/common/collect/AbstractMapBasedMultimap$WrappedCollection$WrappedIterator
instanceKlass org/jetbrains/kotlin/fir/declarations/FirTowerDataElement
instanceKlass org/jetbrains/kotlin/fir/declarations/ImplicitReceiverUtilsKt
instanceKlass org/jetbrains/kotlin/fir/scopes/impl/FirPackageMemberScopeKt
instanceKlass org/jetbrains/kotlin/fir/scopes/DefaultSimpleImportKey
instanceKlass org/jetbrains/kotlin/fir/resolve/providers/impl/FirBuiltinSymbolProvidersKt
instanceKlass org/jetbrains/kotlin/fir/scopes/FirDefaultImportProviderHolderKt
instanceKlass org/jetbrains/kotlin/fir/scopes/FirLookupDefaultStarImportsInSourcesSettingHolderKt
instanceKlass org/jetbrains/kotlin/fir/scopes/impl/DefaultStarImportingScopeMarker
instanceKlass org/jetbrains/kotlin/fir/scopes/DefaultStarImportKey
instanceKlass org/jetbrains/kotlin/fir/FirImportTrackerComponent
instanceKlass org/jetbrains/kotlin/fir/FirImportTrackerComponentKt
instanceKlass org/jetbrains/kotlin/fir/resolve/ScopeSessionKey
instanceKlass org/jetbrains/kotlin/fir/scopes/ImportingScopesKt
instanceKlass org/jetbrains/kotlin/fir/extensions/FirPredicateBasedProviderKt
instanceKlass org/jetbrains/kotlin/fir/resolve/transformers/plugin/CompilerRequiredAnnotationsComputationSession
instanceKlass org/jetbrains/kotlin/descriptors/SourceElement$1
instanceKlass org/jetbrains/kotlin/serialization/deserialization/ClassData
instanceKlass org/jetbrains/kotlin/fir/resolve/providers/impl/AbstractFirBuiltinSymbolProvider$BuiltInsPackageFragmentWrapper$special$$inlined$createCache$1
instanceKlass org/jetbrains/kotlin/fir/deserialization/FirMemberDeserializer
instanceKlass org/jetbrains/kotlin/fir/resolve/providers/impl/AbstractFirBuiltinSymbolProvider$BuiltInsPackageFragmentWrapper
instanceKlass org/jetbrains/kotlin/resolve/jvm/KotlinJavaPsiFacade$3
instanceKlass org/jetbrains/kotlin/fir/caches/NullableMap$NullValue
instanceKlass org/jetbrains/kotlin/fir/declarations/builder/FirResolvedImportBuilder
instanceKlass org/jetbrains/kotlin/fir/resolve/transformers/PackageAndClass
instanceKlass org/jetbrains/kotlin/load/java/structure/JavaElementsKt
instanceKlass org/jetbrains/kotlin/load/java/structure/impl/source/JavaElementPsiSource
instanceKlass org/jetbrains/kotlin/load/java/structure/impl/JavaElementImpl
instanceKlass org/jetbrains/kotlin/load/java/structure/impl/source/JavaSourceFactoryOwner
instanceKlass org/jetbrains/kotlin/load/java/structure/MapBasedJavaAnnotationOwner
instanceKlass org/jetbrains/kotlin/load/java/structure/JavaPackage
instanceKlass org/jetbrains/kotlin/load/java/structure/impl/source/JavaElementSourceFactory$Companion
instanceKlass org/jetbrains/kotlin/cli/jvm/compiler/KotlinCliJavaFileManagerImplKt
instanceKlass org/jetbrains/kotlin/resolve/jvm/KotlinJavaPsiFacade$PackageCache
instanceKlass org/jetbrains/kotlin/com/intellij/psi/tree/ParentAwareTokenSet
instanceKlass org/jetbrains/kotlin/com/intellij/psi/impl/source/BasicJavaDocElementType
instanceKlass org/jetbrains/kotlin/com/intellij/lang/java/parser/BasicJavaParser
instanceKlass org/jetbrains/kotlin/com/intellij/psi/tree/ParentProviderElementType
instanceKlass org/jetbrains/kotlin/com/intellij/psi/impl/source/AbstractBasicJavaDocElementTypeFactory$JavaDocElementTypeContainer
instanceKlass org/jetbrains/kotlin/com/intellij/psi/impl/source/tree/JavaDocElementTypeFactory$SingletonHelper
instanceKlass org/jetbrains/kotlin/com/intellij/lang/java/lexer/_JavaLexer
instanceKlass org/jetbrains/kotlin/com/intellij/psi/impl/source/AbstractBasicJavaDocElementTypeFactory
instanceKlass org/jetbrains/kotlin/com/intellij/psi/impl/source/tree/ElementType
instanceKlass org/jetbrains/kotlin/com/intellij/psi/impl/source/tree/JavaElementType
instanceKlass org/jetbrains/kotlin/com/intellij/psi/impl/source/tree/JavaDocElementType
instanceKlass org/jetbrains/kotlin/com/intellij/psi/JavaTokenType
instanceKlass org/jetbrains/kotlin/com/intellij/psi/JavaDocTokenType
instanceKlass org/jetbrains/kotlin/cli/jvm/index/SingleJavaFileRootsIndex$JavaSourceClassIdReader$Companion
instanceKlass org/jetbrains/kotlin/cli/jvm/index/SingleJavaFileRootsIndex$JavaSourceClassIdReader
instanceKlass org/jetbrains/kotlin/com/intellij/psi/util/PsiUtilCore$NullPsiElement
instanceKlass org/jetbrains/kotlin/com/intellij/psi/util/PsiUtilCore
instanceKlass org/jetbrains/kotlin/resolve/jvm/KotlinSafeClassFinder
instanceKlass org/jetbrains/kotlin/resolve/jvm/KotlinJavaPsiFacade$CliFinder
instanceKlass org/jetbrains/kotlin/fir/resolve/transformers/ImportUtilsKt
instanceKlass org/jetbrains/kotlin/fir/FirLookupTrackerComponent
instanceKlass org/jetbrains/kotlin/fir/FirLookupTrackerComponentKt
instanceKlass org/jetbrains/kotlin/fir/visitors/FirTransformerUtilKt
instanceKlass org/jetbrains/kotlin/fir/symbols/FirLazyDeclarationResolverKt
instanceKlass org/jetbrains/kotlin/fir/scopes/CallableCopyTypeCalculator
instanceKlass org/jetbrains/kotlin/fir/resolve/transformers/body/resolve/ImplicitBodyResolveComputationSession
instanceKlass org/jetbrains/kotlin/fir/resolve/calls/overloads/ConeOverloadConflictResolver$SpecificityComparisonWithNumerics$1
instanceKlass org/jetbrains/kotlin/resolve/calls/results/SpecificityComparisonCallbacks
instanceKlass org/jetbrains/kotlin/fir/resolve/calls/overloads/ConeCallConflictResolver
instanceKlass org/jetbrains/kotlin/fir/resolve/inference/InferenceComponentsKt
instanceKlass org/jetbrains/kotlin/fir/resolve/calls/overloads/ConeCallConflictResolverKt
instanceKlass org/jetbrains/kotlin/fir/resolve/calls/overloads/FirOverloadByLambdaReturnTypeResolver
instanceKlass org/jetbrains/kotlin/fir/resolve/calls/tower/TowerResolveManager
instanceKlass org/jetbrains/kotlin/fir/resolve/calls/tower/TowerGroupKind$Companion
instanceKlass org/jetbrains/kotlin/fir/resolve/calls/tower/TowerGroupKind
instanceKlass org/jetbrains/kotlin/fir/resolve/calls/tower/TowerGroup$Companion
instanceKlass org/jetbrains/kotlin/fir/resolve/calls/tower/TowerGroup
instanceKlass org/jetbrains/kotlin/fir/resolve/calls/candidate/CandidateCollector
instanceKlass org/jetbrains/kotlin/fir/resolve/calls/tower/FirTowerResolver
instanceKlass org/jetbrains/kotlin/fir/extensions/FirFunctionCallRefinementExtensionKt
instanceKlass org/jetbrains/kotlin/fir/extensions/FirAssignExpressionAltererExtensionKt
instanceKlass org/jetbrains/kotlin/fir/resolve/transformers/body/resolve/FirArrayOfCallTransformer$Companion
instanceKlass org/jetbrains/kotlin/fir/resolve/transformers/WhenExhaustivenessChecker
instanceKlass org/jetbrains/kotlin/fir/resolve/transformers/FirWhenExhaustivenessTransformer$Companion
instanceKlass org/jetbrains/kotlin/fir/resolve/calls/ResolutionContext
instanceKlass org/jetbrains/kotlin/fir/resolve/FirOuterClassManager
instanceKlass org/jetbrains/kotlin/fir/resolve/FirDoubleColonExpressionResolver
instanceKlass org/jetbrains/kotlin/fir/resolve/transformers/FirSyntheticCallGenerator
instanceKlass org/jetbrains/kotlin/fir/resolve/dfa/FirDataFlowAnalyzer
instanceKlass org/jetbrains/kotlin/fir/resolve/inference/FirCallCompleter
instanceKlass org/jetbrains/kotlin/fir/resolve/calls/FirCallResolver
instanceKlass org/jetbrains/kotlin/fir/resolve/calls/stages/ResolutionStageRunner
instanceKlass org/jetbrains/kotlin/fir/resolve/BodyResolveComponents
instanceKlass org/jetbrains/kotlin/fir/resolve/SessionHolder
instanceKlass org/jetbrains/kotlin/fir/resolve/inference/FirInferenceSession$Companion
instanceKlass org/jetbrains/kotlin/fir/resolve/inference/FirInferenceSession
instanceKlass org/jetbrains/kotlin/fir/resolve/FirSpecialTowerDataContexts
instanceKlass org/jetbrains/kotlin/kotlinx/collections/immutable/internal/EndOfChain
instanceKlass org/jetbrains/kotlin/kotlinx/collections/immutable/implementations/persistentOrderedMap/PersistentOrderedMap$Companion
instanceKlass org/jetbrains/kotlin/fir/util/PersistentSetMultimap
instanceKlass org/jetbrains/kotlin/fir/resolve/ImplicitValueStorage
instanceKlass org/jetbrains/kotlin/fir/declarations/FirTowerDataContext
instanceKlass org/jetbrains/kotlin/fir/resolve/FirRegularTowerDataContexts$Companion
instanceKlass org/jetbrains/kotlin/fir/resolve/FirRegularTowerDataContexts
instanceKlass org/jetbrains/kotlin/fir/resolve/dfa/VariableStorage
instanceKlass org/jetbrains/kotlin/fir/resolve/dfa/FirLocalVariableAssignmentAnalyzer$Companion
instanceKlass org/jetbrains/kotlin/fir/resolve/dfa/FirLocalVariableAssignmentAnalyzer
instanceKlass org/jetbrains/kotlin/fir/resolve/dfa/cfg/ExitNodeMarker
instanceKlass org/jetbrains/kotlin/fir/resolve/dfa/cfg/ControlFlowGraphBuilder$PostponedLambdas
instanceKlass org/jetbrains/kotlin/fir/util/BaseMultimap
instanceKlass org/jetbrains/kotlin/fir/util/MutableMultimap
instanceKlass org/jetbrains/kotlin/fir/util/Multimap
instanceKlass org/jetbrains/kotlin/fir/util/MultimapKt
instanceKlass org/jetbrains/kotlin/fir/resolve/dfa/Stack
instanceKlass org/jetbrains/kotlin/fir/resolve/dfa/StackKt
instanceKlass org/jetbrains/kotlin/fir/resolve/dfa/cfg/ControlFlowGraph
instanceKlass org/jetbrains/kotlin/fir/resolve/dfa/cfg/GraphEnterNodeMarker
instanceKlass org/jetbrains/kotlin/fir/resolve/dfa/cfg/EnterNodeMarker
instanceKlass org/jetbrains/kotlin/fir/resolve/dfa/cfg/CFGNode
instanceKlass org/jetbrains/kotlin/fir/resolve/dfa/cfg/ControlFlowGraphBuilder
instanceKlass org/jetbrains/kotlin/fir/resolve/dfa/DataFlowAnalyzerContext
instanceKlass org/jetbrains/kotlin/fir/resolve/transformers/body/resolve/BodyResolveContext
instanceKlass org/jetbrains/kotlin/fir/resolve/transformers/ReturnTypeCalculatorForFullBodyResolve$Companion
instanceKlass org/jetbrains/kotlin/fir/resolve/transformers/ReturnTypeCalculator
instanceKlass org/jetbrains/kotlin/resolve/calls/mpp/ExpectActualMatchingContext$Companion
instanceKlass org/jetbrains/kotlin/fir/resolve/transformers/mpp/FirExpectActualMatchingContextImpl
instanceKlass org/jetbrains/kotlin/fir/FirExpectActualMatchingContext
instanceKlass org/jetbrains/kotlin/resolve/calls/mpp/ExpectActualMatchingContext
instanceKlass org/jetbrains/kotlin/fir/FirExpectActualMatchingContextKt
instanceKlass org/jetbrains/kotlin/fir/extensions/FirStatusTransformerExtensionKt
instanceKlass org/jetbrains/kotlin/fir/resolve/transformers/FirStatusResolver$Companion
instanceKlass org/jetbrains/kotlin/fir/resolve/transformers/FirStatusResolver
instanceKlass kotlin/collections/MutableMapWithDefaultImpl
instanceKlass kotlin/collections/MutableMapWithDefault
instanceKlass org/jetbrains/kotlin/fir/resolve/transformers/StatusComputationSession
instanceKlass org/jetbrains/kotlin/kotlinx/collections/immutable/PersistentList$Builder
instanceKlass org/jetbrains/kotlin/kotlinx/collections/immutable/PersistentCollection$Builder
instanceKlass kotlin/collections/ArrayDeque$Companion
instanceKlass org/jetbrains/kotlin/fir/extensions/FirSupertypeGenerationExtensionKt
instanceKlass org/jetbrains/kotlin/fir/resolve/SupertypeSupplier
instanceKlass org/jetbrains/kotlin/fir/resolve/transformers/SupertypeComputationSession
instanceKlass org/jetbrains/kotlin/fir/extensions/FirSwitchableExtensionDeclarationsSymbolProviderKt
instanceKlass org/jetbrains/kotlin/fir/resolve/transformers/FirResolveProcessor
instanceKlass org/jetbrains/kotlin/fir/resolve/transformers/FirTotalResolveProcessorKt$WhenMappings
instanceKlass org/jetbrains/kotlin/fir/resolve/transformers/FirTotalResolveProcessorKt
instanceKlass org/jetbrains/kotlin/fir/resolve/transformers/FirTotalResolveProcessor
instanceKlass org/jetbrains/kotlin/fir/pipeline/AnalyseKt
instanceKlass org/jetbrains/kotlin/fir/EnumClassUtilsKt
instanceKlass org/jetbrains/kotlin/fir/diagnostics/ConeSyntaxDiagnostic
instanceKlass org/jetbrains/kotlin/fir/types/builder/FirErrorTypeRefBuilder
instanceKlass org/jetbrains/kotlin/mpp/EnumEntrySymbolMarker
instanceKlass org/jetbrains/kotlin/fir/declarations/builder/FirEnumEntryBuilder
instanceKlass org/jetbrains/kotlin/parsing/KotlinParsing$4
instanceKlass org/jetbrains/kotlin/fir/declarations/builder/FirConstructorBuilder
instanceKlass org/jetbrains/kotlin/fir/expressions/builder/FirNamedArgumentExpressionBuilder
instanceKlass org/jetbrains/kotlin/fir/expressions/builder/FirAugmentedAssignmentBuilder
instanceKlass org/jetbrains/kotlin/fir/UtilsKt$WhenMappings
instanceKlass org/jetbrains/kotlin/fir/types/builder/FirStarProjectionBuilder
instanceKlass org/jetbrains/kotlin/fir/builder/CharacterWithDiagnostic
instanceKlass org/jetbrains/kotlin/fir/expressions/builder/FirIncrementDecrementExpressionBuilder
instanceKlass org/jetbrains/kotlin/parsing/DoNotBindAnything
instanceKlass org/jetbrains/kotlin/fir/expressions/builder/FirWhileLoopBuilder
instanceKlass org/jetbrains/kotlin/fir/expressions/builder/FirLoopBuilder
instanceKlass org/jetbrains/kotlin/fir/FirGenerationKt
instanceKlass org/jetbrains/kotlin/fir/types/FirTypeUtilsKt
instanceKlass org/jetbrains/kotlin/fir/builder/AbstractRawFirBuilder$DataClassMembersGenerator
instanceKlass org/jetbrains/kotlin/fir/expressions/builder/FirVariableAssignmentBuilder
instanceKlass org/jetbrains/kotlin/psi/psiUtil/PsiUtilsKt
instanceKlass org/jetbrains/kotlin/fir/declarations/FirTypeParameterRef
instanceKlass org/jetbrains/kotlin/types/model/TypeParameterMarker
instanceKlass org/jetbrains/kotlin/mpp/TypeParameterSymbolMarker
instanceKlass org/jetbrains/kotlin/fir/declarations/builder/FirTypeParameterBuilder
instanceKlass org/jetbrains/kotlin/fir/lightTree/converter/LightTreeRawFirExpressionBuilder$WhenConditionConvertedResults
instanceKlass org/jetbrains/kotlin/fir/expressions/builder/FirBooleanOperatorExpressionBuilder
instanceKlass org/jetbrains/kotlin/fir/expressions/builder/FirComparisonExpressionBuilder
instanceKlass org/jetbrains/kotlin/utils/NumberWithRadix
instanceKlass org/jetbrains/kotlin/utils/NumbersKt
instanceKlass org/jetbrains/kotlin/fir/references/builder/FirExplicitThisReferenceBuilder
instanceKlass org/jetbrains/kotlin/fir/expressions/builder/FirGetClassCallBuilder
instanceKlass org/jetbrains/kotlin/fir/declarations/builder/FirAnonymousInitializerBuilder
instanceKlass org/jetbrains/kotlin/fir/references/builder/FirDelegateFieldReferenceBuilder
instanceKlass org/jetbrains/kotlin/fir/references/builder/FirResolvedNamedReferenceBuilder
instanceKlass org/jetbrains/kotlin/fir/expressions/builder/FirCallableReferenceAccessBuilder
instanceKlass org/jetbrains/kotlin/fir/references/builder/FirImplicitThisReferenceBuilder
instanceKlass org/jetbrains/kotlin/fir/expressions/builder/FirThisReceiverExpressionBuilder
instanceKlass org/jetbrains/kotlin/fir/expressions/FirExpressionUtilKt
instanceKlass org/jetbrains/kotlin/fir/diagnostics/ConeSimpleDiagnostic
instanceKlass org/jetbrains/kotlin/com/intellij/openapi/util/text/CharFilter
instanceKlass org/jetbrains/kotlin/com/intellij/util/text/LiteralFormatUtil
instanceKlass kotlin/text/MatchNamedGroupCollection
instanceKlass kotlin/text/MatchGroupCollection
instanceKlass kotlin/text/MatcherMatchResult
instanceKlass java/util/regex/Pattern$1
instanceKlass kotlin/text/RegexKt
instanceKlass kotlin/text/MatchResult
instanceKlass org/jetbrains/kotlin/parsing/ParseUtilsKt
instanceKlass org/jetbrains/kotlin/fir/expressions/builder/FirWrappedDelegateExpressionBuilder
instanceKlass org/jetbrains/kotlin/fir/expressions/builder/FirAnnotationCallBuilder
instanceKlass org/jetbrains/kotlin/fir/resolve/providers/impl/FirProviderImplKt$sam$java_util_function_BiFunction$0
instanceKlass org/jetbrains/kotlin/fir/resolve/providers/impl/FirProviderImpl$FirRecorder$registerCallable$1
instanceKlass org/jetbrains/kotlin/fir/FirNameConflictsTrackerComponentKt
instanceKlass org/jetbrains/kotlin/fir/resolve/providers/impl/FirProviderImpl$FirRecorderData
instanceKlass org/jetbrains/kotlin/fir/declarations/builder/FirFileBuilder
instanceKlass org/jetbrains/kotlin/fir/expressions/builder/FirCatchBuilder
instanceKlass org/jetbrains/kotlin/fir/expressions/builder/FirTryExpressionBuilder
instanceKlass org/jetbrains/kotlin/fir/lightTree/fir/WhenEntry
instanceKlass org/jetbrains/kotlin/fir/expressions/builder/FirWhenSubjectExpressionBuilder
instanceKlass org/jetbrains/kotlin/fir/expressions/builder/FirEmptyExpressionBlockBuilderKt
instanceKlass kotlin/collections/ReversedList$listIterator$1
instanceKlass org/jetbrains/kotlin/fir/expressions/builder/FirTypeOperatorCallBuilder
instanceKlass org/jetbrains/kotlin/fir/expressions/builder/FirSafeCallExpressionBuilder
instanceKlass org/jetbrains/kotlin/fir/FirExpressionRef
instanceKlass org/jetbrains/kotlin/fir/expressions/builder/FirCheckedSafeCallSubjectBuilder
instanceKlass org/jetbrains/kotlin/fir/expressions/builder/FirUnitExpressionBuilder
instanceKlass org/jetbrains/kotlin/fir/expressions/builder/FirAnonymousObjectExpressionBuilder
instanceKlass org/jetbrains/kotlin/fir/types/builder/FirFunctionTypeRefBuilder
instanceKlass org/jetbrains/kotlin/fir/builder/FirFunctionTypeParameterBuilder
instanceKlass org/jetbrains/kotlin/fir/expressions/builder/FirElseIfTrueConditionBuilder
instanceKlass org/jetbrains/kotlin/fir/expressions/builder/FirRegularWhenBranchBuilder
instanceKlass org/jetbrains/kotlin/fir/expressions/builder/FirAbstractWhenBranchBuilder
instanceKlass org/jetbrains/kotlin/fir/lightTree/converter/LightTreeRawFirExpressionBuilder$IfNodeComponents
instanceKlass org/jetbrains/kotlin/fir/expressions/FirArgumentUtilKt
instanceKlass org/jetbrains/kotlin/fir/expressions/builder/FirEqualityOperatorCallBuilder
instanceKlass org/jetbrains/kotlin/fir/expressions/FirOperation$Companion
instanceKlass org/jetbrains/kotlin/com/google/common/math/IntMath$1
instanceKlass org/jetbrains/kotlin/com/google/common/math/MathPreconditions
instanceKlass org/jetbrains/kotlin/com/google/common/math/IntMath
instanceKlass org/jetbrains/kotlin/com/google/common/collect/ImmutableSet$SetBuilderImpl
instanceKlass org/jetbrains/kotlin/types/expressions/OperatorConventions
instanceKlass org/jetbrains/kotlin/fir/expressions/builder/FirWhenExpressionBuilder
instanceKlass org/jetbrains/kotlin/fir/diagnostics/ConeContractShouldBeFirstStatement
instanceKlass org/jetbrains/kotlin/fir/diagnostics/ConeDiagnostic
instanceKlass org/jetbrains/kotlin/utils/addToStdlib/AddToStdlibKt
instanceKlass kotlin/collections/ReversedListReadOnly$listIterator$1
instanceKlass org/jetbrains/kotlin/fir/expressions/builder/FirAnonymousFunctionExpressionBuilder
instanceKlass org/jetbrains/kotlin/fir/expressions/builder/FirBlockBuilder
instanceKlass org/jetbrains/kotlin/fir/builder/FirLabelBuilder
instanceKlass org/jetbrains/kotlin/fir/declarations/builder/FirReceiverParameterBuilder
instanceKlass org/jetbrains/kotlin/fir/declarations/builder/FirAnonymousFunctionBuilder
instanceKlass org/jetbrains/kotlin/fir/types/builder/FirTypeProjectionWithVarianceBuilder
instanceKlass org/jetbrains/kotlin/fir/expressions/builder/FirReturnExpressionBuilder
instanceKlass org/jetbrains/kotlin/fir/expressions/builder/FirElvisExpressionBuilder
instanceKlass org/jetbrains/kotlin/fir/expressions/builder/FirThrowExpressionBuilder
instanceKlass org/jetbrains/kotlin/fir/declarations/builder/FirPropertyAccessorBuilder
instanceKlass org/jetbrains/kotlin/fir/declarations/builder/FirDefaultSetterValueParameterBuilder
instanceKlass org/jetbrains/kotlin/fir/declarations/DelegateFieldsMapKt
instanceKlass org/jetbrains/kotlin/fir/expressions/builder/FirFunctionCallBuilder
instanceKlass org/jetbrains/kotlin/fir/builder/CalleeAndReceiver
instanceKlass org/jetbrains/kotlin/fir/references/builder/FirSimpleNamedReferenceBuilder
instanceKlass org/jetbrains/kotlin/fir/FirAbstractTarget
instanceKlass org/jetbrains/kotlin/fir/FirTarget
instanceKlass org/jetbrains/kotlin/fir/declarations/builder/FirAnonymousObjectBuilder
instanceKlass org/jetbrains/kotlin/fir/expressions/builder/FirConstExpressionBuilderKt
instanceKlass org/jetbrains/kotlin/types/ConstantValueKind
instanceKlass org/jetbrains/kotlin/fir/expressions/builder/FirStringConcatenationCallBuilder
instanceKlass org/jetbrains/kotlin/fir/declarations/utils/FirDeclarationBuildingUtilsKt
instanceKlass org/jetbrains/kotlin/fir/declarations/utils/DeclarationAttributesKt
instanceKlass org/jetbrains/kotlin/fir/declarations/impl/FirDefaultPropertyAccessorKt
instanceKlass org/jetbrains/kotlin/fir/declarations/impl/FirDefaultPropertyAccessor$Companion
instanceKlass org/jetbrains/kotlin/fir/builder/AbstractRawFirBuilderKt
instanceKlass org/jetbrains/kotlin/fir/declarations/impl/FirDefaultPropertyBackingFieldKt
instanceKlass org/jetbrains/kotlin/fir/references/builder/FirPropertyFromParameterResolvedNamedReferenceBuilder
instanceKlass org/jetbrains/kotlin/fir/expressions/builder/FirPropertyAccessExpressionBuilder
instanceKlass org/jetbrains/kotlin/fir/declarations/builder/FirPropertyBuilder
instanceKlass org/jetbrains/kotlin/fir/declarations/builder/FirVariableBuilder
instanceKlass org/jetbrains/kotlin/fir/lightTree/fir/PrimaryConstructor
instanceKlass org/jetbrains/kotlin/fir/declarations/FirDeclarationDataRegistry$DeclarationDataAccessor
instanceKlass org/jetbrains/kotlin/fir/declarations/FirDeclarationDataKey
instanceKlass org/jetbrains/kotlin/fir/ClassMembersKt
instanceKlass org/jetbrains/kotlin/fir/declarations/builder/FirValueParameterBuilder
instanceKlass org/jetbrains/kotlin/fir/declarations/builder/FirPrimaryConstructorBuilder
instanceKlass org/jetbrains/kotlin/fir/declarations/builder/FirAbstractConstructorBuilder
instanceKlass org/jetbrains/kotlin/fir/expressions/builder/FirArgumentListBuilder
instanceKlass org/jetbrains/kotlin/fir/references/builder/FirExplicitSuperReferenceBuilder
instanceKlass org/jetbrains/kotlin/KtSourceElementKt
instanceKlass org/jetbrains/kotlin/fir/UtilsKt
instanceKlass org/jetbrains/kotlin/fir/expressions/builder/FirDelegatedConstructorCallBuilder
instanceKlass org/jetbrains/kotlin/fir/expressions/builder/FirExpressionBuilder
instanceKlass org/jetbrains/kotlin/fir/builder/ConversionUtilsKt
instanceKlass org/jetbrains/kotlin/fir/lightTree/fir/ValueParameter
instanceKlass org/jetbrains/kotlin/mpp/ValueParameterSymbolMarker
instanceKlass org/jetbrains/kotlin/fir/builder/AbstractRawFirBuilder$WhenMappings
instanceKlass org/jetbrains/kotlin/ElementTypeUtils
instanceKlass org/jetbrains/kotlin/fir/lightTree/fir/ClassWrapper
instanceKlass org/jetbrains/kotlin/fir/lightTree/converter/LightTreeRawFirDeclarationBuilder$DelegationSpecifiers
instanceKlass org/jetbrains/kotlin/fir/lightTree/fir/DelegatedConstructorWrapper
instanceKlass org/jetbrains/kotlin/fir/types/builder/FirUserTypeRefBuilder
instanceKlass org/jetbrains/kotlin/fir/types/impl/FirQualifierPartImpl
instanceKlass org/jetbrains/kotlin/fir/types/FirQualifierPart
instanceKlass org/jetbrains/kotlin/fir/types/impl/FirTypeArgumentListImpl
instanceKlass org/jetbrains/kotlin/fir/types/FirTypeArgumentList
instanceKlass org/jetbrains/kotlin/fir/builder/Context$StatusFirTypeParameterSymbolList
instanceKlass org/jetbrains/kotlin/psi/KtPsiUtil
instanceKlass org/jetbrains/kotlin/fir/lightTree/fir/modifier/ModifierFlag$Companion
instanceKlass org/jetbrains/kotlin/fir/lightTree/fir/modifier/Modifier
instanceKlass kotlin/properties/NotNullVar
instanceKlass kotlin/properties/ReadWriteProperty
instanceKlass kotlin/properties/Delegates
instanceKlass kotlin/reflect/KMutableProperty$Setter
instanceKlass org/jetbrains/kotlin/fir/declarations/builder/FirImportBuilder
instanceKlass org/jetbrains/kotlin/fir/builder/FirPackageDirectiveBuilder
instanceKlass org/jetbrains/kotlin/fir/lightTree/converter/ConverterUtilKt
instanceKlass org/jetbrains/kotlin/util/LightTreeUtilsKt
instanceKlass org/jetbrains/kotlin/fir/expressions/builder/FirAbstractFunctionCallBuilder
instanceKlass org/jetbrains/kotlin/fir/expressions/builder/FirQualifiedAccessExpressionBuilder
instanceKlass org/jetbrains/kotlin/fir/expressions/builder/FirCallBuilder
instanceKlass org/jetbrains/kotlin/fir/builder/Context
instanceKlass org/jetbrains/kotlin/fir/builder/AbstractRawFirBuilder
instanceKlass org/jetbrains/kotlin/com/intellij/psi/tree/ILightLazyParseableElementType
instanceKlass org/jetbrains/kotlin/com/intellij/openapi/util/Ref
instanceKlass org/jetbrains/kotlin/com/intellij/lang/impl/PsiBuilderImpl$MyTreeStructure$2
instanceKlass org/jetbrains/kotlin/com/intellij/lang/impl/PsiBuilderImpl$MyTreeStructure$1
instanceKlass org/jetbrains/kotlin/com/intellij/util/containers/LimitedPool
instanceKlass org/jetbrains/kotlin/com/intellij/lang/LighterASTTokenNode
instanceKlass org/jetbrains/kotlin/com/intellij/lang/LighterLazyParseableNode
instanceKlass org/jetbrains/kotlin/com/intellij/lang/impl/PsiBuilderImpl$Token
instanceKlass org/jetbrains/kotlin/com/intellij/util/containers/LimitedPool$ObjectFactory
instanceKlass org/jetbrains/kotlin/com/intellij/lang/impl/PsiBuilderImpl$MyTreeStructure
instanceKlass org/jetbrains/kotlin/com/intellij/util/text/CharSequenceSubSequence
instanceKlass org/jetbrains/kotlin/com/intellij/lang/WhitespacesAndCommentsBinder$RecursiveBinder
instanceKlass org/jetbrains/kotlin/com/intellij/lang/impl/PsiBuilderImpl$RelativeTokenTextView
instanceKlass org/jetbrains/kotlin/parsing/BindAll
instanceKlass org/jetbrains/kotlin/parsing/AllCommentsBinder
instanceKlass org/jetbrains/kotlin/parsing/KotlinWhitespaceAndCommentsBindersKt
instanceKlass org/jetbrains/kotlin/parsing/PrecedingCommentsBinder
instanceKlass org/jetbrains/kotlin/parsing/KotlinParsing$PropertyComponentKind$Collector
instanceKlass org/jetbrains/kotlin/parsing/AbstractKotlinParsing$OptionalMarker
instanceKlass org/jetbrains/kotlin/parsing/PrecedingDocCommentsBinder
instanceKlass org/jetbrains/kotlin/parsing/KotlinParsing$ModifierDetector
instanceKlass java/util/function/IntUnaryOperator
instanceKlass org/jetbrains/kotlin/com/intellij/lang/WhitespacesBinders$2
instanceKlass org/jetbrains/kotlin/com/intellij/lang/WhitespacesBinders$1
instanceKlass org/jetbrains/kotlin/com/intellij/lang/WhitespacesBinders
instanceKlass org/jetbrains/kotlin/parsing/TrailingCommentsBinder
instanceKlass org/jetbrains/kotlin/it/unimi/dsi/fastutil/Arrays
instanceKlass org/jetbrains/kotlin/com/google/common/collect/Hashing
instanceKlass org/jetbrains/kotlin/com/google/common/collect/ImmutableCollection$Builder
instanceKlass org/jetbrains/kotlin/com/google/common/collect/ImmutableMap$Builder
instanceKlass org/jetbrains/kotlin/parsing/AbstractTokenStreamPredicate
instanceKlass org/jetbrains/kotlin/parsing/Consumer
instanceKlass org/jetbrains/kotlin/parsing/AbstractTokenStreamPattern
instanceKlass org/jetbrains/kotlin/parsing/TokenStreamPattern
instanceKlass org/jetbrains/kotlin/parsing/TokenStreamPredicate
instanceKlass org/jetbrains/kotlin/com/intellij/lang/WhitespacesAndCommentsBinder
instanceKlass org/jetbrains/kotlin/parsing/AbstractKotlinParsing
instanceKlass org/jetbrains/kotlin/com/intellij/lang/impl/PsiBuilderAdapter
instanceKlass org/jetbrains/kotlin/parsing/SemanticWhitespaceAwarePsiBuilder
instanceKlass org/jetbrains/kotlin/parsing/KotlinLightParser
instanceKlass org/jetbrains/kotlin/lexer/_JetLexer$State
instanceKlass org/jetbrains/kotlin/com/intellij/lang/impl/TokenSequence$Builder
instanceKlass org/jetbrains/kotlin/com/intellij/lang/impl/TokenSequence
instanceKlass org/jetbrains/kotlin/com/intellij/lexer/TokenList
instanceKlass java/util/BitSet
instanceKlass org/jetbrains/kotlin/it/unimi/dsi/fastutil/ints/IntArrays$ArrayHashStrategy
instanceKlass org/jetbrains/kotlin/it/unimi/dsi/fastutil/ints/IntArrays$Segment
instanceKlass org/jetbrains/kotlin/it/unimi/dsi/fastutil/ints/IntArrays
instanceKlass org/jetbrains/kotlin/it/unimi/dsi/fastutil/ints/IntListIterator
instanceKlass org/jetbrains/kotlin/it/unimi/dsi/fastutil/ints/IntBidirectionalIterator
instanceKlass org/jetbrains/kotlin/it/unimi/dsi/fastutil/ints/IntSpliterator
instanceKlass org/jetbrains/kotlin/it/unimi/dsi/fastutil/ints/IntIterator
instanceKlass java/util/PrimitiveIterator$OfInt
instanceKlass java/util/PrimitiveIterator
instanceKlass java/util/function/IntConsumer
instanceKlass org/jetbrains/kotlin/it/unimi/dsi/fastutil/ints/IntStack
instanceKlass org/jetbrains/kotlin/it/unimi/dsi/fastutil/objects/ObjectArrays$ArrayHashStrategy
instanceKlass org/jetbrains/kotlin/it/unimi/dsi/fastutil/objects/ObjectArrays
instanceKlass org/jetbrains/kotlin/it/unimi/dsi/fastutil/objects/ObjectListIterator
instanceKlass org/jetbrains/kotlin/it/unimi/dsi/fastutil/objects/ObjectBidirectionalIterator
instanceKlass org/jetbrains/kotlin/it/unimi/dsi/fastutil/BidirectionalIterator
instanceKlass org/jetbrains/kotlin/it/unimi/dsi/fastutil/objects/ObjectList
instanceKlass org/jetbrains/kotlin/it/unimi/dsi/fastutil/Stack
instanceKlass org/jetbrains/kotlin/com/intellij/lang/WhitespacesAndCommentsBinder$TokenTextGetter
instanceKlass org/jetbrains/kotlin/com/intellij/lang/PsiBuilder$Marker
instanceKlass org/jetbrains/kotlin/com/intellij/lang/SyntaxTreeBuilder$Marker
instanceKlass org/jetbrains/kotlin/com/intellij/lang/impl/PsiBuilderImpl$ProductionMarker
instanceKlass org/jetbrains/kotlin/com/intellij/lang/impl/PsiBuilderImpl$Node
instanceKlass org/jetbrains/kotlin/com/intellij/lang/LighterASTNode
instanceKlass org/jetbrains/kotlin/com/intellij/util/diff/ShallowNodeComparator
instanceKlass org/jetbrains/kotlin/com/intellij/util/diff/DiffTreeChangeBuilder
instanceKlass org/jetbrains/kotlin/com/intellij/openapi/util/UnprotectedUserDataHolder
instanceKlass org/jetbrains/kotlin/lexer/_JetLexer
instanceKlass org/jetbrains/kotlin/com/intellij/lexer/FlexLexer
instanceKlass org/jetbrains/kotlin/com/intellij/lexer/LexerPosition
instanceKlass org/jetbrains/kotlin/fir/lightTree/LightTreeParsingErrorListener
instanceKlass org/jetbrains/kotlin/fir/lightTree/LightTreeParsingErrorListenerKt$toKotlinParsingErrorListener$diagnosticContext$1
instanceKlass org/jetbrains/kotlin/diagnostics/DiagnosticContext
instanceKlass org/jetbrains/kotlin/fir/lightTree/LightTreeParsingErrorListenerKt
instanceKlass org/jetbrains/kotlin/KtSourceFileLinesMappingFromLineStartOffsets
instanceKlass org/jetbrains/kotlin/KtSourceFileLinesMapping
instanceKlass org/jetbrains/kotlin/KtSourceFileLinesMappingKt
instanceKlass org/jetbrains/kotlin/com/intellij/openapi/vfs/CharsetToolkit
instanceKlass org/jetbrains/kotlin/fir/lightTree/LightTree2Fir$Companion
instanceKlass org/jetbrains/kotlin/fir/lightTree/LightTree2Fir
instanceKlass org/jetbrains/kotlin/fir/session/SourcesToPathsMapperKt
instanceKlass org/jetbrains/kotlin/fir/pipeline/FirUtilsKt
instanceKlass org/jetbrains/kotlin/cli/common/SessionWithSources
instanceKlass org/jetbrains/kotlin/fir/java/FirJavaElementFinder$fileCache$1
instanceKlass org/jetbrains/kotlin/fir/java/FirJavaElementFinderKt
instanceKlass org/jetbrains/kotlin/fir/resolve/providers/FirProviderKt
instanceKlass java/util/function/BiPredicate
instanceKlass org/jetbrains/kotlin/com/intellij/util/containers/ImmutableList$Itr
instanceKlass org/jetbrains/kotlin/com/intellij/diagnostic/Activity
instanceKlass org/jetbrains/kotlin/com/intellij/diagnostic/StartUpMeasurer
instanceKlass org/jetbrains/kotlin/com/intellij/openapi/vfs/VirtualFileWithId
instanceKlass org/jetbrains/kotlin/it/unimi/dsi/fastutil/ints/IntList
instanceKlass org/jetbrains/kotlin/com/intellij/openapi/vfs/VirtualFileSetEx
instanceKlass org/jetbrains/kotlin/fir/java/JavaSymbolProvider$ClassCacheContext
instanceKlass org/jetbrains/kotlin/fir/extensions/FirDeclarationGenerationExtensionKt
instanceKlass org/jetbrains/kotlin/fir/extensions/FirExtensionDeclarationsSymbolProvider$Companion
instanceKlass org/jetbrains/kotlin/fir/extensions/FirSwitchableExtensionDeclarationsSymbolProvider$Companion
instanceKlass kotlin/comparisons/ComparisonsKt__ComparisonsKt
instanceKlass org/jetbrains/kotlin/fir/session/FirAbstractSessionFactory$computeDependencyProviderList$$inlined$sortedBy$1
instanceKlass org/jetbrains/kotlin/fir/resolve/providers/FirSymbolProviderKt
instanceKlass org/jetbrains/kotlin/fir/analysis/extensions/FirAdditionalCheckersExtensionKt
instanceKlass kotlin/text/LinesIterator$State
instanceKlass kotlin/text/LinesIterator
instanceKlass kotlin/text/StringsKt__StringsKt$lineSequence$$inlined$Sequence$1
instanceKlass org/jetbrains/kotlin/fir/analysis/checkers/config/FirLanguageVersionSettingsChecker
instanceKlass org/jetbrains/kotlin/fir/resolve/providers/impl/FirExtensionSyntheticFunctionInterfaceProviderKt
instanceKlass org/jetbrains/kotlin/utils/CollectionsKt
instanceKlass org/jetbrains/kotlin/builtins/StandardNames$FqNames
instanceKlass org/jetbrains/kotlin/fir/analysis/checkers/expression/AbstractFirReflectionApiCallChecker$Companion
instanceKlass org/jetbrains/kotlin/load/kotlin/SignatureBuildingComponents
instanceKlass org/jetbrains/kotlin/load/java/SpecialGenericSignatures$Companion$NameAndSignature
instanceKlass org/jetbrains/kotlin/builtins/PrimitiveType$Companion
instanceKlass org/jetbrains/kotlin/load/java/SpecialGenericSignatures$Companion
instanceKlass org/jetbrains/kotlin/load/java/SpecialGenericSignatures
instanceKlass org/jetbrains/kotlin/fir/expressions/FirCall
instanceKlass org/jetbrains/kotlin/fir/diagnostics/FirDiagnosticHolder
instanceKlass org/jetbrains/kotlin/KtSourceElementKind
instanceKlass org/jetbrains/kotlin/mpp/PropertySymbolMarker
instanceKlass org/jetbrains/kotlin/fir/analysis/cfa/AbstractFirPropertyInitializationChecker
instanceKlass org/jetbrains/kotlin/fir/analysis/checkers/cfa/FirControlFlowChecker
instanceKlass org/jetbrains/kotlin/fir/analysis/checkers/expression/FirMissingDependencyClassProxy
instanceKlass org/jetbrains/kotlin/fir/analysis/checkers/declaration/FirValueClassDeclarationChecker$Companion
instanceKlass org/jetbrains/kotlin/fir/expressions/FirResolvable
instanceKlass org/jetbrains/kotlin/fir/expressions/FirContextArgumentListOwner
instanceKlass org/jetbrains/kotlin/AbstractKtSourceElement
instanceKlass org/jetbrains/kotlin/resolve/checkers/OptInNames
instanceKlass org/jetbrains/kotlin/fir/analysis/checkers/syntax/FirSyntaxChecker
instanceKlass org/jetbrains/kotlin/mpp/ConstructorSymbolMarker
instanceKlass org/jetbrains/kotlin/fir/analysis/CheckersComponentKt
instanceKlass org/jetbrains/kotlin/fir/checkers/CheckersContainersKt
instanceKlass org/jetbrains/kotlin/fir/resolve/providers/impl/FirProviderImpl$State
instanceKlass org/jetbrains/kotlin/fir/resolve/ScopeSession
instanceKlass org/jetbrains/kotlin/fir/java/FirJvmTargetProvider
instanceKlass org/jetbrains/kotlin/fir/resolve/transformers/mpp/FirExpectActualMatchingContextImpl$Factory
instanceKlass org/jetbrains/kotlin/fir/FirExpectActualMatchingContextFactory
instanceKlass org/jetbrains/kotlin/fir/session/SourcesToPathsMapper
instanceKlass org/jetbrains/kotlin/fir/FirModuleDataKt
instanceKlass org/jetbrains/kotlin/fir/FirModuleVisibilityChecker
instanceKlass org/jetbrains/kotlin/fir/FirNameConflictsTrackerComponent
instanceKlass org/jetbrains/kotlin/fir/analysis/checkers/LanguageVersionSettingsCheckers$Companion
instanceKlass org/jetbrains/kotlin/fir/analysis/checkers/LanguageVersionSettingsCheckers
instanceKlass org/jetbrains/kotlin/fir/analysis/checkers/type/FirTypeChecker
instanceKlass org/jetbrains/kotlin/fir/analysis/checkers/type/TypeCheckers$Companion
instanceKlass org/jetbrains/kotlin/fir/analysis/checkers/type/TypeCheckers
instanceKlass org/jetbrains/kotlin/fir/analysis/checkers/expression/FirExpressionChecker
instanceKlass org/jetbrains/kotlin/fir/analysis/checkers/expression/ExpressionCheckers$Companion
instanceKlass org/jetbrains/kotlin/fir/analysis/checkers/expression/ExpressionCheckers
instanceKlass org/jetbrains/kotlin/fir/analysis/checkers/declaration/FirDeclarationChecker
instanceKlass org/jetbrains/kotlin/fir/analysis/checkers/FirCheckerWithMppKind
instanceKlass org/jetbrains/kotlin/fir/analysis/checkers/declaration/DeclarationCheckers$Companion
instanceKlass org/jetbrains/kotlin/fir/analysis/checkers/declaration/DeclarationCheckers
instanceKlass org/jetbrains/kotlin/fir/analysis/CheckersComponent
instanceKlass org/jetbrains/kotlin/fir/resolve/FirTypeResolver
instanceKlass org/jetbrains/kotlin/fir/resolve/FirQualifierResolver
instanceKlass org/jetbrains/kotlin/fir/session/FirJvmSessionFactory$SourceContext
instanceKlass org/jetbrains/kotlin/fir/session/FirJvmIncrementalCompilationSymbolProviders
instanceKlass org/jetbrains/kotlin/cli/common/SessionConstructionUtils$createSingleSession$session$1
instanceKlass org/jetbrains/kotlin/cli/common/SessionConstructionUtils$prepareSessions$sessionConfigurator$1
instanceKlass org/jetbrains/kotlin/fir/resolve/providers/FirProvider
instanceKlass org/jetbrains/kotlin/fir/resolve/providers/FirCompositeCachedSymbolNamesProvider$Companion
instanceKlass org/jetbrains/kotlin/fir/resolve/providers/FirCompositeSymbolNamesProvider$Companion
instanceKlass org/jetbrains/kotlin/fir/resolve/providers/impl/FirCachingCompositeSymbolProvider$special$$inlined$createCache$5
instanceKlass org/jetbrains/kotlin/fir/resolve/providers/impl/FirCachingCompositeSymbolProvider$special$$inlined$createCache$4
instanceKlass org/jetbrains/kotlin/fir/resolve/providers/impl/FirCachingCompositeSymbolProvider$special$$inlined$createCache$3
instanceKlass org/jetbrains/kotlin/fir/resolve/providers/impl/FirCachingCompositeSymbolProvider$special$$inlined$createCache$2
instanceKlass org/jetbrains/kotlin/fir/resolve/providers/impl/FirCachingCompositeSymbolProvider$special$$inlined$createCache$1
instanceKlass org/jetbrains/kotlin/fir/deserialization/AbstractAnnotationDeserializer
instanceKlass org/jetbrains/kotlin/fir/java/deserialization/OptionalAnnotationClassesProvider$Companion
instanceKlass org/jetbrains/kotlin/fir/declarations/FirResolvedToPhaseState$Companion
instanceKlass org/jetbrains/kotlin/fir/declarations/FirResolveState
instanceKlass org/jetbrains/kotlin/fir/declarations/FirResolveStateKt
instanceKlass org/jetbrains/kotlin/fir/FirTargetElement
instanceKlass org/jetbrains/kotlin/fir/declarations/FirTypeParametersOwner
instanceKlass org/jetbrains/kotlin/fir/declarations/FirContractDescriptionOwner
instanceKlass org/jetbrains/kotlin/name/SpecialNames
instanceKlass org/jetbrains/kotlin/name/CallableId$Companion
instanceKlass org/jetbrains/kotlin/name/CallableId
instanceKlass org/jetbrains/kotlin/name/StandardClassIds$Callables
instanceKlass org/jetbrains/kotlin/descriptors/EffectiveVisibilityKt
instanceKlass org/jetbrains/kotlin/fir/EffectiveVisibilityUtilsKt
instanceKlass org/jetbrains/kotlin/fir/declarations/builder/FirSimpleFunctionBuilder
instanceKlass org/jetbrains/kotlin/fir/declarations/builder/FirTypeParametersOwnerBuilder
instanceKlass org/jetbrains/kotlin/fir/declarations/builder/FirFunctionBuilder
instanceKlass org/jetbrains/kotlin/descriptors/EffectiveVisibility
instanceKlass org/jetbrains/kotlin/descriptors/Modality$Companion
instanceKlass org/jetbrains/kotlin/descriptors/Visibility
instanceKlass org/jetbrains/kotlin/fir/declarations/impl/FirResolvedDeclarationStatusImpl$Companion
instanceKlass org/jetbrains/kotlin/fir/declarations/FirResolvedDeclarationStatus
instanceKlass org/jetbrains/kotlin/fir/declarations/FirDeclarationStatus
instanceKlass org/jetbrains/kotlin/fir/declarations/DeprecationsProvider
instanceKlass org/jetbrains/kotlin/fir/declarations/FirResolvePhase$Companion
instanceKlass org/jetbrains/kotlin/fir/declarations/builder/FirRegularClassBuilder
instanceKlass org/jetbrains/kotlin/fir/declarations/builder/FirTypeParameterRefsOwnerBuilder
instanceKlass org/jetbrains/kotlin/fir/declarations/builder/FirClassBuilder
instanceKlass org/jetbrains/kotlin/fir/declarations/builder/FirDeclarationBuilder
instanceKlass org/jetbrains/kotlin/cli/jvm/index/JvmDependenciesIndexImpl$ClassSearchRequest
instanceKlass org/jetbrains/kotlin/cli/jvm/index/JvmDependenciesIndexImpl$ClassSearchResult
instanceKlass org/jetbrains/kotlin/cli/jvm/index/JvmDependenciesIndexImpl$WhenMappings
instanceKlass org/jetbrains/kotlin/com/intellij/util/containers/IntArrayList
instanceKlass java/util/LinkedList$ListItr
instanceKlass kotlin/Triple
instanceKlass java/util/LinkedList$Node
instanceKlass org/jetbrains/kotlin/metadata/deserialization/NameResolverImpl$WhenMappings
instanceKlass org/jetbrains/kotlin/serialization/deserialization/NameResolverUtilKt
instanceKlass org/jetbrains/kotlin/serialization/deserialization/ProtoBasedClassDataFinder
instanceKlass org/jetbrains/kotlin/serialization/deserialization/ClassDataFinder
instanceKlass org/jetbrains/kotlin/metadata/ProtoBuf$Type$Argument$Projection$1
instanceKlass org/jetbrains/kotlin/metadata/ProtoBuf$Type$ArgumentOrBuilder
instanceKlass org/jetbrains/kotlin/metadata/ProtoBuf$PackageFragmentOrBuilder
instanceKlass kotlin/collections/IntIterator
instanceKlass org/jetbrains/kotlin/metadata/builtins/BuiltInsBinaryVersion$Companion
instanceKlass org/jetbrains/kotlin/fir/resolve/providers/impl/BinaryVersionAndPackageFragment$Companion
instanceKlass org/jetbrains/kotlin/fir/resolve/providers/impl/BinaryVersionAndPackageFragment
instanceKlass org/jetbrains/kotlin/fir/resolve/providers/impl/AbstractFirBuiltinSymbolProvider$BuiltInsPackageFragment
instanceKlass org/jetbrains/kotlin/fir/resolve/providers/impl/FirFallbackBuiltinSymbolProvider$Companion
instanceKlass org/jetbrains/kotlin/fir/java/deserialization/AnnotationsLoader
instanceKlass org/jetbrains/kotlin/fir/deserialization/AbstractFirDeserializedSymbolProvider$special$$inlined$createCache$4
instanceKlass org/jetbrains/kotlin/fir/deserialization/AbstractFirDeserializedSymbolProvider$special$$inlined$createCache$3
instanceKlass org/jetbrains/kotlin/mpp/RegularClassSymbolMarker
instanceKlass org/jetbrains/kotlin/mpp/TypeAliasSymbolMarker
instanceKlass org/jetbrains/kotlin/fir/deserialization/FirDeserializationContext
instanceKlass org/jetbrains/kotlin/fir/deserialization/AbstractFirDeserializedSymbolProvider$special$$inlined$createCache$2
instanceKlass org/jetbrains/kotlin/fir/deserialization/AbstractFirDeserializedSymbolProvider$special$$inlined$createCache$1
instanceKlass kotlin/UnsafeLazyImpl
instanceKlass org/jetbrains/kotlin/fir/caches/FirLazyValue
instanceKlass org/jetbrains/kotlin/fir/resolve/providers/FirSymbolNamesProvider
instanceKlass org/jetbrains/kotlin/serialization/SerializerExtensionProtocol
instanceKlass org/jetbrains/kotlin/fir/declarations/FirDeclarationOrigin
instanceKlass org/jetbrains/kotlin/fir/java/FirJavaFacade$special$$inlined$createCache$2
instanceKlass org/jetbrains/kotlin/fir/java/FirJavaFacade$special$$inlined$createCache$1
instanceKlass org/jetbrains/kotlin/resolve/jvm/TopPackageNamesProvider
instanceKlass org/jetbrains/kotlin/load/java/AbstractJavaClassFinder
instanceKlass org/jetbrains/kotlin/load/java/JavaClassFinder
instanceKlass org/jetbrains/kotlin/load/java/JavaClassFinderImplKt
instanceKlass org/jetbrains/kotlin/fir/java/FirJavaFacade$Companion
instanceKlass org/jetbrains/kotlin/fir/java/FirJavaFacade
instanceKlass org/jetbrains/kotlin/fir/java/FirJavaAwareSymbolProvider
instanceKlass org/jetbrains/kotlin/builtins/functions/FunctionTypeKindKt
instanceKlass org/jetbrains/kotlin/fir/types/FirFunctionTypeKindServiceKt
instanceKlass org/jetbrains/kotlin/fir/resolve/providers/impl/FirExtensionSyntheticFunctionInterfaceProvider$Companion
instanceKlass org/jetbrains/kotlin/fir/resolve/providers/impl/FirSyntheticFunctionInterfaceProviderBase$Companion
instanceKlass org/jetbrains/kotlin/fir/serialization/FirProvidedDeclarationsForMetadataService$Companion
instanceKlass org/jetbrains/kotlin/fir/serialization/FirProvidedDeclarationsForMetadataService
instanceKlass org/jetbrains/kotlin/builtins/functions/FunctionTypeKindExtractor$Companion
instanceKlass org/jetbrains/kotlin/builtins/functions/FunctionTypeKindExtractor
instanceKlass kotlin/collections/builders/ListBuilder$Itr
instanceKlass kotlin/jvm/internal/markers/KMutableListIterator
instanceKlass org/jetbrains/kotlin/fir/extensions/FirFunctionTypeKindExtensionKt
instanceKlass org/jetbrains/kotlin/fir/types/FirFunctionTypeKindServiceImpl$extractor$1$kinds$1$registrar$1
instanceKlass org/jetbrains/kotlin/fir/extensions/FirFunctionTypeKindExtension$FunctionTypeKindRegistrar
instanceKlass org/jetbrains/kotlin/builtins/StandardNames
instanceKlass org/jetbrains/kotlin/builtins/functions/FunctionTypeKind
instanceKlass org/jetbrains/kotlin/fir/types/FirFunctionTypeKindService
instanceKlass org/jetbrains/kotlin/fir/extensions/FirDeclarationPredicateRegistrar
instanceKlass org/jetbrains/kotlin/fir/extensions/FirExtensionSessionComponentKt
instanceKlass org/jetbrains/kotlin/fir/extensions/FirExtensionRegistrarKt
instanceKlass org/jetbrains/kotlin/fir/extensions/FirExtensionServiceKt
instanceKlass org/jetbrains/kotlin/fir/extensions/BunchOfRegisteredExtensions$Companion
instanceKlass org/jetbrains/kotlin/fir/extensions/BunchOfRegisteredExtensions
instanceKlass org/jetbrains/kotlin/fir/session/FirSessionConfigurator
instanceKlass org/jetbrains/kotlin/fir/resolve/scopes/JvmMappedScopesKt
instanceKlass org/jetbrains/kotlin/resolve/ImportPath$Companion
instanceKlass org/jetbrains/kotlin/resolve/ImportPath
instanceKlass org/jetbrains/kotlin/fir/resolve/substitution/AbstractConeSubstitutor$Companion
instanceKlass org/jetbrains/kotlin/fir/resolve/substitution/ConeSubstitutor
instanceKlass org/jetbrains/kotlin/types/model/TypeSubstitutorMarker
instanceKlass org/jetbrains/kotlin/fir/analysis/jvm/checkers/FirJavaNullabilityWarningUpperBoundsProvider
instanceKlass org/jetbrains/kotlin/fir/analysis/checkers/FirPlatformUpperBoundsProvider
instanceKlass org/jetbrains/kotlin/fir/scopes/jvm/FirJvmDelegatedMembersFilter$Companion
instanceKlass org/jetbrains/kotlin/fir/analysis/checkers/expression/FirGenericArrayClassLiteralSupport$Enabled
instanceKlass org/jetbrains/kotlin/fir/analysis/checkers/FirInlineCheckerPlatformSpecificComponent
instanceKlass org/jetbrains/kotlin/fir/resolve/calls/FirSyntheticNamesProvider
instanceKlass org/jetbrains/kotlin/resolve/jvm/JvmTypeSpecificityComparator
instanceKlass org/jetbrains/kotlin/fir/declarations/FirTypeSpecificityComparatorProvider
instanceKlass org/jetbrains/kotlin/name/JvmStandardClassIds
instanceKlass org/jetbrains/kotlin/name/JvmStandardClassIds$Annotations
instanceKlass org/jetbrains/kotlin/name/JvmStandardClassIds$Annotations$Java
instanceKlass org/jetbrains/kotlin/fir/resolve/transformers/plugin/CompilerRequiredAnnotationEnhancementProvider
instanceKlass org/jetbrains/kotlin/fir/java/deserialization/FirJvmDeserializationExtension$Companion
instanceKlass org/jetbrains/kotlin/fir/deserialization/FirDeserializationExtension
instanceKlass kotlin/reflect/jvm/internal/pcollections/ConsPStack$Itr
instanceKlass org/jetbrains/kotlin/fir/scopes/FirOverrideCheckerKt
instanceKlass org/jetbrains/kotlin/fir/java/scopes/JavaOverridabilityRules
instanceKlass org/jetbrains/kotlin/fir/scopes/PlatformSpecificOverridabilityRules
instanceKlass org/jetbrains/kotlin/name/JvmStandardClassIdsKt
instanceKlass org/jetbrains/kotlin/name/JvmStandardClassIds$Java
instanceKlass org/jetbrains/kotlin/fir/java/JvmSupertypeUpdater$DelegatedConstructorCallTransformer$Companion
instanceKlass org/jetbrains/kotlin/fir/visitors/FirVisitor
instanceKlass org/jetbrains/kotlin/fir/resolve/transformers/PlatformSupertypeUpdater
instanceKlass org/jetbrains/kotlin/fir/java/FirJvmDefaultModeComponent
instanceKlass org/jetbrains/kotlin/fir/java/FirSyntheticPropertiesStorage$special$$inlined$createCache$1
instanceKlass org/jetbrains/kotlin/fir/java/FirSyntheticPropertiesStorage
instanceKlass org/jetbrains/kotlin/load/java/AbstractAnnotationTypeQualifierResolver$Companion
instanceKlass org/jetbrains/kotlin/load/java/AbstractAnnotationTypeQualifierResolver
instanceKlass org/jetbrains/kotlin/fir/modules/FirJavaModuleResolverProvider
instanceKlass org/jetbrains/kotlin/resolve/jvm/modules/JavaModuleResolver$SERVICE
instanceKlass org/jetbrains/kotlin/fir/analysis/checkers/FirIdentityLessPlatformDeterminer
instanceKlass org/jetbrains/kotlin/resolve/checkers/ClassifierUsageCheckerContext
instanceKlass org/jetbrains/kotlin/resolve/calls/context/ResolutionContext
instanceKlass java/lang/annotation/Documented
instanceKlass kotlin/annotation/MustBeDocumented
instanceKlass kotlin/jvm/JvmStatic
instanceKlass org/jetbrains/kotlin/descriptors/ModuleDescriptor
instanceKlass org/jetbrains/kotlin/resolve/BindingTrace
instanceKlass org/jetbrains/kotlin/descriptors/ClassifierDescriptor
instanceKlass org/jetbrains/kotlin/descriptors/SourceElement
instanceKlass org/jetbrains/kotlin/resolve/calls/checkers/CallCheckerContext
instanceKlass org/jetbrains/kotlin/resolve/calls/model/ResolvedCall
instanceKlass org/jetbrains/kotlin/resolve/scopes/receivers/ReceiverValue
instanceKlass org/jetbrains/kotlin/resolve/scopes/receivers/Receiver
instanceKlass org/jetbrains/kotlin/descriptors/annotations/AnnotationDescriptor
instanceKlass org/jetbrains/kotlin/diagnostics/DiagnosticSink
instanceKlass org/jetbrains/kotlin/descriptors/VariableDescriptor
instanceKlass org/jetbrains/kotlin/descriptors/ValueDescriptor
instanceKlass org/jetbrains/kotlin/container/ConstructorInfo
instanceKlass org/jetbrains/kotlin/com/intellij/util/ObjectUtilsRt
instanceKlass kotlin/annotation/Retention
instanceKlass org/jetbrains/kotlin/container/DefaultImplementation
instanceKlass sun/reflect/generics/tree/ClassSignature
instanceKlass sun/reflect/generics/tree/Signature
instanceKlass sun/reflect/generics/tree/FormalTypeParameter
instanceKlass sun/reflect/generics/repository/AbstractRepository
instanceKlass jdk/internal/vm/annotation/IntrinsicCandidate
instanceKlass org/jetbrains/kotlin/resolve/checkers/DeclarationCheckerContext
instanceKlass org/jetbrains/kotlin/resolve/checkers/CheckerContext
instanceKlass org/jetbrains/kotlin/container/ClassInfo
instanceKlass org/jetbrains/kotlin/container/ClassTraversalCache
instanceKlass org/jetbrains/kotlin/container/CacheKt
instanceKlass org/jetbrains/kotlin/container/DynamicComponentDescriptor
instanceKlass org/jetbrains/kotlin/container/InstanceComponentDescriptor
instanceKlass org/jetbrains/kotlin/container/ComponentDescriptor
instanceKlass org/jetbrains/kotlin/container/ValueDescriptor
instanceKlass org/jetbrains/kotlin/container/ContainerKt
instanceKlass org/jetbrains/kotlin/resolve/checkers/PlatformDiagnosticSuppressor
instanceKlass org/jetbrains/kotlin/resolve/lazy/AbsentDescriptorHandler
instanceKlass org/jetbrains/kotlin/types/DynamicTypesSettings
instanceKlass org/jetbrains/kotlin/resolve/calls/results/TypeSpecificityComparator$NONE
instanceKlass org/jetbrains/kotlin/resolve/calls/results/TypeSpecificityComparator
instanceKlass org/jetbrains/kotlin/resolve/IdentifierChecker
instanceKlass org/jetbrains/kotlin/container/PlatformSpecificExtension
instanceKlass org/jetbrains/kotlin/container/PlatformExtensionsClashResolver
instanceKlass org/jetbrains/kotlin/resolve/checkers/OptionalExpectationUsageChecker
instanceKlass org/jetbrains/kotlin/resolve/checkers/MissingDependencyClassChecker$ClassifierUsage
instanceKlass org/jetbrains/kotlin/resolve/checkers/ApiVersionClassifierUsageChecker
instanceKlass org/jetbrains/kotlin/resolve/checkers/DeprecatedClassifierUsageChecker
instanceKlass org/jetbrains/kotlin/resolve/checkers/ClassifierUsageChecker
instanceKlass org/jetbrains/kotlin/resolve/calls/checkers/EnumEntriesUnsupportedChecker
instanceKlass org/jetbrains/kotlin/resolve/calls/checkers/CustomEnumEntriesMigrationCallChecker
instanceKlass org/jetbrains/kotlin/resolve/calls/checkers/CompanionIncorrectlyUnboundedWhenUsedAsLHSCallChecker
instanceKlass org/jetbrains/kotlin/resolve/calls/checkers/IncorrectCapturedApproximationCallChecker
instanceKlass org/jetbrains/kotlin/resolve/calls/checkers/BuilderInferenceAssignmentChecker
instanceKlass org/jetbrains/kotlin/resolve/calls/checkers/UnsupportedUntilOperatorChecker
instanceKlass org/jetbrains/kotlin/resolve/calls/checkers/EqualityCallChecker
instanceKlass org/jetbrains/kotlin/resolve/calls/checkers/ResolutionToPrivateConstructorOfSealedClassChecker
instanceKlass org/jetbrains/kotlin/resolve/calls/checkers/CompanionInParenthesesLHSCallChecker
instanceKlass org/jetbrains/kotlin/resolve/calls/checkers/EnumEntryVsCompanionPriorityCallChecker
instanceKlass org/jetbrains/kotlin/resolve/calls/checkers/NewSchemeOfIntegerOperatorResolutionChecker
instanceKlass org/jetbrains/kotlin/resolve/calls/checkers/SelfCallInNestedObjectConstructorChecker
instanceKlass org/jetbrains/kotlin/resolve/calls/checkers/VarargWrongExecutionOrderChecker
instanceKlass org/jetbrains/kotlin/resolve/calls/checkers/ReferencingToUnderscoreNamedParameterOfCatchBlockChecker
instanceKlass org/jetbrains/kotlin/resolve/checkers/NullableExtensionOperatorWithSafeCallChecker
instanceKlass org/jetbrains/kotlin/resolve/calls/checkers/FunInterfaceConstructorReferenceChecker
instanceKlass org/jetbrains/kotlin/resolve/calls/checkers/UnitConversionCallChecker
instanceKlass org/jetbrains/kotlin/resolve/calls/checkers/SuspendConversionCallChecker
instanceKlass org/jetbrains/kotlin/resolve/calls/checkers/AbstractClassInstantiationChecker
instanceKlass org/jetbrains/kotlin/resolve/checkers/MissingDependencySupertypeChecker$ForCalls
instanceKlass org/jetbrains/kotlin/diagnostics/Diagnostic
instanceKlass org/jetbrains/kotlin/diagnostics/UnboundDiagnostic
instanceKlass org/jetbrains/kotlin/diagnostics/DiagnosticMarker
instanceKlass org/jetbrains/kotlin/resolve/calls/checkers/ReifiedTypeParameterSubstitutionChecker
instanceKlass org/jetbrains/kotlin/resolve/calls/checkers/ContractNotAllowedCallChecker
instanceKlass org/jetbrains/kotlin/resolve/calls/checkers/NamedFunAsExpressionChecker
instanceKlass org/jetbrains/kotlin/resolve/calls/checkers/NullableVarargArgumentCallChecker
instanceKlass org/jetbrains/kotlin/resolve/calls/checkers/ResultTypeWithNullableOperatorsChecker
instanceKlass org/jetbrains/kotlin/resolve/calls/checkers/UselessElvisCallChecker
instanceKlass org/jetbrains/kotlin/resolve/calls/checkers/LambdaWithSuspendModifierCallChecker
instanceKlass org/jetbrains/kotlin/resolve/checkers/PrimitiveNumericComparisonCallChecker
instanceKlass org/jetbrains/kotlin/resolve/calls/checkers/ImplicitNothingAsTypeParameterCallChecker
instanceKlass org/jetbrains/kotlin/resolve/calls/checkers/AssigningNamedArgumentToVarargChecker
instanceKlass org/jetbrains/kotlin/resolve/calls/checkers/UnderscoreUsageChecker
instanceKlass org/jetbrains/kotlin/resolve/calls/checkers/CallableReferenceCompatibilityChecker
instanceKlass org/jetbrains/kotlin/resolve/checkers/MissingDependencyClassChecker
instanceKlass org/jetbrains/kotlin/resolve/calls/checkers/DslScopeViolationCallChecker
instanceKlass org/jetbrains/kotlin/resolve/calls/checkers/BuilderFunctionsCallChecker
instanceKlass org/jetbrains/kotlin/resolve/calls/checkers/CoroutineSuspendCallChecker
instanceKlass org/jetbrains/kotlin/resolve/calls/checkers/ApiVersionCallChecker
instanceKlass org/jetbrains/kotlin/descriptors/ConstructorDescriptor
instanceKlass org/jetbrains/kotlin/descriptors/FunctionDescriptor
instanceKlass org/jetbrains/kotlin/descriptors/CallableMemberDescriptor
instanceKlass org/jetbrains/kotlin/descriptors/MemberDescriptor
instanceKlass org/jetbrains/kotlin/descriptors/CallableDescriptor
instanceKlass org/jetbrains/kotlin/descriptors/Substitutable
instanceKlass org/jetbrains/kotlin/descriptors/DeclarationDescriptorWithVisibility
instanceKlass org/jetbrains/kotlin/descriptors/DeclarationDescriptorNonRoot
instanceKlass org/jetbrains/kotlin/descriptors/DeclarationDescriptorWithSource
instanceKlass org/jetbrains/kotlin/descriptors/DeclarationDescriptor
instanceKlass org/jetbrains/kotlin/descriptors/ValidateableDescriptor
instanceKlass org/jetbrains/kotlin/descriptors/Named
instanceKlass org/jetbrains/kotlin/resolve/calls/checkers/ProtectedConstructorCallChecker
instanceKlass org/jetbrains/kotlin/resolve/calls/checkers/ConstructorHeaderCallChecker
instanceKlass org/jetbrains/kotlin/resolve/calls/checkers/OperatorCallChecker$Companion
instanceKlass org/jetbrains/kotlin/resolve/calls/checkers/OperatorCallChecker
instanceKlass org/jetbrains/kotlin/resolve/calls/checkers/InfixCallChecker
instanceKlass org/jetbrains/kotlin/resolve/calls/checkers/CallReturnsArrayOfNothingChecker
instanceKlass org/jetbrains/kotlin/psi/KtOperationExpression
instanceKlass org/jetbrains/kotlin/BlockExpressionElementType$Companion
instanceKlass org/jetbrains/kotlin/psi/stubs/KotlinScriptStub
instanceKlass org/jetbrains/kotlin/psi/stubs/KotlinPlaceHolderWithTextStub
instanceKlass org/jetbrains/kotlin/com/intellij/psi/LiteralTextEscaper
instanceKlass org/jetbrains/kotlin/com/intellij/psi/ContributedReferenceHost
instanceKlass org/jetbrains/kotlin/psi/stubs/KotlinCollectionLiteralExpressionStub
instanceKlass org/jetbrains/kotlin/psi/stubs/KotlinClassLiteralExpressionStub
instanceKlass org/jetbrains/kotlin/psi/KtDoubleColonExpression
instanceKlass org/jetbrains/kotlin/psi/stubs/KotlinConstantExpressionStub
instanceKlass org/jetbrains/kotlin/psi/stubs/elements/KtConstantExpressionElementType$Companion
instanceKlass org/jetbrains/kotlin/psi/stubs/KotlinContextReceiverStub
instanceKlass org/jetbrains/kotlin/psi/LambdaArgument
instanceKlass org/jetbrains/kotlin/psi/stubs/KotlinContractEffectStub
instanceKlass org/jetbrains/kotlin/psi/ValueArgumentName
instanceKlass org/jetbrains/kotlin/psi/stubs/KotlinValueArgumentStub
instanceKlass org/jetbrains/kotlin/psi/ValueArgument
instanceKlass org/jetbrains/kotlin/psi/stubs/KotlinEnumEntrySuperclassReferenceExpressionStub
instanceKlass org/jetbrains/kotlin/psi/KtQualifiedExpression
instanceKlass org/jetbrains/kotlin/psi/stubs/KotlinNameReferenceExpressionStub
instanceKlass org/jetbrains/kotlin/psi/stubs/KotlinTypeProjectionStub
instanceKlass org/jetbrains/kotlin/psi/stubs/KotlinFunctionTypeStub
instanceKlass org/jetbrains/kotlin/psi/KtSimpleNameExpression
instanceKlass org/jetbrains/kotlin/psi/KtReferenceExpression
instanceKlass org/jetbrains/kotlin/psi/stubs/KotlinUserTypeStub
instanceKlass org/jetbrains/kotlin/psi/stubs/impl/KotlinTypeBean
instanceKlass org/jetbrains/kotlin/psi/KtTypeElement
instanceKlass org/jetbrains/kotlin/psi/stubs/KotlinModifierListStub
instanceKlass org/jetbrains/kotlin/psi/stubs/KotlinImportAliasStub
instanceKlass org/jetbrains/kotlin/psi/KtImportInfo$ImportContent
instanceKlass org/jetbrains/kotlin/psi/KtImportInfo
instanceKlass org/jetbrains/kotlin/psi/stubs/KotlinImportDirectiveStub
instanceKlass org/jetbrains/kotlin/psi/stubs/KotlinAnnotationUseSiteTargetStub
instanceKlass org/jetbrains/kotlin/psi/KtCallElement
instanceKlass org/jetbrains/kotlin/psi/stubs/KotlinAnnotationEntryStub
instanceKlass org/jetbrains/kotlin/psi/stubs/KotlinTypeParameterStub
instanceKlass org/jetbrains/kotlin/psi/stubs/KotlinParameterStub
instanceKlass org/jetbrains/kotlin/psi/stubs/KotlinConstructorStub
instanceKlass org/jetbrains/kotlin/psi/KtAnonymousInitializer
instanceKlass org/jetbrains/kotlin/psi/stubs/KotlinPlaceHolderStub
instanceKlass org/jetbrains/kotlin/psi/stubs/KotlinObjectStub
instanceKlass org/jetbrains/kotlin/psi/stubs/KotlinTypeAliasStub
instanceKlass org/jetbrains/kotlin/psi/stubs/KotlinBackingFieldStub
instanceKlass org/jetbrains/kotlin/psi/stubs/KotlinPropertyAccessorStub
instanceKlass org/jetbrains/kotlin/psi/KtVariableDeclaration
instanceKlass org/jetbrains/kotlin/psi/KtValVarKeywordOwner
instanceKlass org/jetbrains/kotlin/psi/stubs/KotlinPropertyStub
instanceKlass org/jetbrains/kotlin/psi/stubs/KotlinFunctionStub
instanceKlass org/jetbrains/kotlin/psi/stubs/KotlinCallableStubBase
instanceKlass org/jetbrains/kotlin/com/intellij/psi/impl/source/SubstrateRef
instanceKlass org/jetbrains/kotlin/psi/stubs/KotlinClassStub
instanceKlass org/jetbrains/kotlin/psi/stubs/KotlinClassOrObjectStub
instanceKlass org/jetbrains/kotlin/psi/stubs/KotlinStubWithFqName
instanceKlass org/jetbrains/kotlin/com/intellij/psi/stubs/NamedStub
instanceKlass org/jetbrains/kotlin/psi/stubs/KotlinClassifierStub
instanceKlass org/jetbrains/kotlin/psi/stubs/elements/KtStubElementTypes
instanceKlass org/jetbrains/kotlin/com/intellij/psi/tree/IReparseableElementTypeBase
instanceKlass org/jetbrains/kotlin/com/intellij/psi/tree/ICompositeElementType
instanceKlass org/jetbrains/kotlin/KtNodeTypes
instanceKlass org/jetbrains/kotlin/com/intellij/psi/tree/IReparseableLeafElementType
instanceKlass org/jetbrains/kotlin/com/intellij/psi/TokenType
instanceKlass org/jetbrains/kotlin/com/intellij/psi/tree/TokenSet
instanceKlass org/jetbrains/kotlin/com/intellij/lang/PsiParser
instanceKlass org/jetbrains/kotlin/kdoc/lexer/KDocTokens
instanceKlass org/jetbrains/kotlin/lexer/KtTokens
instanceKlass org/jetbrains/kotlin/resolve/calls/checkers/DeprecatedCallChecker
instanceKlass org/jetbrains/kotlin/resolve/checkers/TrailingCommaCallChecker
instanceKlass org/jetbrains/kotlin/resolve/calls/checkers/SafeCallChecker
instanceKlass org/jetbrains/kotlin/resolve/calls/checkers/SynchronizedByValueChecker
instanceKlass org/jetbrains/kotlin/resolve/calls/checkers/InlineCheckerWrapper
instanceKlass org/jetbrains/kotlin/resolve/calls/checkers/CapturingInClosureChecker
instanceKlass org/jetbrains/kotlin/resolve/calls/checkers/CallChecker
instanceKlass org/jetbrains/kotlin/resolve/checkers/StubForBuilderInferenceParameterTypeChecker
instanceKlass org/jetbrains/kotlin/resolve/checkers/ActualTypealiasToSpecialAnnotationChecker
instanceKlass org/jetbrains/kotlin/resolve/checkers/VolatileAnnotationChecker
instanceKlass org/jetbrains/kotlin/resolve/checkers/EnumEntriesRedeclarationChecker
instanceKlass org/jetbrains/kotlin/resolve/checkers/DataObjectContentChecker
instanceKlass org/jetbrains/kotlin/resolve/calls/checkers/UnsupportedUntilRangeDeclarationChecker
instanceKlass org/jetbrains/kotlin/resolve/checkers/CyclicAnnotationsChecker
instanceKlass org/jetbrains/kotlin/resolve/checkers/ValueParameterUsageInDefaultArgumentChecker
instanceKlass org/jetbrains/kotlin/resolve/checkers/SubtypingBetweenContextReceiversChecker
instanceKlass org/jetbrains/kotlin/resolve/checkers/ContextualDeclarationChecker
instanceKlass org/jetbrains/kotlin/resolve/checkers/EnumCompanionInEnumConstructorCallChecker
instanceKlass org/jetbrains/kotlin/psi/KtPureClassOrObject
instanceKlass org/jetbrains/kotlin/psi/KtClassLikeDeclaration
instanceKlass org/jetbrains/kotlin/resolve/checkers/SuspendFunctionAsSupertypeChecker
instanceKlass org/jetbrains/kotlin/resolve/checkers/SealedInterfaceAllowedChecker
instanceKlass org/jetbrains/kotlin/resolve/checkers/SealedInheritorInSameModuleChecker
instanceKlass org/jetbrains/kotlin/types/KotlinType
instanceKlass org/jetbrains/kotlin/resolve/checkers/SealedInheritorInSamePackageChecker
instanceKlass org/jetbrains/kotlin/resolve/checkers/PrivateInlineFunctionsReturningAnonymousObjectsChecker
instanceKlass org/jetbrains/kotlin/resolve/checkers/ContractDescriptionBlockChecker
instanceKlass org/jetbrains/kotlin/resolve/checkers/DeprecatedSinceKotlinAnnotationChecker
instanceKlass org/jetbrains/kotlin/resolve/checkers/DeprecationInheritanceChecker
instanceKlass org/jetbrains/kotlin/resolve/checkers/FunInterfaceDeclarationChecker
instanceKlass org/jetbrains/kotlin/resolve/checkers/MissingDependencySupertypeChecker$ForDeclarations
instanceKlass org/jetbrains/kotlin/psi/KtDeclarationWithInitializer
instanceKlass org/jetbrains/kotlin/resolve/checkers/TrailingCommaDeclarationChecker
instanceKlass org/jetbrains/kotlin/resolve/checkers/TailrecFunctionChecker
instanceKlass org/jetbrains/kotlin/resolve/checkers/ExplicitApiDeclarationChecker$Companion
instanceKlass org/jetbrains/kotlin/resolve/checkers/ExplicitApiDeclarationChecker
instanceKlass org/jetbrains/kotlin/resolve/checkers/LocalVariableTypeParametersChecker
instanceKlass org/jetbrains/kotlin/resolve/checkers/ResultClassInReturnTypeChecker
instanceKlass org/jetbrains/kotlin/resolve/checkers/ReservedMembersAndConstructsForValueClass$Companion
instanceKlass org/jetbrains/kotlin/resolve/checkers/ReservedMembersAndConstructsForValueClass
instanceKlass org/jetbrains/kotlin/resolve/checkers/AnnotationClassTargetAndRetentionChecker
instanceKlass org/jetbrains/kotlin/resolve/checkers/InnerClassInsideValueClass
instanceKlass org/jetbrains/kotlin/resolve/checkers/PropertiesWithBackingFieldsInsideValueClass
instanceKlass org/jetbrains/kotlin/resolve/checkers/MultiFieldValueClassAnnotationsChecker
instanceKlass org/jetbrains/kotlin/resolve/checkers/ValueClassDeclarationChecker
instanceKlass org/jetbrains/kotlin/util/OperatorNameConventions
instanceKlass org/jetbrains/kotlin/resolve/checkers/SuspendLimitationsChecker
instanceKlass org/jetbrains/kotlin/resolve/checkers/KClassWithIncorrectTypeArgumentChecker
instanceKlass org/jetbrains/kotlin/resolve/checkers/DelegationChecker
instanceKlass org/jetbrains/kotlin/resolve/checkers/DynamicReceiverChecker
instanceKlass org/jetbrains/kotlin/resolve/checkers/ReifiedTypeParameterAnnotationChecker
instanceKlass org/jetbrains/kotlin/resolve/RequireKotlinConstants
instanceKlass org/jetbrains/kotlin/resolve/AnnotationsKt
instanceKlass org/jetbrains/kotlin/resolve/checkers/KotlinVersionStringAnnotationValueChecker
instanceKlass org/jetbrains/kotlin/resolve/checkers/InfixModifierChecker
instanceKlass org/jetbrains/kotlin/psi/KtAnnotationsContainer
instanceKlass org/jetbrains/kotlin/descriptors/annotations/Annotated
instanceKlass org/jetbrains/kotlin/resolve/checkers/InlineParameterChecker
instanceKlass org/jetbrains/kotlin/resolve/checkers/UnderscoreChecker
instanceKlass org/jetbrains/kotlin/resolve/checkers/ConstModifierChecker
instanceKlass org/jetbrains/kotlin/psi/KtFunction
instanceKlass org/jetbrains/kotlin/psi/KtDeclarationWithBody
instanceKlass org/jetbrains/kotlin/psi/KtCallableDeclaration
instanceKlass org/jetbrains/kotlin/psi/KtTypeParameterListOwner
instanceKlass org/jetbrains/kotlin/psi/KtNamedDeclaration
instanceKlass org/jetbrains/kotlin/psi/KtStatementExpression
instanceKlass org/jetbrains/kotlin/psi/KtNamed
instanceKlass org/jetbrains/kotlin/psi/KtDeclaration
instanceKlass org/jetbrains/kotlin/psi/KtModifierListOwner
instanceKlass org/jetbrains/kotlin/psi/KtExpression
instanceKlass org/jetbrains/kotlin/com/intellij/psi/StubBasedPsiElement
instanceKlass org/jetbrains/kotlin/resolve/checkers/DataClassDeclarationChecker
instanceKlass org/jetbrains/kotlin/resolve/checkers/ExpectActualClassifiersAreInBetaChecker
instanceKlass org/jetbrains/kotlin/resolve/checkers/ActualClassifierMustHasTheSameMembersAsNonFinalExpectClassifierChecker
instanceKlass org/jetbrains/kotlin/resolve/checkers/ExpectActualInTheSameModuleChecker
instanceKlass org/jetbrains/kotlin/resolve/checkers/DeclarationChecker
instanceKlass org/jetbrains/kotlin/resolve/PlatformConfiguratorBaseKt
instanceKlass org/jetbrains/kotlin/container/ComponentRegistry
instanceKlass org/jetbrains/kotlin/com/intellij/util/containers/MultiMap
instanceKlass org/jetbrains/kotlin/container/ComponentStorage
instanceKlass org/jetbrains/kotlin/container/ValueResolver
instanceKlass org/jetbrains/kotlin/container/ComponentResolveContext
instanceKlass org/jetbrains/kotlin/container/ValueResolveContext
instanceKlass org/jetbrains/kotlin/container/DslKt
instanceKlass org/jetbrains/kotlin/container/StorageComponentContainer
instanceKlass org/jetbrains/kotlin/container/ComponentProvider
instanceKlass org/jetbrains/kotlin/container/ComponentContainer
instanceKlass org/jetbrains/kotlin/resolve/PlatformConfiguratorBase
instanceKlass org/jetbrains/kotlin/resolve/PlatformConfigurator
instanceKlass org/jetbrains/kotlin/resolve/DefaultImportProvider$DefaultImportsKey
instanceKlass org/jetbrains/kotlin/resolve/DefaultImportProvider
instanceKlass org/jetbrains/kotlin/fir/scopes/FirDefaultImportProviderHolder
instanceKlass org/jetbrains/kotlin/fir/scopes/impl/FirDelegatedMembersFilter
instanceKlass org/jetbrains/kotlin/fir/analysis/FirOverridesBackwardCompatibilityHelper
instanceKlass org/jetbrains/kotlin/fir/scopes/FirPlatformClassMapper
instanceKlass org/jetbrains/kotlin/fir/resolve/calls/overloads/ConeCallConflictResolverFactory
instanceKlass org/jetbrains/kotlin/fir/FirVisibilityChecker
instanceKlass org/jetbrains/kotlin/fir/FirPlatformSpecificCastChecker
instanceKlass org/jetbrains/kotlin/fir/types/FirMissingDependencyStorage$cache$1
instanceKlass org/jetbrains/kotlin/fir/types/FirMissingDependencyStorage
instanceKlass org/jetbrains/kotlin/fir/analysis/checkers/expression/FirGenericArrayClassLiteralSupport$Disabled
instanceKlass org/jetbrains/kotlin/fir/analysis/checkers/expression/FirGenericArrayClassLiteralSupport
instanceKlass org/jetbrains/kotlin/fir/analysis/checkers/FirPrimaryConstructorSuperTypeCheckerPlatformComponent
instanceKlass org/jetbrains/kotlin/fir/declarations/FirAnnotationsPlatformSpecificSupportComponent
instanceKlass org/jetbrains/kotlin/fir/resolve/calls/overloads/FirDeclarationOverloadabilityHelperImpl
instanceKlass org/jetbrains/kotlin/fir/declarations/FirDeclarationOverloadabilityHelper
instanceKlass org/jetbrains/kotlin/fir/scopes/impl/FirAbstractOverrideChecker
instanceKlass org/jetbrains/kotlin/fir/scopes/FirOverrideChecker
instanceKlass org/jetbrains/kotlin/fir/scopes/impl/FirEnumEntriesSupport
instanceKlass kotlin/jvm/internal/TypeIntrinsics
instanceKlass org/jetbrains/kotlin/fir/MutableOrEmptyList$Companion
instanceKlass org/jetbrains/kotlin/fir/MutableOrEmptyList
instanceKlass org/jetbrains/kotlin/fir/builder/FirBuilderDslKt
instanceKlass org/jetbrains/kotlin/fir/types/TypeUtilsKt
instanceKlass org/jetbrains/kotlin/fir/types/ConeDynamicType$Companion
instanceKlass org/jetbrains/kotlin/types/model/DynamicTypeMarker
instanceKlass org/jetbrains/kotlin/types/model/FlexibleTypeMarker
instanceKlass org/jetbrains/kotlin/fir/types/builder/FirResolvedTypeRefBuilder
instanceKlass org/jetbrains/kotlin/fir/builder/FirAnnotationContainerBuilder
instanceKlass org/jetbrains/kotlin/fir/scopes/impl/FirDynamicMembersStorage$special$$inlined$createCache$3
instanceKlass org/jetbrains/kotlin/fir/scopes/impl/FirDynamicMembersStorage$special$$inlined$createCache$2
instanceKlass org/jetbrains/kotlin/fir/scopes/impl/FirDynamicMembersStorage$special$$inlined$createCache$1
instanceKlass org/jetbrains/kotlin/fir/scopes/impl/FirDynamicMembersStorage
instanceKlass org/jetbrains/kotlin/fir/scopes/FirOverrideService
instanceKlass org/jetbrains/kotlin/mpp/SimpleFunctionSymbolMarker
instanceKlass org/jetbrains/kotlin/mpp/FunctionSymbolMarker
instanceKlass org/jetbrains/kotlin/mpp/CallableSymbolMarker
instanceKlass org/jetbrains/kotlin/fir/resolve/FirSamResolver
instanceKlass org/jetbrains/kotlin/fir/resolve/FirSamConstructorStorage
instanceKlass org/jetbrains/kotlin/fir/scopes/impl/FirGeneratedMemberDeclarationsStorage$ClassifierStorage
instanceKlass org/jetbrains/kotlin/fir/scopes/impl/FirGeneratedMemberDeclarationsStorage$CallableStorage
instanceKlass org/jetbrains/kotlin/fir/scopes/impl/FirGeneratedMemberDeclarationsStorage$StorageContext
instanceKlass org/jetbrains/kotlin/fir/symbols/FirBasedSymbol
instanceKlass org/jetbrains/kotlin/fir/symbols/impl/FirThisOwnerSymbol
instanceKlass org/jetbrains/kotlin/mpp/ClassLikeSymbolMarker
instanceKlass org/jetbrains/kotlin/mpp/ClassifierSymbolMarker
instanceKlass org/jetbrains/kotlin/mpp/DeclarationSymbolMarker
instanceKlass org/jetbrains/kotlin/fir/scopes/impl/FirGeneratedMemberDeclarationsStorage
instanceKlass org/jetbrains/kotlin/fir/scopes/impl/FirSynthesizedStorage$special$$inlined$createCache$1
instanceKlass org/jetbrains/kotlin/fir/scopes/impl/FirSynthesizedStorage
instanceKlass org/jetbrains/kotlin/fir/scopes/impl/FirIntersectionOverrideStorage$special$$inlined$createCache$1
instanceKlass org/jetbrains/kotlin/fir/scopes/impl/FirIntersectionOverrideStorage
instanceKlass org/jetbrains/kotlin/fir/scopes/impl/FirSubstitutionOverrideStorage$special$$inlined$createCache$1
instanceKlass org/jetbrains/kotlin/fir/scopes/impl/FirSubstitutionOverrideStorage
instanceKlass org/jetbrains/kotlin/fir/resolve/FirDefaultParametersResolver
instanceKlass org/jetbrains/kotlin/types/TypeCheckerState
instanceKlass org/jetbrains/kotlin/fir/types/FirCorrespondingSupertypesCache
instanceKlass org/jetbrains/kotlin/fir/scopes/impl/FirDeclaredMemberScopeProvider$nestedClassifierCache$1
instanceKlass org/jetbrains/kotlin/fir/scopes/FirScope
instanceKlass org/jetbrains/kotlin/fir/scopes/impl/FirDeclaredMemberScopeProvider$DeclaredMemberScopeContext
instanceKlass org/jetbrains/kotlin/fir/declarations/FirTypeParameterRefsOwner
instanceKlass org/jetbrains/kotlin/fir/expressions/FirStatement
instanceKlass org/jetbrains/kotlin/fir/declarations/FirControlFlowGraphOwner
instanceKlass java/time/Duration
instanceKlass java/time/temporal/TemporalAmount
instanceKlass java/time/temporal/TemporalUnit
instanceKlass java/util/concurrent/TimeUnit$1
instanceKlass kotlin/time/DurationUnitKt__DurationUnitJvmKt
instanceKlass kotlin/time/DurationKt
instanceKlass kotlin/time/DurationJvmKt
instanceKlass kotlin/time/Duration$Companion
instanceKlass kotlin/time/Duration
instanceKlass org/jetbrains/kotlin/fir/scopes/impl/FirDeclaredMemberScopeProvider
instanceKlass org/jetbrains/kotlin/fir/resolve/inference/InferenceComponents$ConstraintSystemFactory
instanceKlass org/jetbrains/kotlin/resolve/calls/inference/components/PostponedArgumentInputTypesResolver$Companion
instanceKlass org/jetbrains/kotlin/resolve/calls/inference/components/PostponedArgumentInputTypesResolver
instanceKlass org/jetbrains/kotlin/resolve/calls/inference/components/VariableFixationFinder
instanceKlass org/jetbrains/kotlin/resolve/calls/inference/components/ResultTypeResolver
instanceKlass org/jetbrains/kotlin/resolve/calls/inference/components/ConstraintInjector
instanceKlass org/jetbrains/kotlin/fir/resolve/inference/ConeConstraintSystemUtilContext
instanceKlass org/jetbrains/kotlin/resolve/calls/inference/components/ConstraintSystemUtilContext
instanceKlass org/jetbrains/kotlin/resolve/calls/inference/components/ConstraintIncorporator
instanceKlass org/jetbrains/kotlin/resolve/calls/inference/components/TrivialConstraintTypeInferenceOracle$Companion
instanceKlass org/jetbrains/kotlin/resolve/calls/inference/components/TrivialConstraintTypeInferenceOracle
instanceKlass org/jetbrains/kotlin/fir/types/TypeComponentsKt
instanceKlass org/jetbrains/kotlin/fir/resolve/inference/InferenceComponents
instanceKlass org/jetbrains/kotlin/fir/FirLanguageSettingsComponentKt
instanceKlass org/jetbrains/kotlin/types/AbstractTypeApproximator$Companion
instanceKlass org/jetbrains/kotlin/types/AbstractTypeApproximator
instanceKlass org/jetbrains/kotlin/fir/types/TypeComponents$typeContext$1
instanceKlass org/jetbrains/kotlin/fir/types/ConeInferenceContext
instanceKlass org/jetbrains/kotlin/types/model/TypeSystemInferenceExtensionContext
instanceKlass org/jetbrains/kotlin/types/model/TypeSystemCommonSuperTypesContext
instanceKlass org/jetbrains/kotlin/types/model/TypeSystemTypeFactoryContext
instanceKlass org/jetbrains/kotlin/types/model/TypeSystemBuiltInsContext
instanceKlass org/jetbrains/kotlin/fir/types/ConeTypeContext
instanceKlass org/jetbrains/kotlin/types/model/TypeCheckerProviderContext
instanceKlass org/jetbrains/kotlin/types/TypeSystemCommonBackendContext
instanceKlass org/jetbrains/kotlin/types/model/TypeSystemContext
instanceKlass org/jetbrains/kotlin/types/model/TypeSystemOptimizationContext
instanceKlass org/jetbrains/kotlin/fir/types/TypeComponents
instanceKlass org/jetbrains/kotlin/fir/FirLanguageSettingsComponent
instanceKlass org/jetbrains/kotlin/fir/extensions/predicate/PredicateVisitor
instanceKlass org/jetbrains/kotlin/fir/extensions/FirPredicateBasedProviderImpl$Cache
instanceKlass org/jetbrains/kotlin/fir/extensions/FirRegisteredPluginAnnotationsKt
instanceKlass org/jetbrains/kotlin/fir/extensions/FirPredicateBasedProvider
instanceKlass org/jetbrains/kotlin/fir/extensions/AbstractFirRegisteredPluginAnnotations$special$$inlined$createCache$1
instanceKlass org/jetbrains/kotlin/util/AbstractArrayMapOwner$AbstractArrayMapAccessor
instanceKlass org/jetbrains/kotlin/fir/caches/FirCachesFactoryKt
instanceKlass org/jetbrains/kotlin/fir/extensions/FirRegisteredPluginAnnotations
instanceKlass org/jetbrains/kotlin/fir/scopes/FirLookupDefaultStarImportsInSourcesSettingHolder$Companion
instanceKlass org/jetbrains/kotlin/fir/scopes/FirLookupDefaultStarImportsInSourcesSettingHolder
instanceKlass org/jetbrains/kotlin/fir/FirModulePrivateVisibilityChecker
instanceKlass org/jetbrains/kotlin/fir/FirExceptionHandler
instanceKlass org/jetbrains/kotlin/fir/symbols/FirLazyDeclarationResolver
instanceKlass org/jetbrains/kotlin/fir/declarations/SealedClassInheritorsProvider
instanceKlass org/jetbrains/kotlin/name/StandardClassIds$Annotations
instanceKlass org/jetbrains/kotlin/fir/types/CompilerConeAttributes
instanceKlass org/jetbrains/kotlin/fir/types/ConeAttribute
instanceKlass org/jetbrains/kotlin/types/model/AnnotationMarker
instanceKlass org/jetbrains/kotlin/fir/types/ConeClassifierLookupTag
instanceKlass org/jetbrains/kotlin/fir/types/ConeTypeConstructorMarker
instanceKlass org/jetbrains/kotlin/types/model/TypeConstructorMarker
instanceKlass org/jetbrains/kotlin/fir/types/TypeConstructionUtilsKt
instanceKlass org/jetbrains/kotlin/fir/types/ConeTypeProjection$Companion
instanceKlass org/jetbrains/kotlin/types/model/TypeArgumentListMarker
instanceKlass org/jetbrains/kotlin/types/model/SimpleTypeMarker
instanceKlass org/jetbrains/kotlin/types/model/RigidTypeMarker
instanceKlass org/jetbrains/kotlin/types/model/KotlinTypeMarker
instanceKlass org/jetbrains/kotlin/fir/types/ConeTypeProjection
instanceKlass org/jetbrains/kotlin/types/model/TypeArgumentMarker
instanceKlass org/jetbrains/kotlin/name/StandardClassIdsKt
instanceKlass org/jetbrains/kotlin/name/StandardClassIds
instanceKlass org/jetbrains/kotlin/fir/FirPureAbstractElement
instanceKlass org/jetbrains/kotlin/fir/FirAnnotationContainer
instanceKlass org/jetbrains/kotlin/fir/FirElement
instanceKlass org/jetbrains/kotlin/mpp/TypeRefMarker
instanceKlass org/jetbrains/kotlin/fir/BuiltinTypes
instanceKlass org/jetbrains/kotlin/util/ArrayMapImpl$Companion
instanceKlass org/jetbrains/kotlin/fir/resolve/providers/FirSymbolProvider
instanceKlass org/jetbrains/kotlin/fir/scopes/FirScopeProvider
instanceKlass org/jetbrains/kotlin/fir/session/FirJvmSessionFactory$LibraryContext
instanceKlass org/jetbrains/kotlin/load/kotlin/VirtualFileFinder$SERVICE
instanceKlass org/jetbrains/kotlin/load/kotlin/VirtualFileFinderFactory$SERVICE
instanceKlass org/jetbrains/kotlin/protobuf/SmallSortedMap$Entry
instanceKlass org/jetbrains/kotlin/protobuf/FieldSet$1
instanceKlass org/jetbrains/kotlin/metadata/ProtoBuf$Annotation$ArgumentOrBuilder
instanceKlass org/jetbrains/kotlin/protobuf/AbstractMessageLite$Builder
instanceKlass org/jetbrains/kotlin/protobuf/GeneratedMessageLite$1
instanceKlass org/jetbrains/kotlin/metadata/ProtoBuf$QualifiedNameTable$QualifiedName$Kind$1
instanceKlass org/jetbrains/kotlin/metadata/ProtoBuf$QualifiedNameTable$QualifiedNameOrBuilder
instanceKlass org/jetbrains/kotlin/load/kotlin/JvmPackagePartProviderBase$ModuleMappingInfo
instanceKlass org/jetbrains/kotlin/metadata/jvm/deserialization/ModuleMappingKt
instanceKlass org/jetbrains/kotlin/protobuf/UnmodifiableLazyStringList$2
instanceKlass org/jetbrains/kotlin/metadata/jvm/deserialization/PackageParts
instanceKlass org/jetbrains/kotlin/protobuf/Utf8
instanceKlass org/jetbrains/kotlin/metadata/jvm/JvmModuleProtoBuf$PackagePartsOrBuilder
instanceKlass org/jetbrains/kotlin/protobuf/WireFormat
instanceKlass org/jetbrains/kotlin/protobuf/CodedOutputStream
instanceKlass org/jetbrains/kotlin/protobuf/CodedInputStream
instanceKlass org/jetbrains/kotlin/metadata/jvm/JvmModuleProtoBuf$ModuleOrBuilder
instanceKlass org/jetbrains/kotlin/protobuf/ExtensionRegistryLite$ObjectIntPair
instanceKlass org/jetbrains/kotlin/metadata/ProtoBuf$TypeParameter$Variance$1
instanceKlass org/jetbrains/kotlin/metadata/ProtoBuf$TypeParameterOrBuilder
instanceKlass org/jetbrains/kotlin/metadata/ProtoBuf$EnumEntryOrBuilder
instanceKlass org/jetbrains/kotlin/metadata/ProtoBuf$Annotation$Argument$Value$Type$1
instanceKlass org/jetbrains/kotlin/protobuf/Internal$EnumLiteMap
instanceKlass org/jetbrains/kotlin/metadata/ProtoBuf$Annotation$Argument$ValueOrBuilder
instanceKlass org/jetbrains/kotlin/metadata/ProtoBuf$ValueParameterOrBuilder
instanceKlass org/jetbrains/kotlin/metadata/ProtoBuf$PropertyOrBuilder
instanceKlass org/jetbrains/kotlin/metadata/ProtoBuf$ContractOrBuilder
instanceKlass org/jetbrains/kotlin/metadata/ProtoBuf$FunctionOrBuilder
instanceKlass org/jetbrains/kotlin/metadata/ProtoBuf$ConstructorOrBuilder
instanceKlass org/jetbrains/kotlin/metadata/ProtoBuf$AnnotationOrBuilder
instanceKlass org/jetbrains/kotlin/metadata/ProtoBuf$TypeOrBuilder
instanceKlass org/jetbrains/kotlin/metadata/ProtoBuf$ClassOrBuilder
instanceKlass org/jetbrains/kotlin/protobuf/Internal$EnumLite
instanceKlass org/jetbrains/kotlin/protobuf/GeneratedMessageLite$ExtensionDescriptor
instanceKlass org/jetbrains/kotlin/protobuf/GeneratedMessageLite$GeneratedExtension
instanceKlass org/jetbrains/kotlin/metadata/ProtoBuf$VersionRequirementTableOrBuilder
instanceKlass org/jetbrains/kotlin/metadata/ProtoBuf$TypeTableOrBuilder
instanceKlass org/jetbrains/kotlin/protobuf/SmallSortedMap$EmptySet$2
instanceKlass org/jetbrains/kotlin/protobuf/SmallSortedMap$EmptySet$1
instanceKlass org/jetbrains/kotlin/protobuf/SmallSortedMap$EmptySet
instanceKlass org/jetbrains/kotlin/protobuf/LazyFieldLite
instanceKlass org/jetbrains/kotlin/protobuf/FieldSet
instanceKlass org/jetbrains/kotlin/metadata/ProtoBuf$PackageOrBuilder
instanceKlass org/jetbrains/kotlin/protobuf/GeneratedMessageLite$ExtendableMessageOrBuilder
instanceKlass org/jetbrains/kotlin/metadata/builtins/BuiltInsProtoBuf
instanceKlass org/jetbrains/kotlin/metadata/deserialization/VersionSpecificBehaviorKt
instanceKlass org/jetbrains/kotlin/load/kotlin/ModuleMappingUtilKt
instanceKlass org/jetbrains/kotlin/com/intellij/util/containers/ShareableKey
instanceKlass org/jetbrains/kotlin/com/intellij/util/io/ResourceHandle
instanceKlass org/jetbrains/kotlin/metadata/ProtoBuf$QualifiedNameTableOrBuilder
instanceKlass org/jetbrains/kotlin/protobuf/ByteString$ByteIterator
instanceKlass org/jetbrains/kotlin/protobuf/ByteString
instanceKlass org/jetbrains/kotlin/protobuf/ExtensionRegistryLite
instanceKlass org/jetbrains/kotlin/protobuf/AbstractParser
instanceKlass org/jetbrains/kotlin/protobuf/MessageLite$Builder
instanceKlass org/jetbrains/kotlin/protobuf/Parser
instanceKlass org/jetbrains/kotlin/protobuf/LazyStringList
instanceKlass org/jetbrains/kotlin/protobuf/ProtocolStringList
instanceKlass org/jetbrains/kotlin/protobuf/FieldSet$FieldDescriptorLite
instanceKlass org/jetbrains/kotlin/protobuf/AbstractMessageLite
instanceKlass org/jetbrains/kotlin/protobuf/MessageLite
instanceKlass org/jetbrains/kotlin/metadata/ProtoBuf$StringTableOrBuilder
instanceKlass org/jetbrains/kotlin/protobuf/MessageLiteOrBuilder
instanceKlass org/jetbrains/kotlin/metadata/deserialization/NameResolverImpl
instanceKlass org/jetbrains/kotlin/metadata/deserialization/NameResolver
instanceKlass org/jetbrains/kotlin/metadata/jvm/deserialization/BinaryModuleData
instanceKlass org/jetbrains/kotlin/metadata/jvm/deserialization/ModuleMapping$Companion
instanceKlass org/jetbrains/kotlin/metadata/jvm/deserialization/ModuleMapping
instanceKlass org/jetbrains/kotlin/cli/jvm/compiler/JvmPackagePartProviderKt
instanceKlass org/jetbrains/kotlin/com/intellij/openapi/vfs/VirtualFileVisitor
instanceKlass org/jetbrains/kotlin/com/intellij/openapi/vfs/VfsUtilCore
instanceKlass sun/net/www/MessageHeader
instanceKlass sun/net/www/protocol/jar/JarFileFactory
instanceKlass sun/net/www/protocol/jar/URLJarFile$URLJarFileCloseController
instanceKlass org/jetbrains/kotlin/config/KotlinCompilerVersion
instanceKlass org/jetbrains/kotlin/metadata/deserialization/MetadataVersion$Companion
instanceKlass org/jetbrains/kotlin/metadata/deserialization/BinaryVersion$Companion
instanceKlass org/jetbrains/kotlin/metadata/deserialization/BinaryVersion
instanceKlass org/jetbrains/kotlin/util/MetadataHelpersKt
instanceKlass org/jetbrains/kotlin/resolve/CompilerDeserializationConfiguration
instanceKlass org/jetbrains/kotlin/serialization/deserialization/DeserializationConfiguration
instanceKlass org/jetbrains/kotlin/load/kotlin/JvmPackagePartProviderBase$Companion
instanceKlass org/jetbrains/kotlin/load/kotlin/JvmPackagePartProviderBase
instanceKlass org/jetbrains/kotlin/load/kotlin/PackageAndMetadataPartProvider
instanceKlass org/jetbrains/kotlin/serialization/deserialization/MetadataPartProvider
instanceKlass org/jetbrains/kotlin/fir/session/environment/AbstractProjectFileSearchScope$ANY
instanceKlass org/jetbrains/kotlin/cli/jvm/compiler/VfsBasedProjectEnvironmentKt
instanceKlass org/jetbrains/kotlin/fir/session/FirAbstractSessionFactory
instanceKlass org/jetbrains/kotlin/fir/FirSessionProvider
instanceKlass org/jetbrains/kotlin/KtPsiSourceFile
instanceKlass org/jetbrains/kotlin/cli/common/SessionConstructionUtils
instanceKlass kotlin/jvm/internal/Ref$ObjectRef
instanceKlass org/jetbrains/kotlin/fir/scopes/jvm/JvmMappedScope$FirMappedSymbolStorage$special$$inlined$createCache$1
instanceKlass org/jetbrains/kotlin/fir/scopes/jvm/JvmMappedScope$FirMappedSymbolStorage
instanceKlass org/jetbrains/kotlin/fir/caches/NullableMap
instanceKlass org/jetbrains/kotlin/fir/caches/FirCache
instanceKlass org/jetbrains/kotlin/fir/java/enhancement/FirEnhancedSymbolsStorage$special$$inlined$createCache$1
instanceKlass org/jetbrains/kotlin/fir/java/enhancement/FirEnhancedSymbolsStorage
instanceKlass org/jetbrains/kotlin/fir/caches/FirCachesFactory
instanceKlass org/jetbrains/kotlin/fir/session/ComponentsContainersKt
instanceKlass org/jetbrains/kotlin/fir/session/FirSharableJavaComponents
instanceKlass org/jetbrains/kotlin/fir/extensions/FirExtension
instanceKlass org/jetbrains/kotlin/fir/extensions/FirExtensionRegistrar$Companion
instanceKlass org/jetbrains/kotlin/fir/session/IncrementalCompilationContext
instanceKlass org/jetbrains/kotlin/psi/KtDeclarationContainer
instanceKlass org/jetbrains/kotlin/psi/KtAnnotated
instanceKlass org/jetbrains/kotlin/psi/KtElement
instanceKlass org/jetbrains/kotlin/psi/KtPureElement
instanceKlass org/jetbrains/kotlin/com/intellij/psi/PsiClassOwner
instanceKlass org/jetbrains/kotlin/cli/common/FirSessionConstructionUtilsKt
instanceKlass org/jetbrains/kotlin/fir/deserialization/ModuleDataProvider
instanceKlass org/jetbrains/kotlin/fir/deserialization/LibraryPathFilter
instanceKlass kotlin/collections/MapWithDefault
instanceKlass org/jetbrains/kotlin/fir/DependencyListForCliModule$Builder
instanceKlass org/jetbrains/kotlin/fir/DependencyListForCliModule$Companion
instanceKlass org/jetbrains/kotlin/fir/DependencyListForCliModule
instanceKlass org/jetbrains/kotlin/container/DataStructuresKt
instanceKlass org/jetbrains/kotlin/fir/FirModuleData
instanceKlass org/jetbrains/kotlin/fir/FirSessionComponent
instanceKlass org/jetbrains/kotlin/util/ArrayMap
instanceKlass org/jetbrains/kotlin/util/TypeRegistry
instanceKlass org/jetbrains/kotlin/util/AbstractArrayMapOwner
instanceKlass org/jetbrains/kotlin/resolve/jvm/platform/JvmPlatform
instanceKlass org/jetbrains/kotlin/resolve/TargetPlatform
instanceKlass org/jetbrains/kotlin/platform/TargetPlatform
instanceKlass org/jetbrains/kotlin/platform/TargetPlatformKt
instanceKlass org/jetbrains/kotlin/platform/TargetPlatformVersion$NoVersion
instanceKlass org/jetbrains/kotlin/platform/SimplePlatform
instanceKlass org/jetbrains/kotlin/platform/jvm/JvmPlatforms
instanceKlass org/jetbrains/kotlin/fir/BinaryModuleData$Companion
instanceKlass org/jetbrains/kotlin/fir/BinaryModuleData
instanceKlass org/jetbrains/kotlin/com/intellij/util/keyFMap/PairElementsFMap
instanceKlass org/jetbrains/kotlin/cli/jvm/compiler/PsiBasedProjectFileSearchScope
instanceKlass org/jetbrains/kotlin/fir/session/environment/AbstractProjectFileSearchScope$EMPTY
instanceKlass org/jetbrains/kotlin/fir/session/environment/AbstractProjectFileSearchScope
instanceKlass org/jetbrains/kotlin/com/intellij/openapi/util/io/FileUtil$2
instanceKlass org/jetbrains/kotlin/com/intellij/openapi/util/io/FileUtil$1
instanceKlass org/jetbrains/kotlin/com/intellij/openapi/util/io/FileUtilRt$SymlinkResolver
instanceKlass gnu/trove/TObjectHashingStrategy
instanceKlass gnu/trove/Equality
instanceKlass org/jetbrains/kotlin/KtVirtualFileSourceFile
instanceKlass kotlin/io/FileTreeWalk$WalkState
instanceKlass kotlin/collections/AbstractIterator
instanceKlass kotlin/io/FileTreeWalk
instanceKlass kotlin/io/FilePathComponents
instanceKlass kotlin/io/FilesKt__FilePathComponentsKt
instanceKlass org/jetbrains/kotlin/extensions/PreprocessedFileCreator
instanceKlass kotlin/jvm/internal/Ref$BooleanRef
instanceKlass org/jetbrains/kotlin/KtSourceFile
instanceKlass org/jetbrains/kotlin/cli/common/GroupedKtSourcesKt
instanceKlass org/jetbrains/kotlin/cli/pipeline/jvm/JvmFrontendPipelinePhase$EnvironmentAndSources
instanceKlass org/jetbrains/kotlin/cli/common/GroupedKtSources
instanceKlass org/jetbrains/kotlin/cli/jvm/index/SingleJavaFileRootsIndex
instanceKlass org/jetbrains/kotlin/load/kotlin/PackagePartProvider
instanceKlass org/jetbrains/kotlin/cli/jvm/compiler/VfsBasedProjectEnvironment
instanceKlass org/jetbrains/kotlin/fir/session/environment/AbstractProjectEnvironment
instanceKlass org/jetbrains/kotlin/cli/jvm/compiler/JavaLanguageLevelKt$EntriesMappings
instanceKlass org/jetbrains/kotlin/cli/jvm/compiler/JavaLanguageLevelKt
instanceKlass org/jetbrains/kotlin/cli/jvm/compiler/CliMetadataFinderFactory
instanceKlass org/jetbrains/kotlin/load/kotlin/MetadataFinderFactory
instanceKlass org/jetbrains/kotlin/cli/jvm/compiler/CliVirtualFileFinderFactory
instanceKlass org/jetbrains/kotlin/load/kotlin/VirtualFileFinderFactory
instanceKlass org/jetbrains/kotlin/load/kotlin/VirtualFileFinder
instanceKlass org/jetbrains/kotlin/load/kotlin/KotlinClassFinder
instanceKlass org/jetbrains/kotlin/serialization/deserialization/KotlinMetadataFinder
instanceKlass org/jetbrains/kotlin/cli/jvm/modules/CliJavaModuleResolver$Companion
instanceKlass org/jetbrains/kotlin/cli/jvm/modules/CliJavaModuleResolver
instanceKlass org/jetbrains/kotlin/resolve/jvm/modules/JavaModuleResolver
instanceKlass org/jetbrains/kotlin/load/java/JavaModuleAnnotationsProvider
instanceKlass org/jetbrains/kotlin/cli/jvm/index/JvmDependenciesIndexImpl$Cache
instanceKlass org/jetbrains/kotlin/cli/jvm/index/JvmDependenciesIndexImpl
instanceKlass java/util/concurrent/locks/ReentrantReadWriteLock$WriteLock
instanceKlass java/util/concurrent/locks/ReentrantReadWriteLock$ReadLock
instanceKlass java/util/concurrent/locks/ReentrantReadWriteLock
instanceKlass java/util/concurrent/locks/ReadWriteLock
instanceKlass org/jetbrains/kotlin/cli/jvm/index/JvmDependenciesDynamicCompoundIndex
instanceKlass org/jetbrains/kotlin/cli/jvm/index/JvmDependenciesIndex
instanceKlass org/jetbrains/kotlin/cli/jvm/compiler/ClasspathRootsResolver$RootsAndModules
instanceKlass kotlin/sequences/FlatteningSequence$iterator$1
instanceKlass kotlin/sequences/FlatteningSequence
instanceKlass kotlin/collections/ArraysKt___ArraysKt$asSequence$$inlined$Sequence$1
instanceKlass kotlin/collections/CollectionsKt___CollectionsKt$asSequence$$inlined$Sequence$1
instanceKlass kotlin/jvm/internal/AdaptedFunctionReference
instanceKlass kotlin/sequences/EmptySequence
instanceKlass kotlin/sequences/DropTakeSequence
instanceKlass org/jetbrains/kotlin/cli/jvm/index/JavaRoot$RootTypes
instanceKlass org/jetbrains/kotlin/cli/jvm/index/JavaRoot
instanceKlass org/jetbrains/kotlin/com/intellij/util/text/CharArrayExternalizable
instanceKlass org/jetbrains/kotlin/com/intellij/util/text/ImmutableCharSequence
instanceKlass org/jetbrains/kotlin/com/intellij/util/text/CharArrayUtil
instanceKlass java/util/concurrent/BlockingQueue
instanceKlass java/util/concurrent/ExecutorService
instanceKlass org/jetbrains/kotlin/com/intellij/util/ConcurrencyUtil
instanceKlass java/io/RandomAccessFile$1
instanceKlass org/jetbrains/kotlin/cli/jvm/compiler/jarfs/ZipImplementationKt$WhenMappings
instanceKlass jdk/internal/misc/ScopedMemoryAccess$Scope
instanceKlass org/jetbrains/kotlin/cli/jvm/compiler/jarfs/ZipEntryDescription
instanceKlass org/jetbrains/kotlin/cli/jvm/compiler/jarfs/ByteArrayCharSequence
instanceKlass kotlin/jvm/internal/Ref$IntRef
instanceKlass kotlin/jvm/internal/Ref$LongRef
instanceKlass kotlin/UInt$Companion
instanceKlass kotlin/UInt
instanceKlass jdk/internal/access/foreign/MemorySegmentProxy
instanceKlass sun/nio/ch/Util$4
instanceKlass sun/nio/ch/Util
instanceKlass sun/nio/ch/IOStatus
instanceKlass sun/nio/ch/FileChannelImpl$Unmapper
instanceKlass jdk/internal/access/foreign/UnmapperProxy
instanceKlass sun/nio/ch/NativeThread
instanceKlass java/nio/channels/spi/AbstractInterruptibleChannel$1
instanceKlass sun/nio/ch/Interruptible
instanceKlass jdk/internal/misc/ExtendedMapMode
instanceKlass java/nio/channels/FileChannel$MapMode
instanceKlass sun/nio/ch/NativeDispatcher
instanceKlass sun/nio/ch/NativeThreadSet
instanceKlass sun/nio/ch/IOUtil
instanceKlass java/lang/Long$LongCache
instanceKlass org/jetbrains/kotlin/com/google/common/primitives/Longs
instanceKlass org/jetbrains/kotlin/cli/jvm/compiler/jarfs/LargeDynamicMappedBuffer$Mapping
instanceKlass org/jetbrains/kotlin/cli/jvm/compiler/jarfs/ZipImplementationKt
instanceKlass org/jetbrains/kotlin/cli/jvm/compiler/jarfs/LargeDynamicMappedBuffer
instanceKlass org/jetbrains/kotlin/com/intellij/openapi/util/Pair
instanceKlass org/jetbrains/kotlin/cli/jvm/compiler/ClasspathRootsResolver$RootWithPrefix
instanceKlass org/jetbrains/kotlin/cli/jvm/config/JvmModulePathRoot
instanceKlass org/jetbrains/kotlin/cli/jvm/modules/JavaModuleGraph
instanceKlass org/jetbrains/kotlin/cli/jvm/compiler/ClasspathRootsResolver$Companion
instanceKlass org/jetbrains/kotlin/cli/jvm/compiler/ClasspathRootsResolver
instanceKlass org/jetbrains/kotlin/resolve/jvm/modules/JavaModule$Root
instanceKlass org/jetbrains/kotlin/cli/jvm/modules/CliJavaModuleFinder
instanceKlass org/jetbrains/kotlin/resolve/jvm/modules/JavaModuleFinder
instanceKlass org/jetbrains/kotlin/com/intellij/openapi/util/KeyedExtensionCollector$MyExtensionPointListener
instanceKlass org/jetbrains/kotlin/resolve/jvm/KotlinJavaPsiFacade$2
instanceKlass org/jetbrains/kotlin/resolve/jvm/KotlinJavaPsiFacade$1
instanceKlass org/jetbrains/kotlin/com/intellij/psi/PsiModifierList
instanceKlass org/jetbrains/kotlin/resolve/jvm/NotFoundPackagesCachingStrategy$Default
instanceKlass org/jetbrains/kotlin/com/intellij/psi/impl/ElementBase$ElementIconRequest
instanceKlass org/jetbrains/kotlin/load/java/structure/JavaClass
instanceKlass org/jetbrains/kotlin/load/java/structure/JavaTypeParameterListOwner
instanceKlass org/jetbrains/kotlin/load/java/structure/JavaModifierListOwner
instanceKlass org/jetbrains/kotlin/load/java/structure/JavaClassifier
instanceKlass org/jetbrains/kotlin/load/java/structure/JavaNamedElement
instanceKlass org/jetbrains/kotlin/load/java/structure/JavaAnnotationOwner
instanceKlass org/jetbrains/kotlin/load/java/structure/JavaElement
instanceKlass org/jetbrains/kotlin/resolve/jvm/KotlinJavaPsiFacade$KotlinPsiElementFinderWrapperImpl
instanceKlass org/jetbrains/kotlin/resolve/jvm/KotlinJavaPsiFacade$KotlinPsiElementFinderWrapper
instanceKlass org/jetbrains/kotlin/resolve/jvm/NotFoundPackagesCachingStrategy
instanceKlass org/jetbrains/kotlin/resolve/jvm/KotlinJavaPsiFacade
instanceKlass org/jetbrains/kotlin/load/java/structure/impl/source/JavaElementSourceFactory
instanceKlass org/jetbrains/kotlin/cli/common/CliModuleVisibilityManagerImpl
instanceKlass org/jetbrains/kotlin/load/kotlin/ModuleVisibilityManager
instanceKlass org/jetbrains/kotlin/compiler/plugin/CompilerPluginRegistrarKt
instanceKlass org/jetbrains/kotlin/compiler/plugin/CompilerPluginRegistrar$ExtensionStorage
instanceKlass org/jetbrains/kotlin/resolve/diagnostics/DiagnosticSuppressor
instanceKlass org/jetbrains/kotlin/fir/extensions/FirAnalysisHandlerExtension
instanceKlass org/jetbrains/kotlin/resolve/extensions/AssignResolutionAltererExtension
instanceKlass org/jetbrains/kotlin/extensions/AnnotationBasedExtension
instanceKlass org/jetbrains/kotlin/types/DefaultTypeAttributeTranslator
instanceKlass org/jetbrains/kotlin/types/extensions/TypeAttributeTranslators
instanceKlass org/jetbrains/kotlin/extensions/TypeAttributeTranslatorExtension
instanceKlass org/jetbrains/kotlin/types/TypeAttributeTranslator
instanceKlass org/jetbrains/kotlin/fir/extensions/FirExtensionRegistrarAdapter
instanceKlass org/jetbrains/kotlin/serialization/DescriptorSerializerPlugin
instanceKlass org/jetbrains/kotlin/extensions/internal/CallResolutionInterceptorExtension
instanceKlass org/jetbrains/kotlin/extensions/internal/CandidateInterceptor
instanceKlass org/jetbrains/kotlin/extensions/internal/TypeResolutionInterceptorExtension
instanceKlass org/jetbrains/kotlin/extensions/internal/TypeResolutionInterceptor
instanceKlass org/jetbrains/kotlin/cli/common/extensions/ShellExtension
instanceKlass org/jetbrains/kotlin/cli/common/extensions/ScriptEvaluationExtension
instanceKlass org/jetbrains/kotlin/backend/common/extensions/IrGenerationExtension
instanceKlass org/jetbrains/kotlin/resolve/extensions/ExtraImportsProviderExtension
instanceKlass org/jetbrains/kotlin/extensions/ProcessSourcesBeforeCompilingExtension
instanceKlass org/jetbrains/kotlin/extensions/CollectAdditionalSourcesExtension
instanceKlass org/jetbrains/kotlin/extensions/CompilerConfigurationExtension
instanceKlass org/jetbrains/kotlin/extensions/PreprocessedVirtualFileFactoryExtension
instanceKlass org/jetbrains/kotlin/extensions/DeclarationAttributeAltererExtension
instanceKlass org/jetbrains/kotlin/extensions/StorageComponentContainerContributor
instanceKlass org/jetbrains/kotlin/resolve/jvm/extensions/PackageFragmentProviderExtension
instanceKlass org/jetbrains/kotlin/resolve/jvm/extensions/AnalysisHandlerExtension
instanceKlass org/jetbrains/kotlin/resolve/extensions/AnalysisHandlerExtension
instanceKlass org/jetbrains/kotlin/codegen/extensions/ClassFileFactoryFinalizerExtension
instanceKlass org/jetbrains/kotlin/backend/jvm/extensions/ClassGeneratorExtension
instanceKlass org/jetbrains/kotlin/codegen/extensions/ClassBuilderInterceptorExtension
instanceKlass org/jetbrains/kotlin/resolve/jvm/extensions/SyntheticJavaResolveExtension
instanceKlass org/jetbrains/kotlin/extensions/ProjectExtensionDescriptor
instanceKlass org/jetbrains/kotlin/resolve/extensions/SyntheticResolveExtension
instanceKlass java/util/Random
instanceKlass java/util/random/RandomGenerator
instanceKlass java/nio/file/FileVisitor
instanceKlass java/nio/file/DirectoryStream$Filter
instanceKlass org/jetbrains/kotlin/com/intellij/openapi/util/io/FileUtilRt
instanceKlass org/jetbrains/kotlin/com/intellij/openapi/vfs/PersistentFSConstants
instanceKlass org/jetbrains/kotlin/com/intellij/util/containers/LinkedCustomHashMap$Entry
instanceKlass org/jetbrains/kotlin/com/intellij/util/containers/LinkedCustomHashMap$RemoveCallback
instanceKlass org/jetbrains/kotlin/com/intellij/util/containers/LinkedCustomHashMap
instanceKlass org/jetbrains/kotlin/com/intellij/util/containers/SLRUMap
instanceKlass org/jetbrains/kotlin/com/intellij/util/io/FileAccessorCache
instanceKlass org/jetbrains/kotlin/com/intellij/util/containers/hash/EqualityPolicy
instanceKlass java/lang/invoke/MethodHandle$1
instanceKlass org/jetbrains/kotlin/cli/jvm/compiler/jarfs/FastJarHandler
instanceKlass org/jetbrains/kotlin/cli/jvm/compiler/jarfs/FastJarFileSystemKt
instanceKlass org/jetbrains/kotlin/cli/jvm/compiler/jarfs/FastJarFileSystem$Companion
instanceKlass org/jetbrains/kotlin/com/intellij/psi/impl/source/DummyHolderFactory$DefaultFactory
instanceKlass org/jetbrains/kotlin/com/intellij/psi/impl/source/DummyHolderFactory
instanceKlass org/jetbrains/kotlin/com/intellij/psi/PsiImportHolder
instanceKlass org/jetbrains/kotlin/com/intellij/psi/impl/source/PsiFileWithStubSupport
instanceKlass org/jetbrains/kotlin/com/intellij/psi/impl/PsiFileEx
instanceKlass org/jetbrains/kotlin/com/intellij/openapi/ui/Queryable
instanceKlass org/jetbrains/kotlin/com/intellij/psi/impl/source/JavaDummyHolderFactory
instanceKlass org/jetbrains/kotlin/com/intellij/lang/jvm/facade/JvmFacadeImpl
instanceKlass org/jetbrains/kotlin/com/intellij/lang/jvm/facade/JvmFacade
instanceKlass org/jetbrains/kotlin/com/intellij/util/containers/ConcurrentRefValueHashMap$ValueReference
instanceKlass org/jetbrains/kotlin/com/intellij/util/containers/ConcurrentRefValueHashMap
instanceKlass org/jetbrains/kotlin/com/intellij/psi/impl/source/HolderFactory
instanceKlass org/jetbrains/kotlin/com/intellij/psi/PsiConstantEvaluationHelper
instanceKlass org/jetbrains/kotlin/com/intellij/psi/JavaPsiFacade
instanceKlass org/jetbrains/kotlin/cli/jvm/compiler/MockInferredAnnotationsManager$Companion
instanceKlass org/jetbrains/kotlin/com/intellij/codeInsight/InferredAnnotationsManager
instanceKlass org/jetbrains/kotlin/com/intellij/codeInsight/ExternalAnnotationsListener
instanceKlass org/jetbrains/kotlin/com/intellij/codeInsight/ExternalAnnotationsManager
instanceKlass org/jetbrains/kotlin/com/intellij/util/Processor
instanceKlass org/jetbrains/kotlin/asJava/finder/JavaElementFinder$Companion
instanceKlass org/jetbrains/kotlin/resolve/jvm/KotlinFinderMarker
instanceKlass org/jetbrains/kotlin/asJava/KotlinAsJavaSupportBase$Companion
instanceKlass org/jetbrains/kotlin/asJava/KotlinAsJavaSupport$Companion
instanceKlass org/jetbrains/kotlin/asJava/KotlinAsJavaSupport
instanceKlass org/jetbrains/kotlin/asJava/classes/ImplUtilsKt
instanceKlass org/jetbrains/kotlin/cli/jvm/compiler/CliLightClassGenerationSupport$CliLightClassSupport
instanceKlass org/jetbrains/kotlin/asJava/classes/KtUltraLightSupport
instanceKlass org/jetbrains/kotlin/asJava/LightClassGenerationSupport$Companion
instanceKlass org/jetbrains/kotlin/asJava/LightClassGenerationSupport
instanceKlass org/jetbrains/kotlin/resolve/jvm/JvmCodeAnalyzerInitializer
instanceKlass org/jetbrains/kotlin/resolve/CodeAnalyzerInitializer
instanceKlass org/jetbrains/kotlin/com/intellij/psi/impl/JvmPsiConversionHelperImpl
instanceKlass org/jetbrains/kotlin/com/intellij/psi/JvmPsiConversionHelper
instanceKlass java/util/stream/Collectors$CollectorImpl
instanceKlass java/util/stream/Collectors
instanceKlass java/util/stream/Collector
instanceKlass java/util/function/BinaryOperator
instanceKlass java/util/function/BiConsumer
instanceKlass org/jetbrains/kotlin/it/unimi/dsi/fastutil/objects/ObjectSpliterator
instanceKlass org/jetbrains/kotlin/it/unimi/dsi/fastutil/objects/ObjectIterator
instanceKlass org/jetbrains/kotlin/com/intellij/util/containers/Interner
instanceKlass org/jetbrains/kotlin/utils/PlatformUtilsKt
instanceKlass org/jetbrains/kotlin/load/java/structure/impl/classFiles/BinaryClassSignatureParser
instanceKlass org/jetbrains/kotlin/com/intellij/openapi/util/RecursionManager$2
instanceKlass org/jetbrains/kotlin/com/intellij/util/containers/SoftKeySoftValueHashMap
instanceKlass org/jetbrains/kotlin/com/intellij/psi/search/ProjectScope
instanceKlass org/jetbrains/kotlin/cli/jvm/compiler/KotlinCliJavaFileManagerImpl$Companion
instanceKlass org/jetbrains/kotlin/com/intellij/core/CoreJavaFileManager
instanceKlass org/jetbrains/kotlin/resolve/jvm/KotlinCliJavaFileManager
instanceKlass org/jetbrains/kotlin/com/intellij/psi/controlFlow/ControlFlowFactory$1
instanceKlass org/jetbrains/kotlin/com/intellij/util/containers/ConcurrentWeakKeySoftValueHashMap$HardKey
instanceKlass org/jetbrains/kotlin/com/intellij/util/containers/ConcurrentWeakKeySoftValueHashMap$KeyReference
instanceKlass org/jetbrains/kotlin/com/intellij/util/containers/ConcurrentWeakKeySoftValueHashMap
instanceKlass org/jetbrains/kotlin/com/intellij/psi/controlFlow/ControlFlow
instanceKlass org/jetbrains/kotlin/com/intellij/psi/controlFlow/ControlFlowFactory
instanceKlass org/jetbrains/kotlin/com/intellij/psi/codeStyle/SuggestedNameInfo
instanceKlass org/jetbrains/kotlin/com/intellij/psi/codeStyle/JavaCodeStyleManager
instanceKlass org/jetbrains/kotlin/com/intellij/core/CoreJavaFileCodeStyleFacade
instanceKlass org/jetbrains/kotlin/com/intellij/psi/codeStyle/JavaFileCodeStyleFacade
instanceKlass org/jetbrains/kotlin/com/intellij/psi/codeStyle/CodeStyleSettingsFacade
instanceKlass org/jetbrains/kotlin/com/intellij/psi/codeStyle/JavaCodeStyleSettingsFacade
instanceKlass org/jetbrains/kotlin/com/intellij/psi/impl/source/resolve/JavaResolveCache$1
instanceKlass org/jetbrains/kotlin/com/intellij/psi/impl/source/resolve/JavaResolveCache
instanceKlass org/jetbrains/kotlin/com/intellij/util/lang/JavaVersion
instanceKlass sun/util/locale/LanguageTag
instanceKlass java/util/ResourceBundle$Control
instanceKlass org/jetbrains/kotlin/com/intellij/AbstractBundle
instanceKlass org/jetbrains/kotlin/com/intellij/core/JavaPsiBundle
instanceKlass org/jetbrains/kotlin/com/intellij/openapi/roots/LanguageLevelProjectExtension$LanguageLevelChangeListener
instanceKlass org/jetbrains/kotlin/com/intellij/openapi/roots/LanguageLevelProjectExtension
instanceKlass org/jetbrains/kotlin/com/intellij/openapi/util/RecursionManager$CalculationStack
instanceKlass org/jetbrains/kotlin/com/intellij/openapi/util/RecursionGuard
instanceKlass org/jetbrains/kotlin/com/intellij/openapi/util/RecursionGuard$StackStamp
instanceKlass org/jetbrains/kotlin/com/intellij/openapi/util/RecursionManager
instanceKlass org/jetbrains/kotlin/com/intellij/psi/PsiInferenceHelper
instanceKlass org/jetbrains/kotlin/com/intellij/psi/scope/processor/FilterScopeProcessor
instanceKlass org/jetbrains/kotlin/com/intellij/psi/scope/PsiScopeProcessor
instanceKlass org/jetbrains/kotlin/com/intellij/psi/scope/NameHint
instanceKlass org/jetbrains/kotlin/com/intellij/psi/scope/ElementClassHint
instanceKlass org/jetbrains/kotlin/com/intellij/psi/impl/source/resolve/PsiResolveHelperImpl
instanceKlass org/jetbrains/kotlin/com/intellij/psi/PsiResolveHelper
instanceKlass org/jetbrains/kotlin/com/intellij/psi/impl/JavaPsiImplementationHelper
instanceKlass org/jetbrains/kotlin/com/intellij/psi/impl/PsiElementFactoryImpl$1
instanceKlass org/jetbrains/kotlin/com/intellij/psi/TypeAnnotationProvider$1
instanceKlass org/jetbrains/kotlin/com/intellij/psi/TypeAnnotationProvider$Static
instanceKlass org/jetbrains/kotlin/com/intellij/psi/TypeAnnotationProvider
instanceKlass org/jetbrains/kotlin/com/intellij/psi/PsiAnnotation
instanceKlass org/jetbrains/kotlin/com/intellij/lang/jvm/types/JvmPrimitiveTypeKind
instanceKlass org/jetbrains/kotlin/com/intellij/lang/jvm/JvmAnnotation
instanceKlass org/jetbrains/kotlin/com/intellij/psi/PsiTypes
instanceKlass org/jetbrains/kotlin/com/intellij/lang/java/parser/JavaParserUtil$ParserWrapper
instanceKlass org/jetbrains/kotlin/com/intellij/psi/PsiReferenceExpression
instanceKlass org/jetbrains/kotlin/com/intellij/psi/PsiExpression
instanceKlass org/jetbrains/kotlin/com/intellij/psi/PsiCaseLabelElement
instanceKlass org/jetbrains/kotlin/com/intellij/psi/PsiAnnotationMemberValue
instanceKlass org/jetbrains/kotlin/com/intellij/psi/PsiImportStatementBase
instanceKlass org/jetbrains/kotlin/com/intellij/psi/PsiTypeElement
instanceKlass org/jetbrains/kotlin/com/intellij/psi/PsiJavaCodeReferenceElement
instanceKlass org/jetbrains/kotlin/com/intellij/psi/PsiQualifiedReferenceElement
instanceKlass org/jetbrains/kotlin/com/intellij/psi/PsiQualifiedReference
instanceKlass org/jetbrains/kotlin/com/intellij/psi/PsiJavaReference
instanceKlass org/jetbrains/kotlin/com/intellij/psi/PsiPolyVariantReference
instanceKlass org/jetbrains/kotlin/com/intellij/lang/jvm/types/JvmReferenceType
instanceKlass org/jetbrains/kotlin/com/intellij/lang/java/parser/BasicJavaParserUtil$ParserWrapper
instanceKlass org/jetbrains/kotlin/com/intellij/lang/jvm/types/JvmPrimitiveType
instanceKlass org/jetbrains/kotlin/com/intellij/psi/PsiType
instanceKlass org/jetbrains/kotlin/com/intellij/psi/PsiAnnotationOwner
instanceKlass org/jetbrains/kotlin/com/intellij/lang/jvm/types/JvmType
instanceKlass org/jetbrains/kotlin/com/intellij/psi/impl/PsiJavaParserFacadeImpl
instanceKlass org/jetbrains/kotlin/com/intellij/psi/PsiElementFactory
instanceKlass org/jetbrains/kotlin/com/intellij/psi/PsiJavaParserFacade
instanceKlass org/jetbrains/kotlin/com/intellij/psi/JVMElementFactory
instanceKlass org/jetbrains/kotlin/com/intellij/lang/injection/InjectedLanguageManager
instanceKlass org/jetbrains/kotlin/com/intellij/mock/MockDumbUtil
instanceKlass org/jetbrains/kotlin/com/intellij/openapi/project/DumbUtil
instanceKlass org/jetbrains/kotlin/com/intellij/psi/search/impl/VirtualFileEnumeration
instanceKlass org/jetbrains/kotlin/com/intellij/psi/search/impl/VirtualFileEnumerationAware
instanceKlass org/jetbrains/kotlin/com/intellij/psi/search/SearchScope
instanceKlass org/jetbrains/kotlin/com/intellij/psi/search/ProjectAwareFileFilter
instanceKlass org/jetbrains/kotlin/com/intellij/psi/PsiDirectory
instanceKlass org/jetbrains/kotlin/com/intellij/psi/impl/file/PsiDirectoryFactory
instanceKlass org/jetbrains/kotlin/com/intellij/psi/util/CachedValue
instanceKlass org/jetbrains/kotlin/com/intellij/psi/util/ParameterizedCachedValue
instanceKlass org/jetbrains/kotlin/com/intellij/psi/impl/PsiCachedValuesFactory
instanceKlass org/jetbrains/kotlin/com/intellij/psi/util/CachedValueProvider
instanceKlass org/jetbrains/kotlin/com/intellij/psi/util/CachedValuesManager
instanceKlass org/jetbrains/kotlin/com/intellij/psi/impl/source/tree/TreeElementVisitor
instanceKlass org/jetbrains/kotlin/com/intellij/psi/PsiFileFactory
instanceKlass org/jetbrains/kotlin/com/intellij/psi/impl/PsiToDocumentSynchronizer
instanceKlass org/jetbrains/kotlin/com/intellij/psi/PsiRecursiveVisitor
instanceKlass org/jetbrains/kotlin/com/intellij/psi/PsiElementVisitor
instanceKlass org/jetbrains/kotlin/com/intellij/openapi/editor/event/DocumentListener
instanceKlass org/jetbrains/kotlin/com/intellij/psi/PsiDocumentManager
instanceKlass org/jetbrains/kotlin/com/intellij/core/MockDocumentCommitProcessor
instanceKlass org/jetbrains/kotlin/com/intellij/psi/impl/DocumentCommitProcessor
instanceKlass org/jetbrains/kotlin/com/intellij/psi/SmartPointerManager
instanceKlass org/jetbrains/kotlin/com/intellij/psi/impl/file/impl/FileManagerImpl$1
instanceKlass org/jetbrains/kotlin/com/intellij/openapi/util/Comparing
instanceKlass org/jetbrains/kotlin/com/intellij/openapi/fileTypes/CharsetUtil
instanceKlass org/jetbrains/kotlin/com/intellij/util/LocalTimeCounter
instanceKlass org/jetbrains/kotlin/com/intellij/openapi/extensions/ExtensionPointPriorityListener
instanceKlass org/jetbrains/kotlin/com/intellij/openapi/extensions/ExtensionPointUtil$1
instanceKlass org/jetbrains/kotlin/com/intellij/openapi/extensions/ExtensionPointUtil
instanceKlass org/jetbrains/kotlin/com/intellij/openapi/vfs/NonPhysicalFileSystem
instanceKlass org/jetbrains/kotlin/com/intellij/openapi/vfs/VirtualFileWithAssignedFileType
instanceKlass org/jetbrains/kotlin/com/intellij/psi/impl/file/impl/FileManagerImpl
instanceKlass org/jetbrains/kotlin/com/intellij/openapi/util/NotNullFactory
instanceKlass org/jetbrains/kotlin/com/intellij/openapi/util/Factory
instanceKlass org/jetbrains/kotlin/com/intellij/openapi/vfs/VirtualFileFilter$2
instanceKlass org/jetbrains/kotlin/com/intellij/openapi/vfs/VirtualFileFilter$1
instanceKlass org/jetbrains/kotlin/com/intellij/openapi/vfs/VirtualFileFilter
instanceKlass org/jetbrains/kotlin/com/intellij/openapi/util/LowMemoryWatcher
instanceKlass org/jetbrains/kotlin/com/intellij/psi/impl/source/resolve/ResolveCache$1
instanceKlass org/jetbrains/kotlin/com/intellij/psi/impl/AnyPsiChangeListener
instanceKlass org/jetbrains/kotlin/com/intellij/psi/impl/file/impl/FileManager
instanceKlass org/jetbrains/kotlin/com/intellij/openapi/wm/ex/ProgressIndicatorEx
instanceKlass org/jetbrains/kotlin/com/intellij/psi/ResolveResult
instanceKlass org/jetbrains/kotlin/com/intellij/psi/impl/source/resolve/ResolveCache$StrongValueReference
instanceKlass org/jetbrains/kotlin/com/intellij/util/containers/ConcurrentWeakKeySoftValueHashMap$ValueReference
instanceKlass org/jetbrains/kotlin/com/intellij/psi/impl/source/resolve/ResolveCache$AbstractResolver
instanceKlass org/jetbrains/kotlin/com/intellij/psi/PsiReference
instanceKlass org/jetbrains/kotlin/com/intellij/psi/impl/source/resolve/ResolveCache
instanceKlass org/jetbrains/kotlin/com/intellij/psi/impl/PsiModificationTrackerImpl$1
instanceKlass org/jetbrains/kotlin/com/intellij/openapi/project/DumbService$DumbModeListener
instanceKlass org/jetbrains/kotlin/com/intellij/openapi/project/DumbService$Companion
instanceKlass org/jetbrains/kotlin/com/intellij/openapi/project/DumbService
instanceKlass org/jetbrains/kotlin/com/intellij/psi/util/PsiModificationTracker$Listener
instanceKlass org/jetbrains/kotlin/com/intellij/psi/impl/PsiModificationTrackerImpl
instanceKlass org/jetbrains/kotlin/com/intellij/psi/util/PsiModificationTracker
instanceKlass org/jetbrains/kotlin/com/intellij/lang/jvm/facade/JvmElementProvider
instanceKlass org/jetbrains/kotlin/com/intellij/psi/PsiElementFinder
instanceKlass org/jetbrains/kotlin/com/intellij/psi/impl/PsiTreeChangePreprocessor
instanceKlass org/jetbrains/kotlin/com/intellij/psi/impl/file/impl/JavaFileManager
instanceKlass org/jetbrains/kotlin/com/intellij/openapi/roots/PackageIndex
instanceKlass org/jetbrains/kotlin/com/intellij/psi/impl/ResolveScopeManager
instanceKlass org/jetbrains/kotlin/com/intellij/psi/search/ProjectScopeBuilder
instanceKlass org/jetbrains/kotlin/com/intellij/openapi/roots/FileIndexFacade
instanceKlass org/jetbrains/kotlin/com/intellij/util/CachedValuesFactory
instanceKlass org/jetbrains/kotlin/com/intellij/openapi/project/Project
instanceKlass org/jetbrains/kotlin/com/intellij/core/CoreProjectEnvironment
instanceKlass org/jetbrains/kotlin/cli/jvm/compiler/KotlinCoreEnvironment$Companion$getOrCreateApplicationEnvironment$1$2
instanceKlass org/jetbrains/kotlin/com/intellij/pom/java/InternalPersistentJavaLanguageLevelReaderService$DefaultImpl
instanceKlass org/jetbrains/kotlin/com/intellij/pom/java/InternalPersistentJavaLanguageLevelReaderService
instanceKlass org/jetbrains/kotlin/com/intellij/openapi/vfs/VirtualFileSet
instanceKlass org/jetbrains/kotlin/com/intellij/openapi/vfs/CompactVirtualFileSetFactory
instanceKlass org/jetbrains/kotlin/com/intellij/openapi/vfs/VirtualFileSetFactoryKt
instanceKlass org/jetbrains/kotlin/com/intellij/openapi/vfs/VirtualFileSetFactory
instanceKlass org/jetbrains/kotlin/com/intellij/openapi/application/TransactionGuard
instanceKlass org/jetbrains/kotlin/com/intellij/psi/util/JavaClassSupers
instanceKlass org/jetbrains/kotlin/load/kotlin/KotlinBinaryClassCache$Companion
instanceKlass org/jetbrains/kotlin/load/kotlin/KotlinBinaryClassCache
instanceKlass org/jetbrains/kotlin/psi/stubs/KotlinFileStub
instanceKlass org/jetbrains/kotlin/parsing/KotlinParserDefinition$Companion
instanceKlass org/jetbrains/kotlin/parsing/KotlinCommonParserDefinition
instanceKlass sun/invoke/util/VerifyAccess$1
instanceKlass javax/swing/Icon
instanceKlass org/jetbrains/kotlin/com/intellij/util/keyFMap/OneElementFMap
instanceKlass org/jetbrains/kotlin/com/intellij/openapi/extensions/impl/ExtensionProcessingHelper
instanceKlass org/jetbrains/kotlin/com/intellij/openapi/extensions/impl/ExtensionsAreaImplKt
instanceKlass kotlinx/coroutines/IncompleteStateBox
instanceKlass kotlinx/coroutines/internal/LockFreeLinkedListNode
instanceKlass kotlin/coroutines/jvm/internal/CompletedContinuation
instanceKlass org/jetbrains/kotlin/com/intellij/openapi/util/BuildNumber
instanceKlass org/jetbrains/kotlin/com/intellij/ide/plugins/PluginManagerCore
instanceKlass org/jetbrains/kotlin/com/intellij/ide/plugins/PluginContentDescriptor$Companion
instanceKlass org/jetbrains/kotlin/com/intellij/ide/plugins/PluginContentDescriptor
instanceKlass org/jetbrains/kotlin/com/intellij/ide/plugins/IdeaPluginDescriptorImpl
instanceKlass org/jetbrains/kotlin/com/intellij/ide/plugins/IdeaPluginDescriptor
instanceKlass org/jetbrains/kotlin/org/codehaus/stax2/ri/typed/ValueDecoderFactory
instanceKlass org/jetbrains/kotlin/com/fasterxml/aalto/in/ByteBasedPNameTable$Bucket
instanceKlass org/jetbrains/kotlin/com/intellij/openapi/extensions/ExtensionPointDescriptor
instanceKlass org/jetbrains/kotlin/com/fasterxml/aalto/util/DataUtil
instanceKlass org/jetbrains/kotlin/com/fasterxml/aalto/in/ElementScope
instanceKlass org/jetbrains/kotlin/com/fasterxml/aalto/in/ByteBasedPNameFactory
instanceKlass org/jetbrains/kotlin/com/intellij/ide/plugins/ModuleDependenciesDescriptor$Companion
instanceKlass org/jetbrains/kotlin/com/intellij/ide/plugins/ModuleDependenciesDescriptor
instanceKlass org/jetbrains/kotlin/com/intellij/ide/plugins/ContainerDescriptor
instanceKlass org/jetbrains/kotlin/com/intellij/ide/plugins/RawPluginDescriptor
instanceKlass org/jetbrains/kotlin/com/fasterxml/aalto/util/BufferRecycler
instanceKlass org/jetbrains/kotlin/com/fasterxml/aalto/util/NameTable
instanceKlass org/jetbrains/kotlin/com/fasterxml/aalto/util/XmlCharTypes
instanceKlass org/jetbrains/kotlin/com/fasterxml/aalto/in/AttributeCollector
instanceKlass org/jetbrains/kotlin/com/fasterxml/aalto/util/TextBuilder
instanceKlass org/jetbrains/kotlin/com/fasterxml/aalto/in/FixedNsContext
instanceKlass org/jetbrains/kotlin/com/fasterxml/aalto/in/NsBinding
instanceKlass org/jetbrains/kotlin/com/fasterxml/aalto/in/PName
instanceKlass org/jetbrains/kotlin/org/codehaus/stax2/XMLStreamLocation2
instanceKlass org/jetbrains/kotlin/org/codehaus/stax2/typed/TypedValueDecoder
instanceKlass org/jetbrains/kotlin/com/fasterxml/aalto/stax/StreamReaderImpl
instanceKlass org/jetbrains/kotlin/org/codehaus/stax2/XMLStreamReader2
instanceKlass org/jetbrains/kotlin/org/codehaus/stax2/typed/TypedXMLStreamReader
instanceKlass javax/xml/stream/XMLStreamReader
instanceKlass org/jetbrains/kotlin/org/codehaus/stax2/LocationInfo
instanceKlass org/jetbrains/kotlin/com/fasterxml/aalto/in/XmlScanner
instanceKlass javax/xml/stream/XMLStreamConstants
instanceKlass javax/xml/namespace/NamespaceContext
instanceKlass javax/xml/stream/Location
instanceKlass org/jetbrains/kotlin/com/fasterxml/aalto/in/InputBootstrapper
instanceKlass org/jetbrains/kotlin/com/fasterxml/aalto/util/UriCanonicalizer
instanceKlass org/jetbrains/kotlin/com/fasterxml/aalto/in/ReaderConfig$EncodingContext
instanceKlass org/jetbrains/kotlin/com/fasterxml/aalto/impl/CommonConfig
instanceKlass org/jetbrains/kotlin/com/intellij/util/xml/dom/StaxFactory
instanceKlass kotlin/jvm/internal/SpreadBuilder
instanceKlass org/jetbrains/kotlin/com/intellij/ide/plugins/XmlReader
instanceKlass org/jetbrains/kotlin/com/intellij/ide/plugins/JavaZipFileDataLoader
instanceKlass org/jetbrains/kotlin/com/intellij/ide/plugins/DataLoader
instanceKlass kotlin/ResultKt
instanceKlass kotlinx/coroutines/internal/OpDescriptor
instanceKlass kotlinx/coroutines/DispatchedTaskKt
instanceKlass kotlinx/coroutines/CompletedExceptionally
instanceKlass kotlinx/coroutines/EventLoop_commonKt
instanceKlass kotlinx/coroutines/AbstractTimeSourceKt
instanceKlass kotlin/Result$Failure
instanceKlass kotlinx/coroutines/CompletionStateKt
instanceKlass kotlin/Result$Companion
instanceKlass kotlin/Result
instanceKlass kotlinx/coroutines/internal/ThreadContextKt
instanceKlass kotlinx/coroutines/internal/DispatchedContinuationKt
instanceKlass kotlinx/coroutines/scheduling/Task
instanceKlass kotlin/coroutines/jvm/internal/DebugProbesKt
instanceKlass kotlin/coroutines/intrinsics/IntrinsicsKt__IntrinsicsJvmKt
instanceKlass kotlinx/coroutines/intrinsics/CancellableKt
instanceKlass kotlinx/coroutines/CoroutineStart$WhenMappings
instanceKlass kotlin/coroutines/CombinedContext
instanceKlass kotlinx/coroutines/Job$DefaultImpls
instanceKlass kotlin/coroutines/CoroutineContext$DefaultImpls
instanceKlass kotlinx/coroutines/NonDisposableHandle
instanceKlass kotlinx/coroutines/ChildHandle
instanceKlass kotlinx/coroutines/DisposableHandle
instanceKlass kotlinx/coroutines/Job$Key
instanceKlass kotlinx/coroutines/Empty
instanceKlass kotlinx/coroutines/Incomplete
instanceKlass kotlinx/coroutines/JobSupportKt
instanceKlass kotlinx/coroutines/JobSupport
instanceKlass kotlinx/coroutines/ParentJob
instanceKlass kotlinx/coroutines/ChildJob
instanceKlass kotlinx/coroutines/Job
instanceKlass kotlin/coroutines/ContinuationInterceptor$DefaultImpls
instanceKlass kotlinx/coroutines/DefaultExecutorKt
instanceKlass kotlinx/coroutines/internal/LimitedDispatcherKt
instanceKlass java/util/concurrent/atomic/AtomicReferenceArray
instanceKlass kotlinx/coroutines/internal/LockFreeTaskQueueCore$Companion
instanceKlass kotlinx/coroutines/internal/LockFreeTaskQueueCore
instanceKlass kotlinx/coroutines/internal/ResizableAtomicArray
instanceKlass kotlinx/coroutines/internal/LockFreeTaskQueue
instanceKlass kotlinx/coroutines/scheduling/CoroutineScheduler$Companion
instanceKlass kotlinx/coroutines/scheduling/CoroutineScheduler
instanceKlass java/util/concurrent/Executor
instanceKlass kotlinx/coroutines/scheduling/TaskContextImpl
instanceKlass kotlinx/coroutines/scheduling/TaskContext
instanceKlass kotlinx/coroutines/scheduling/SchedulerTimeSource
instanceKlass kotlinx/coroutines/internal/SystemPropsKt__SystemProps_commonKt
instanceKlass kotlinx/coroutines/scheduling/TasksKt
instanceKlass kotlinx/coroutines/Dispatchers
instanceKlass kotlinx/coroutines/internal/SystemPropsKt__SystemPropsKt
instanceKlass kotlinx/coroutines/internal/SystemPropsKt
instanceKlass kotlinx/coroutines/DebugKt
instanceKlass kotlinx/coroutines/CopyableThreadContextElement
instanceKlass kotlinx/coroutines/ThreadContextElement
instanceKlass kotlin/coroutines/CoroutineContext$Element$DefaultImpls
instanceKlass kotlinx/coroutines/CoroutineContextKt
instanceKlass kotlinx/coroutines/GlobalScope
instanceKlass java/util/concurrent/atomic/AtomicIntegerFieldUpdater$AtomicIntegerFieldUpdaterImpl$1
instanceKlass java/util/concurrent/atomic/AtomicIntegerFieldUpdater
instanceKlass kotlin/coroutines/AbstractCoroutineContextKey
instanceKlass kotlin/coroutines/AbstractCoroutineContextElement
instanceKlass kotlinx/coroutines/Delay
instanceKlass kotlinx/coroutines/EventLoopKt
instanceKlass kotlinx/coroutines/internal/ThreadLocalKt
instanceKlass kotlinx/coroutines/internal/Symbol
instanceKlass kotlinx/coroutines/ThreadLocalEventLoop
instanceKlass kotlin/coroutines/ContinuationInterceptor$Key
instanceKlass kotlin/coroutines/CoroutineContext$Key
instanceKlass kotlin/coroutines/ContinuationInterceptor
instanceKlass kotlin/coroutines/CoroutineContext$Element
instanceKlass kotlin/coroutines/EmptyCoroutineContext
instanceKlass kotlin/coroutines/CoroutineContext
instanceKlass kotlinx/coroutines/BuildersKt__BuildersKt
instanceKlass kotlinx/coroutines/BuildersKt
instanceKlass kotlin/coroutines/jvm/internal/BaseContinuationImpl
instanceKlass kotlin/coroutines/jvm/internal/CoroutineStackFrame
instanceKlass kotlin/coroutines/Continuation
instanceKlass kotlin/coroutines/jvm/internal/SuspendFunction
instanceKlass sun/nio/fs/ExtendedFileSystemProvider
instanceKlass org/jetbrains/kotlin/com/intellij/ide/plugins/MyXmlInterner
instanceKlass org/jetbrains/kotlin/com/intellij/util/xml/dom/XmlInterner
instanceKlass org/jetbrains/kotlin/com/intellij/ide/plugins/DescriptorListLoadingContext
instanceKlass org/jetbrains/kotlin/com/intellij/ide/plugins/ReadModuleContext
instanceKlass org/jetbrains/kotlin/com/intellij/ide/plugins/PluginXmlPathResolver$Companion
instanceKlass org/jetbrains/kotlin/com/intellij/ide/plugins/PluginXmlPathResolver
instanceKlass org/jetbrains/kotlin/com/intellij/ide/plugins/PathResolver
instanceKlass org/jetbrains/kotlin/com/intellij/ide/plugins/PluginDescriptorLoader
instanceKlass org/jetbrains/kotlin/com/intellij/psi/JavaModuleSystem
instanceKlass org/jetbrains/kotlin/com/intellij/psi/impl/compiled/ClsCustomNavigationPolicy
instanceKlass org/jetbrains/kotlin/cli/jvm/compiler/IdeaExtensionPoints
instanceKlass org/jetbrains/kotlin/com/intellij/psi/impl/smartPointers/SmartPointerAnchorProvider
instanceKlass org/jetbrains/kotlin/com/intellij/codeInsight/runner/JavaMainMethodProvider
instanceKlass org/jetbrains/kotlin/com/intellij/openapi/util/NotNullLazyValue
instanceKlass org/jetbrains/kotlin/com/intellij/psi/augment/PsiAugmentProvider
instanceKlass org/jetbrains/kotlin/com/intellij/psi/meta/MetaDataContributor
instanceKlass org/jetbrains/kotlin/com/intellij/psi/FileContextProvider
instanceKlass org/jetbrains/kotlin/cli/jvm/compiler/DummyJavaFileCodeStyleFacadeFactory
instanceKlass org/jetbrains/kotlin/com/intellij/psi/codeStyle/JavaFileCodeStyleFacadeFactory
instanceKlass org/jetbrains/kotlin/com/intellij/psi/FileViewProvider
instanceKlass org/jetbrains/kotlin/com/intellij/psi/compiled/ClsStubBuilder
instanceKlass org/jetbrains/kotlin/com/intellij/psi/compiled/ClassFileDecompilers$Full
instanceKlass java/util/TimSort
instanceKlass java/util/Arrays$LegacyMergeSort
instanceKlass java/lang/Class$AnnotationData
instanceKlass org/jetbrains/kotlin/com/intellij/openapi/components/Service
instanceKlass org/jetbrains/kotlin/com/intellij/psi/compiled/ClassFileDecompilers
instanceKlass org/jetbrains/kotlin/com/intellij/psi/compiled/ClassFileDecompilers$Decompiler
instanceKlass org/jetbrains/kotlin/com/intellij/psi/util/MethodSignature
instanceKlass org/jetbrains/kotlin/com/intellij/openapi/application/QueryExecutorBase
instanceKlass org/jetbrains/kotlin/com/intellij/util/QueryExecutor
instanceKlass org/jetbrains/kotlin/com/intellij/psi/search/searches/SuperMethodsSearch$1
instanceKlass org/jetbrains/kotlin/com/intellij/openapi/extensions/SmartExtensionPoint$1
instanceKlass org/jetbrains/kotlin/com/intellij/openapi/extensions/ExtensionPointAndAreaListener
instanceKlass org/jetbrains/kotlin/com/intellij/openapi/extensions/SmartExtensionPoint
instanceKlass org/jetbrains/kotlin/com/intellij/util/Query
instanceKlass org/jetbrains/kotlin/com/intellij/util/QueryFactory
instanceKlass org/jetbrains/kotlin/com/intellij/openapi/util/registry/RegistryValue
instanceKlass org/jetbrains/kotlin/com/intellij/openapi/util/registry/Registry$1
instanceKlass org/jetbrains/kotlin/com/intellij/openapi/util/registry/RegistryValueListener
instanceKlass org/jetbrains/kotlin/com/intellij/openapi/util/registry/Registry
instanceKlass org/jetbrains/kotlin/com/intellij/lang/folding/FoldingBuilderEx
instanceKlass org/jetbrains/kotlin/com/intellij/openapi/project/PossiblyDumbAware
instanceKlass org/jetbrains/kotlin/com/intellij/openapi/project/DumbAware
instanceKlass org/jetbrains/kotlin/com/intellij/lang/folding/FoldingBuilder
instanceKlass org/jetbrains/kotlin/com/intellij/codeInsight/folding/JavaCodeFoldingSettings
instanceKlass org/jetbrains/kotlin/com/intellij/psi/PsiParameter
instanceKlass org/jetbrains/kotlin/com/intellij/lang/jvm/JvmParameter
instanceKlass org/jetbrains/kotlin/com/intellij/psi/presentation/java/VariablePresentationProvider
instanceKlass org/jetbrains/kotlin/com/intellij/psi/PsiLocalVariable
instanceKlass org/jetbrains/kotlin/com/intellij/psi/presentation/java/FieldPresentationProvider
instanceKlass org/jetbrains/kotlin/com/intellij/psi/PsiField
instanceKlass org/jetbrains/kotlin/com/intellij/psi/PsiVariable
instanceKlass org/jetbrains/kotlin/com/intellij/lang/jvm/JvmField
instanceKlass org/jetbrains/kotlin/com/intellij/psi/presentation/java/MethodPresentationProvider
instanceKlass org/jetbrains/kotlin/com/intellij/psi/PsiMethod
instanceKlass org/jetbrains/kotlin/com/intellij/psi/PsiParameterListOwner
instanceKlass org/jetbrains/kotlin/com/intellij/lang/jvm/JvmMethod
instanceKlass org/jetbrains/kotlin/com/intellij/psi/presentation/java/ClassPresentationProvider
instanceKlass org/jetbrains/kotlin/com/intellij/psi/PsiClass
instanceKlass org/jetbrains/kotlin/com/intellij/psi/PsiTypeParameterListOwner
instanceKlass org/jetbrains/kotlin/com/intellij/psi/PsiJvmMember
instanceKlass org/jetbrains/kotlin/com/intellij/psi/PsiTarget
instanceKlass org/jetbrains/kotlin/com/intellij/psi/PsiNameIdentifierOwner
instanceKlass org/jetbrains/kotlin/com/intellij/psi/PsiDocCommentOwner
instanceKlass org/jetbrains/kotlin/com/intellij/psi/PsiMember
instanceKlass org/jetbrains/kotlin/com/intellij/psi/PsiJavaDocumentedElement
instanceKlass org/jetbrains/kotlin/com/intellij/pom/PomRenameableTarget
instanceKlass org/jetbrains/kotlin/com/intellij/pom/PomNamedTarget
instanceKlass org/jetbrains/kotlin/com/intellij/pom/PomTarget
instanceKlass org/jetbrains/kotlin/com/intellij/lang/jvm/JvmClass
instanceKlass org/jetbrains/kotlin/com/intellij/lang/jvm/JvmTypeParametersOwner
instanceKlass org/jetbrains/kotlin/com/intellij/lang/jvm/JvmMember
instanceKlass org/jetbrains/kotlin/com/intellij/lang/jvm/JvmTypeDeclaration
instanceKlass org/jetbrains/kotlin/com/intellij/navigation/ItemPresentation
instanceKlass org/jetbrains/kotlin/com/intellij/psi/presentation/java/PackagePresentationProvider
instanceKlass org/jetbrains/kotlin/com/intellij/navigation/ItemPresentationProvider
instanceKlass org/jetbrains/kotlin/com/intellij/psi/PsiPackage
instanceKlass org/jetbrains/kotlin/com/intellij/psi/PsiQualifiedNamedElement
instanceKlass org/jetbrains/kotlin/com/intellij/psi/PsiJvmModifiersOwner
instanceKlass org/jetbrains/kotlin/com/intellij/psi/PsiModifierListOwner
instanceKlass org/jetbrains/kotlin/com/intellij/lang/jvm/JvmModifiersOwner
instanceKlass org/jetbrains/kotlin/com/intellij/psi/PsiDirectoryContainer
instanceKlass org/jetbrains/kotlin/com/intellij/lang/jvm/JvmPackage
instanceKlass org/jetbrains/kotlin/com/intellij/lang/jvm/JvmNamedElement
instanceKlass org/jetbrains/kotlin/com/intellij/lang/jvm/JvmAnnotatedElement
instanceKlass org/jetbrains/kotlin/com/intellij/lang/jvm/JvmElement
instanceKlass org/jetbrains/kotlin/com/intellij/openapi/projectRoots/JavaVersionService
instanceKlass org/jetbrains/kotlin/com/intellij/psi/JavaDirectoryService
instanceKlass org/jetbrains/kotlin/com/intellij/psi/PsiSubstitutor
instanceKlass org/jetbrains/kotlin/com/intellij/psi/PsiSubstitutorFactory
instanceKlass org/jetbrains/kotlin/com/intellij/openapi/util/ModificationTracker$1
instanceKlass org/jetbrains/kotlin/com/intellij/psi/impl/file/PsiPackageImplementationHelper
instanceKlass kotlin/internal/ProgressionUtilKt
instanceKlass kotlin/ranges/IntRange$Companion
instanceKlass kotlin/ranges/IntProgression$Companion
instanceKlass kotlin/text/DelimitedRangesSequence$iterator$1
instanceKlass kotlin/sequences/TransformingSequence$iterator$1
instanceKlass kotlin/sequences/FilteringSequence$iterator$1
instanceKlass kotlin/sequences/FilteringSequence
instanceKlass kotlin/sequences/TransformingSequence
instanceKlass kotlin/ranges/IntProgression
instanceKlass kotlin/ranges/OpenEndRange
instanceKlass kotlin/ranges/ClosedRange
instanceKlass kotlin/text/DelimitedRangesSequence
instanceKlass org/jetbrains/kotlin/com/intellij/openapi/extensions/LoadingOrder$Companion
instanceKlass org/jetbrains/kotlin/com/intellij/openapi/extensions/LoadingOrder
instanceKlass org/jetbrains/kotlin/com/intellij/codeInsight/JavaContainerProvider
instanceKlass org/jetbrains/kotlin/com/intellij/codeInsight/ContainerProvider
instanceKlass org/jetbrains/kotlin/com/intellij/psi/impl/PsiExpressionEvaluator
instanceKlass org/jetbrains/kotlin/com/intellij/psi/impl/ConstantExpressionEvaluator
instanceKlass org/jetbrains/kotlin/com/intellij/psi/stubs/IndexSink
instanceKlass org/jetbrains/kotlin/com/intellij/util/diff/FlyweightCapableTreeStructure
instanceKlass org/jetbrains/kotlin/com/intellij/psi/impl/java/stubs/PsiJavaFileStub
instanceKlass org/jetbrains/kotlin/com/intellij/psi/stubs/PsiClassHolderFileStub
instanceKlass org/jetbrains/kotlin/com/intellij/psi/stubs/LightStubBuilder
instanceKlass org/jetbrains/kotlin/com/intellij/psi/stubs/PsiFileStub
instanceKlass org/jetbrains/kotlin/com/intellij/psi/stubs/StubElement
instanceKlass org/jetbrains/kotlin/com/intellij/psi/stubs/Stub
instanceKlass org/jetbrains/kotlin/com/intellij/psi/StubBuilder
instanceKlass org/jetbrains/kotlin/com/intellij/psi/stubs/StubSerializer
instanceKlass org/jetbrains/kotlin/com/intellij/psi/stubs/ObjectStubSerializer
instanceKlass org/jetbrains/kotlin/com/intellij/lang/java/JavaParserDefinition
instanceKlass org/jetbrains/kotlin/com/intellij/psi/javadoc/PsiDocToken
instanceKlass org/jetbrains/kotlin/com/intellij/psi/javadoc/PsiSnippetAttributeValue
instanceKlass org/jetbrains/kotlin/com/intellij/psi/PsiFragment
instanceKlass org/jetbrains/kotlin/com/intellij/psi/PsiLiteralValue
instanceKlass org/jetbrains/kotlin/com/intellij/psi/PsiKeyword
instanceKlass org/jetbrains/kotlin/com/intellij/psi/PsiIdentifier
instanceKlass org/jetbrains/kotlin/com/intellij/psi/PsiJavaToken
instanceKlass org/jetbrains/kotlin/com/intellij/psi/javadoc/PsiDocTagValue
instanceKlass org/jetbrains/kotlin/com/intellij/psi/impl/compiled/ClassFileStubBuilder
instanceKlass org/jetbrains/kotlin/com/intellij/psi/stubs/BinaryFileStubBuilder$CompositeBinaryFileStubBuilder
instanceKlass org/jetbrains/kotlin/com/intellij/psi/stubs/BinaryFileStubBuilder
instanceKlass org/jetbrains/kotlin/com/intellij/psi/ClassFileViewProviderFactory
instanceKlass org/jetbrains/kotlin/com/intellij/psi/FileViewProviderFactory
instanceKlass org/jetbrains/kotlin/com/intellij/openapi/util/Condition$3
instanceKlass org/jetbrains/kotlin/com/intellij/openapi/util/Condition$2
instanceKlass org/jetbrains/kotlin/com/intellij/openapi/util/Condition$1
instanceKlass org/jetbrains/kotlin/com/intellij/openapi/util/Condition
instanceKlass org/jetbrains/kotlin/com/intellij/openapi/util/Conditions
instanceKlass org/jetbrains/kotlin/com/intellij/psi/tree/IElementType$Predicate
instanceKlass org/jetbrains/kotlin/com/intellij/lexer/Lexer
instanceKlass org/jetbrains/kotlin/com/intellij/openapi/fileTypes/PlainTextParserDefinition
instanceKlass org/jetbrains/kotlin/kotlinx/collections/immutable/implementations/immutableList/AbstractListIterator
instanceKlass org/jetbrains/kotlin/kotlinx/collections/immutable/internal/ListImplementation
instanceKlass org/jetbrains/kotlin/com/intellij/lang/LanguageUtil
instanceKlass org/jetbrains/kotlin/kotlinx/collections/immutable/implementations/immutableSet/TrieNodeIterator
instanceKlass org/jetbrains/kotlin/kotlinx/collections/immutable/implementations/immutableSet/PersistentHashSetIterator
instanceKlass org/jetbrains/kotlin/com/intellij/util/containers/ContainerUtil$9$1
instanceKlass org/jetbrains/kotlin/com/intellij/util/containers/ContainerUtil$9
instanceKlass org/jetbrains/kotlin/com/intellij/psi/PsiPlainText
instanceKlass org/jetbrains/kotlin/com/intellij/lang/ASTFactory$DefaultFactoryHolder
instanceKlass org/jetbrains/kotlin/com/intellij/ide/highlighter/ArchiveFileType
instanceKlass org/jetbrains/kotlin/kotlinx/collections/immutable/implementations/immutableSet/TrieNode$Companion
instanceKlass org/jetbrains/kotlin/kotlinx/collections/immutable/implementations/immutableSet/TrieNode
instanceKlass org/jetbrains/kotlin/kotlinx/collections/immutable/implementations/immutableSet/PersistentHashSet$Companion
instanceKlass kotlin/collections/AbstractSet$Companion
instanceKlass org/jetbrains/kotlin/kotlinx/collections/immutable/PersistentSet
instanceKlass org/jetbrains/kotlin/kotlinx/collections/immutable/ImmutableSet
instanceKlass org/jetbrains/kotlin/com/intellij/openapi/fileTypes/LanguageFileType
instanceKlass org/jetbrains/kotlin/com/intellij/ide/highlighter/JavaClassFileType
instanceKlass org/jetbrains/kotlin/com/intellij/DynamicBundle$LanguageBundleEP
instanceKlass org/jetbrains/kotlin/com/intellij/util/pico/CachingConstructorInjectionComponentAdapter
instanceKlass org/jetbrains/kotlin/com/intellij/openapi/application/ApplicationInfo
instanceKlass org/jetbrains/kotlin/com/intellij/util/graph/GraphAlgorithms
instanceKlass org/jetbrains/kotlin/com/intellij/util/messages/impl/MessagePublisher
instanceKlass org/jetbrains/kotlin/com/intellij/util/messages/impl/CompositeMessageBus$WhenMappings
instanceKlass org/jetbrains/kotlin/com/intellij/openapi/command/impl/CoreCommandProcessor$1
instanceKlass org/jetbrains/kotlin/com/intellij/openapi/command/CommandListener
instanceKlass org/jetbrains/kotlin/com/intellij/openapi/command/CommandToken
instanceKlass org/jetbrains/kotlin/com/intellij/openapi/command/CommandProcessor
instanceKlass org/jetbrains/kotlin/com/intellij/codeInsight/folding/CodeFoldingSettings
instanceKlass org/jetbrains/kotlin/com/intellij/util/containers/Unsafe
instanceKlass org/jetbrains/kotlin/com/intellij/util/ConcurrentLongObjectHashMap$CounterCell
instanceKlass org/jetbrains/kotlin/com/intellij/util/ConcurrentLongObjectHashMap$Node
instanceKlass org/jetbrains/kotlin/com/intellij/util/containers/ConcurrentLongObjectMap$LongEntry
instanceKlass org/jetbrains/kotlin/com/intellij/util/ConcurrentLongObjectHashMap
instanceKlass org/jetbrains/kotlin/com/intellij/util/containers/ConcurrentLongObjectMap
instanceKlass org/jetbrains/kotlin/com/intellij/util/Java11Shim$Companion$INSTANCE$1
instanceKlass org/jetbrains/kotlin/com/intellij/util/Java11Shim$Companion
instanceKlass org/jetbrains/kotlin/com/intellij/util/Java11Shim
instanceKlass java/util/concurrent/Future
instanceKlass org/jetbrains/kotlin/com/intellij/openapi/progress/ProgressIndicator
instanceKlass org/jetbrains/kotlin/com/intellij/openapi/progress/PerformInBackgroundOption
instanceKlass org/jetbrains/kotlin/com/intellij/openapi/progress/Task
instanceKlass org/jetbrains/kotlin/com/intellij/openapi/progress/TaskInfo
instanceKlass org/jetbrains/kotlin/com/intellij/openapi/progress/Progressive
instanceKlass org/jetbrains/kotlin/com/intellij/psi/PsiReferenceService
instanceKlass org/jetbrains/kotlin/com/intellij/psi/stubs/ObjectStubTree
instanceKlass org/jetbrains/kotlin/com/intellij/psi/PsiFile
instanceKlass org/jetbrains/kotlin/com/intellij/psi/PsiFileSystemItem
instanceKlass org/jetbrains/kotlin/com/intellij/psi/PsiCheckedRenameElement
instanceKlass org/jetbrains/kotlin/com/intellij/psi/PsiNamedElement
instanceKlass org/jetbrains/kotlin/com/intellij/psi/NavigatablePsiElement
instanceKlass org/jetbrains/kotlin/com/intellij/psi/stubs/StubTreeLoader
instanceKlass org/jetbrains/kotlin/com/intellij/psi/PsiReferenceProviderBean
instanceKlass org/jetbrains/kotlin/com/intellij/psi/PsiReferenceContributor
instanceKlass org/jetbrains/kotlin/com/intellij/codeInsight/highlighting/PassRunningAssert
instanceKlass org/jetbrains/kotlin/it/unimi/dsi/fastutil/doubles/Double2ObjectMap
instanceKlass org/jetbrains/kotlin/it/unimi/dsi/fastutil/doubles/Double2ObjectFunction
instanceKlass java/util/function/DoubleFunction
instanceKlass org/jetbrains/kotlin/com/intellij/psi/PsiReferenceRegistrar
instanceKlass org/jetbrains/kotlin/com/intellij/psi/PsiReferenceProvider
instanceKlass org/jetbrains/kotlin/com/intellij/psi/impl/source/resolve/reference/ReferenceProvidersRegistry
instanceKlass org/jetbrains/kotlin/com/intellij/lang/PsiBuilder
instanceKlass org/jetbrains/kotlin/com/intellij/openapi/util/UserDataHolderUnprotected
instanceKlass org/jetbrains/kotlin/com/intellij/lang/SyntaxTreeBuilder
instanceKlass org/jetbrains/kotlin/com/intellij/lang/PsiBuilderFactory
instanceKlass org/jetbrains/kotlin/com/intellij/openapi/util/text/StringUtilRt
instanceKlass org/jetbrains/kotlin/com/intellij/psi/impl/source/CharTableImpl
instanceKlass org/jetbrains/kotlin/com/intellij/psi/PsiLanguageInjectionHost
instanceKlass org/jetbrains/kotlin/com/intellij/psi/PsiComment
instanceKlass org/jetbrains/kotlin/com/intellij/model/psi/UrlReferenceHost
instanceKlass org/jetbrains/kotlin/com/intellij/model/psi/PsiExternalReferenceHost
instanceKlass org/jetbrains/kotlin/com/intellij/navigation/NavigationItem
instanceKlass org/jetbrains/kotlin/com/intellij/pom/Navigatable
instanceKlass org/jetbrains/kotlin/com/intellij/psi/PsiWhiteSpace
instanceKlass org/jetbrains/kotlin/com/intellij/psi/PsiElement
instanceKlass org/jetbrains/kotlin/com/intellij/psi/tree/ILazyParseableElementTypeBase
instanceKlass org/jetbrains/kotlin/com/intellij/psi/tree/IElementType
instanceKlass org/jetbrains/kotlin/com/intellij/lang/FileASTNode
instanceKlass org/jetbrains/kotlin/com/intellij/openapi/util/Iconable
instanceKlass org/jetbrains/kotlin/com/intellij/psi/impl/ReparseableASTNode
instanceKlass org/jetbrains/kotlin/com/intellij/lang/ASTNode
instanceKlass org/jetbrains/kotlin/com/intellij/util/CharTable
instanceKlass org/jetbrains/kotlin/com/intellij/lang/ASTFactory
instanceKlass org/jetbrains/kotlin/com/intellij/lang/DefaultASTFactory
instanceKlass org/jetbrains/kotlin/com/intellij/openapi/vfs/encoding/EncodingRegistry
instanceKlass java/util/Collections$UnmodifiableMap$UnmodifiableEntrySet$UnmodifiableEntry
instanceKlass java/util/Collections$UnmodifiableMap$UnmodifiableEntrySet$1
instanceKlass org/jetbrains/kotlin/com/intellij/openapi/extensions/impl/ImplementationClassResolver
instanceKlass org/jetbrains/kotlin/com/intellij/serviceContainer/LazyExtensionInstance
instanceKlass org/jetbrains/kotlin/com/intellij/openapi/extensions/PluginAware
instanceKlass org/jetbrains/kotlin/com/intellij/util/KeyedLazyInstance
instanceKlass org/jetbrains/kotlin/com/intellij/openapi/vfs/impl/BulkVirtualFileListenerAdapter
instanceKlass org/jetbrains/kotlin/com/intellij/util/messages/impl/BaseBusConnection
instanceKlass org/jetbrains/kotlin/com/intellij/util/messages/impl/MessageBusImpl$MessageHandlerHolder
instanceKlass org/jetbrains/kotlin/com/intellij/util/messages/MessageBusConnection
instanceKlass org/jetbrains/kotlin/com/intellij/util/messages/SimpleMessageBusConnection
instanceKlass org/jetbrains/kotlin/com/intellij/openapi/vfs/impl/VirtualFileManagerImpl$LoggingListener
instanceKlass jdk/internal/reflect/UnsafeFieldAccessorFactory
instanceKlass sun/misc/Unsafe
instanceKlass org/jetbrains/kotlin/com/intellij/util/ReflectionUtil
instanceKlass org/jetbrains/kotlin/com/intellij/openapi/vfs/newvfs/CachingVirtualFileSystem
instanceKlass org/jetbrains/kotlin/kotlinx/collections/immutable/implementations/immutableMap/TrieNode$ModificationResult
instanceKlass org/jetbrains/kotlin/kotlinx/collections/immutable/internal/CommonFunctionsKt
instanceKlass org/jetbrains/kotlin/kotlinx/collections/immutable/implementations/immutableList/SmallPersistentVector$Companion
instanceKlass org/jetbrains/kotlin/kotlinx/collections/immutable/PersistentList
instanceKlass org/jetbrains/kotlin/kotlinx/collections/immutable/PersistentCollection
instanceKlass org/jetbrains/kotlin/kotlinx/collections/immutable/ImmutableList
instanceKlass org/jetbrains/kotlin/kotlinx/collections/immutable/ImmutableCollection
instanceKlass org/jetbrains/kotlin/kotlinx/collections/immutable/implementations/immutableList/UtilsKt
instanceKlass org/jetbrains/kotlin/kotlinx/collections/immutable/implementations/immutableMap/TrieNodeKt
instanceKlass java/util/concurrent/atomic/AtomicBoolean
instanceKlass java/util/concurrent/atomic/AtomicLongFieldUpdater$CASUpdater$1
instanceKlass java/util/concurrent/atomic/AtomicLongFieldUpdater
instanceKlass org/jetbrains/kotlin/kotlinx/collections/immutable/implementations/immutableMap/TrieNode$Companion
instanceKlass org/jetbrains/kotlin/kotlinx/collections/immutable/implementations/immutableMap/TrieNode
instanceKlass org/jetbrains/kotlin/kotlinx/collections/immutable/implementations/immutableMap/PersistentHashMap$Companion
instanceKlass kotlin/collections/AbstractMap$Companion
instanceKlass kotlin/collections/AbstractMap
instanceKlass org/jetbrains/kotlin/kotlinx/collections/immutable/PersistentMap
instanceKlass org/jetbrains/kotlin/kotlinx/collections/immutable/ImmutableMap
instanceKlass org/jetbrains/kotlin/kotlinx/collections/immutable/ExtensionsKt
instanceKlass org/jetbrains/kotlin/com/intellij/openapi/application/CachedSingletonsRegistry
instanceKlass org/jetbrains/kotlin/com/intellij/openapi/vfs/newvfs/BulkFileListener
instanceKlass org/jetbrains/kotlin/com/intellij/util/messages/Topic
instanceKlass org/jetbrains/kotlin/com/intellij/openapi/vfs/VirtualFileManager
instanceKlass org/jetbrains/kotlin/com/intellij/openapi/extensions/ExtensionPointListener$Companion
instanceKlass org/jetbrains/kotlin/com/intellij/openapi/util/EmptyRunnable
instanceKlass org/jetbrains/kotlin/com/intellij/openapi/extensions/ExtensionPointAdapter
instanceKlass org/jetbrains/kotlin/com/intellij/openapi/extensions/impl/ExtensionComponentAdapter
instanceKlass org/jetbrains/kotlin/com/intellij/openapi/extensions/LoadingOrder$Orderable
instanceKlass org/jetbrains/kotlin/com/intellij/openapi/extensions/ExtensionPointListener
instanceKlass org/jetbrains/kotlin/com/intellij/openapi/extensions/impl/ExtensionPointImpl
instanceKlass org/jetbrains/kotlin/com/intellij/openapi/extensions/ExtensionPoint
instanceKlass org/jetbrains/kotlin/com/intellij/openapi/extensions/PluginId
instanceKlass org/jetbrains/kotlin/com/intellij/openapi/extensions/DefaultPluginDescriptor
instanceKlass org/jetbrains/kotlin/com/intellij/openapi/vfs/VirtualFileManagerListener
instanceKlass java/util/EventObject
instanceKlass org/jetbrains/kotlin/com/intellij/openapi/editor/ex/DocumentEx
instanceKlass org/jetbrains/kotlin/com/intellij/openapi/editor/Document
instanceKlass org/jetbrains/kotlin/com/intellij/openapi/fileEditor/FileDocumentManager
instanceKlass org/jetbrains/kotlin/cli/jvm/modules/CoreJrtFileSystem$Companion
instanceKlass org/jetbrains/kotlin/com/intellij/util/containers/ConcurrentFactoryMap
instanceKlass org/jetbrains/kotlin/com/intellij/openapi/vfs/impl/ArchiveHandler
instanceKlass org/jetbrains/kotlin/com/intellij/util/Function
instanceKlass org/jetbrains/kotlin/com/intellij/util/EventDispatcher
instanceKlass org/jetbrains/kotlin/com/intellij/openapi/vfs/VirtualFileListener
instanceKlass org/jetbrains/kotlin/com/intellij/openapi/extensions/ExtensionPointName$Companion
instanceKlass org/jetbrains/kotlin/com/intellij/openapi/extensions/BaseExtensionPointName
instanceKlass java/util/EventListener
instanceKlass org/jetbrains/kotlin/com/intellij/util/ArrayUtil
instanceKlass org/jetbrains/kotlin/com/intellij/util/ArrayFactory
instanceKlass java/util/Collections$EmptyIterator
instanceKlass java/util/AbstractList$Itr
instanceKlass org/jetbrains/kotlin/com/intellij/openapi/extensions/Extensions
instanceKlass org/jetbrains/kotlin/com/intellij/openapi/util/ObjectNode$ListNodeChildren
instanceKlass org/jetbrains/kotlin/com/intellij/openapi/util/Disposer$CheckedDisposableImpl
instanceKlass org/jetbrains/kotlin/com/intellij/openapi/util/CheckedDisposable
instanceKlass org/jetbrains/kotlin/com/intellij/openapi/extensions/impl/ExtensionsAreaImpl
instanceKlass org/jetbrains/kotlin/com/intellij/util/pico/DefaultPicoContainer$InstanceComponentAdapter
instanceKlass org/jetbrains/kotlin/com/intellij/util/pico/DefaultPicoContainer$LinkedHashSetWrapper
instanceKlass org/jetbrains/kotlin/org/picocontainer/ComponentAdapter
instanceKlass org/jetbrains/kotlin/com/intellij/util/messages/impl/MessageQueue
instanceKlass org/jetbrains/kotlin/com/intellij/util/messages/impl/CompositeMessageBusKt
instanceKlass org/jetbrains/kotlin/com/intellij/openapi/util/Disposer$1
instanceKlass java/util/concurrent/ConcurrentLinkedQueue$Node
instanceKlass org/jetbrains/kotlin/com/intellij/util/messages/impl/MessageBusImpl$Companion
instanceKlass org/jetbrains/kotlin/com/intellij/util/messages/impl/MessageBusImpl
instanceKlass org/jetbrains/kotlin/com/intellij/util/messages/impl/MessageBusEx
instanceKlass org/jetbrains/kotlin/com/intellij/util/messages/MessageBusFactory
instanceKlass org/jetbrains/kotlin/com/intellij/util/keyFMap/DebugFMap
instanceKlass org/jetbrains/kotlin/com/intellij/util/keyFMap/EmptyFMap
instanceKlass org/jetbrains/kotlin/com/intellij/util/keyFMap/KeyFMap
instanceKlass kotlinx/coroutines/CoroutineScope
instanceKlass org/jetbrains/kotlin/com/intellij/openapi/application/ModalityState
instanceKlass org/jetbrains/kotlin/com/intellij/util/pico/DefaultPicoContainer
instanceKlass org/jetbrains/kotlin/com/intellij/util/messages/MessageBus
instanceKlass org/jetbrains/kotlin/com/intellij/openapi/extensions/ExtensionsArea
instanceKlass org/jetbrains/kotlin/com/intellij/openapi/fileTypes/UnknownFileType
instanceKlass org/jetbrains/kotlin/com/intellij/util/containers/FastUtilCaseInsensitiveStringHashingStrategy
instanceKlass org/jetbrains/kotlin/com/intellij/util/containers/FastUtilHashingStrategies$1
instanceKlass org/jetbrains/kotlin/com/intellij/util/containers/FastUtilHashingStrategies$SerializableHashStrategy
instanceKlass org/jetbrains/kotlin/com/intellij/util/containers/FastUtilCharSequenceHashingStrategy
instanceKlass org/jetbrains/kotlin/com/intellij/util/containers/FastUtilHashingStrategies
instanceKlass jdk/internal/math/FloatingDecimal$ASCIIToBinaryBuffer
instanceKlass jdk/internal/math/FloatingDecimal$PreparedASCIIToBinaryBuffer
instanceKlass jdk/internal/math/FloatingDecimal$ASCIIToBinaryConverter
instanceKlass jdk/internal/math/FloatingDecimal$BinaryToASCIIBuffer
instanceKlass jdk/internal/math/FloatingDecimal$ExceptionalBinaryToASCIIBuffer
instanceKlass jdk/internal/math/FloatingDecimal$BinaryToASCIIConverter
instanceKlass jdk/internal/math/FloatingDecimal
instanceKlass java/util/regex/ASCII
instanceKlass java/util/regex/IntHashSet
instanceKlass java/util/regex/Matcher
instanceKlass java/util/regex/MatchResult
instanceKlass org/jetbrains/kotlin/com/intellij/openapi/util/SystemInfoRt
instanceKlass org/jetbrains/kotlin/com/intellij/util/text/CharArrayCharSequence
instanceKlass org/jetbrains/kotlin/com/intellij/util/text/CharSequenceBackedByArray
instanceKlass org/jetbrains/kotlin/com/intellij/openapi/util/text/CharSequenceWithStringHash
instanceKlass org/jetbrains/kotlin/com/intellij/openapi/util/text/Strings
instanceKlass org/jetbrains/kotlin/com/intellij/util/text/StringKt
instanceKlass sun/nio/fs/WindowsChannelFactory$2
instanceKlass sun/nio/fs/WindowsChannelFactory$Flags
instanceKlass sun/nio/fs/WindowsChannelFactory$1
instanceKlass sun/nio/fs/WindowsChannelFactory
instanceKlass sun/nio/fs/WindowsSecurityDescriptor
instanceKlass java/nio/file/attribute/FileAttribute
instanceKlass java/nio/channels/spi/AbstractInterruptibleChannel
instanceKlass java/nio/channels/InterruptibleChannel
instanceKlass java/nio/channels/ScatteringByteChannel
instanceKlass java/nio/channels/GatheringByteChannel
instanceKlass java/nio/channels/SeekableByteChannel
instanceKlass java/nio/channels/ByteChannel
instanceKlass java/nio/channels/WritableByteChannel
instanceKlass java/nio/channels/ReadableByteChannel
instanceKlass java/nio/channels/Channel
instanceKlass java/nio/file/FileChannelLinesSpliterator
instanceKlass sun/nio/fs/WindowsPath$1
instanceKlass java/util/function/UnaryOperator
instanceKlass org/jetbrains/kotlin/com/intellij/util/ObjectUtils$Sentinel
instanceKlass org/jetbrains/kotlin/com/intellij/util/ObjectUtils
instanceKlass org/jetbrains/kotlin/com/intellij/util/concurrency/SynchronizedClearableLazy$Companion
instanceKlass org/jetbrains/kotlin/com/intellij/util/concurrency/SynchronizedClearableLazy
instanceKlass org/jetbrains/kotlin/com/intellij/openapi/util/registry/EarlyAccessRegistryManagerKt
instanceKlass org/jetbrains/kotlin/com/intellij/openapi/util/registry/EarlyAccessRegistryManager
instanceKlass org/jetbrains/kotlin/com/intellij/ide/plugins/DisabledPluginsState$Companion
instanceKlass org/jetbrains/kotlin/com/intellij/ide/plugins/DisabledPluginsState
instanceKlass org/jetbrains/kotlin/com/intellij/ide/plugins/PluginEnabler$Headless
instanceKlass org/jetbrains/kotlin/com/intellij/ide/plugins/PluginEnabler
instanceKlass org/jetbrains/kotlin/cli/jvm/compiler/KotlinCoreApplicationEnvironmentMode$UnitTest
instanceKlass org/jetbrains/kotlin/cli/jvm/compiler/KotlinCoreApplicationEnvironment$Companion
instanceKlass org/jetbrains/kotlin/com/intellij/lang/ParserDefinition
instanceKlass org/jetbrains/kotlin/com/intellij/openapi/fileTypes/FileType
instanceKlass org/jetbrains/kotlin/com/intellij/openapi/fileTypes/FileTypeRegistry
instanceKlass org/jetbrains/kotlin/com/intellij/concurrency/JobLauncher
instanceKlass org/jetbrains/kotlin/com/intellij/openapi/util/UserDataHolderEx
instanceKlass org/jetbrains/kotlin/com/intellij/util/messages/MessageBusOwner
instanceKlass org/jetbrains/kotlin/com/intellij/openapi/application/ex/ApplicationEx
instanceKlass org/jetbrains/kotlin/com/intellij/openapi/application/Application
instanceKlass org/jetbrains/kotlin/com/intellij/openapi/components/ComponentManager
instanceKlass org/jetbrains/kotlin/com/intellij/openapi/util/UserDataHolder
instanceKlass org/jetbrains/kotlin/com/intellij/openapi/extensions/AreaInstance
instanceKlass org/jetbrains/kotlin/com/intellij/openapi/extensions/PluginDescriptor
instanceKlass org/jetbrains/kotlin/com/intellij/openapi/util/SimpleModificationTracker
instanceKlass org/jetbrains/kotlin/org/picocontainer/MutablePicoContainer
instanceKlass org/jetbrains/kotlin/org/picocontainer/PicoContainer
instanceKlass org/jetbrains/kotlin/com/intellij/openapi/progress/ProgressIndicatorProvider
instanceKlass org/jetbrains/kotlin/com/intellij/openapi/util/KeyedExtensionCollector
instanceKlass org/jetbrains/kotlin/com/intellij/openapi/util/ModificationTracker
instanceKlass org/jetbrains/kotlin/com/intellij/openapi/vfs/VirtualFileSystem
instanceKlass org/jetbrains/kotlin/com/intellij/core/CoreApplicationEnvironment
instanceKlass org/jetbrains/kotlin/cli/jvm/compiler/KotlinCoreApplicationEnvironmentMode$Production
instanceKlass org/jetbrains/kotlin/cli/jvm/compiler/KotlinCoreApplicationEnvironmentMode
instanceKlass org/jetbrains/kotlin/cli/jvm/compiler/KotlinCoreEnvironment$Companion
instanceKlass org/jetbrains/kotlin/cli/jvm/compiler/KotlinCoreEnvironment
instanceKlass org/jetbrains/kotlin/cli/jvm/compiler/legacy/pipeline/JvmCompilerPipelineKt
instanceKlass java/util/Collections$UnmodifiableCollection$1
instanceKlass org/jetbrains/kotlin/config/phaser/SameTypeCompilerPhase
instanceKlass org/jetbrains/kotlin/com/google/common/collect/LinkedHashMultimap$1
instanceKlass java/util/stream/MatchOps$BooleanTerminalSink
instanceKlass java/util/stream/Sink
instanceKlass java/util/stream/MatchOps$MatchOp
instanceKlass java/util/stream/TerminalOp
instanceKlass java/util/stream/MatchOps
instanceKlass java/util/function/Predicate
instanceKlass java/util/stream/StreamOpFlag$MaskBuilder
instanceKlass java/util/stream/Stream
instanceKlass java/util/stream/BaseStream
instanceKlass java/util/stream/PipelineHelper
instanceKlass java/util/stream/StreamSupport
instanceKlass java/util/Spliterators$IteratorSpliterator
instanceKlass java/util/Spliterator$OfDouble
instanceKlass java/util/Spliterator$OfLong
instanceKlass java/util/Spliterator$OfInt
instanceKlass java/util/Spliterator$OfPrimitive
instanceKlass java/util/Spliterator
instanceKlass java/util/Spliterators$EmptySpliterator
instanceKlass java/util/Spliterators
instanceKlass org/jetbrains/kotlin/cli/jvm/config/JvmClasspathRoot
instanceKlass org/jetbrains/kotlin/cli/jvm/config/JvmClasspathRootBase
instanceKlass org/jetbrains/kotlin/cli/jvm/config/JavaSourceRoot
instanceKlass org/jetbrains/kotlin/cli/jvm/config/JvmContentRoot
instanceKlass org/jetbrains/kotlin/cli/jvm/config/JvmContentRootBase
instanceKlass org/jetbrains/kotlin/cli/jvm/config/JvmContentRootsKt
instanceKlass org/jetbrains/kotlin/cli/common/config/KotlinSourceRoot
instanceKlass org/jetbrains/kotlin/cli/common/config/ContentRoot
instanceKlass org/jetbrains/kotlin/cli/common/config/ContentRootsKt
instanceKlass org/jetbrains/kotlin/cli/jvm/compiler/KotlinToJVMBytecodeCompilerKt
instanceKlass org/jetbrains/kotlin/cli/jvm/compiler/CoreEnvironmentUtilsKt
instanceKlass org/jetbrains/kotlin/cli/common/modules/ModuleChunk
instanceKlass org/jetbrains/kotlin/modules/JavaRootPath
instanceKlass org/jetbrains/kotlin/cli/jvm/compiler/CliCompilerUtilsKt
instanceKlass org/jetbrains/kotlin/cli/common/modules/ModuleBuilder
instanceKlass org/jetbrains/kotlin/modules/Module
instanceKlass org/jetbrains/kotlin/cli/jvm/K2JVMCompilerKt
instanceKlass org/jetbrains/kotlin/config/JvmSerializeIrMode$Companion
instanceKlass org/jetbrains/kotlin/config/JvmAbiStability$Companion
instanceKlass org/jetbrains/kotlin/config/JVMConfigurationKeysKt
instanceKlass org/jetbrains/kotlin/cli/common/CreatePhaseConfigKt
instanceKlass org/jetbrains/kotlin/config/JvmTarget$Companion
instanceKlass org/jetbrains/kotlin/platform/TargetPlatformVersion
instanceKlass org/jetbrains/kotlin/config/JVMConfigurationKeys
instanceKlass org/jetbrains/kotlin/cli/jvm/JvmArgumentsKt
instanceKlass org/jetbrains/kotlin/compiler/plugin/CommandLineProcessor
instanceKlass org/jetbrains/kotlin/compiler/plugin/CompilerPluginRegistrar$Companion
instanceKlass org/jetbrains/kotlin/compiler/plugin/CompilerPluginRegistrar
instanceKlass org/jetbrains/kotlin/compiler/plugin/ComponentRegistrar$Companion
instanceKlass org/jetbrains/kotlin/compiler/plugin/ComponentRegistrar
instanceKlass org/jetbrains/kotlin/util/ServiceLoaderLite
instanceKlass org/jetbrains/kotlin/cli/jvm/plugins/PluginCliParser
instanceKlass org/jetbrains/kotlin/cli/plugins/PluginsOptionsParserKt
instanceKlass kotlin/collections/builders/ListBuilder$Companion
instanceKlass kotlin/jvm/internal/markers/KMutableList
instanceKlass org/jetbrains/kotlin/cli/common/CLICompilerKt
instanceKlass kotlin/collections/ArrayAsCollection
instanceKlass org/jetbrains/kotlin/utils/KotlinPathsFromBaseDirectory
instanceKlass org/jetbrains/kotlin/com/intellij/openapi/application/PathManager
instanceKlass java/util/regex/Pattern$BitClass
instanceKlass org/jetbrains/kotlin/utils/PathUtil
instanceKlass org/jetbrains/kotlin/config/AnnotationDefaultTargetMode$Companion
instanceKlass org/jetbrains/kotlin/cli/common/arguments/ConfigureCommonLanguageFeaturesKt
instanceKlass org/jetbrains/kotlin/utils/WrappedValues$ThrowableWrapper
instanceKlass org/jetbrains/kotlin/config/LanguageVersionSettingsKt
instanceKlass org/jetbrains/kotlin/cli/common/messages/MessageCollector$Companion$NONE$1
instanceKlass org/jetbrains/kotlin/cli/common/messages/MessageCollector$Companion
instanceKlass org/jetbrains/kotlin/cli/common/arguments/JavaTypeEnhancementStateParser$Companion
instanceKlass org/jetbrains/kotlin/cli/common/arguments/JavaTypeEnhancementStateParser
instanceKlass org/jetbrains/kotlin/config/JvmAnalysisFlags$Delegates$JvmDefaultModeDisabledByDefault
instanceKlass org/jetbrains/kotlin/utils/WrappedValues$1
instanceKlass org/jetbrains/kotlin/utils/WrappedValues
instanceKlass org/jetbrains/kotlin/name/FqNamesUtilKt
instanceKlass org/jetbrains/kotlin/load/java/NullabilityAnnotationStates$Companion
instanceKlass org/jetbrains/kotlin/load/java/Jsr305Settings
instanceKlass org/jetbrains/kotlin/storage/LockBasedStorageManager$MapBasedMemoizedFunction
instanceKlass org/jetbrains/kotlin/storage/DefaultSimpleLock
instanceKlass org/jetbrains/kotlin/storage/SimpleLock$Companion
instanceKlass org/jetbrains/kotlin/storage/EmptySimpleLock
instanceKlass org/jetbrains/kotlin/storage/LockBasedStorageManager$ExceptionHandlingStrategy$1
instanceKlass org/jetbrains/kotlin/storage/LockBasedStorageManager$ExceptionHandlingStrategy
instanceKlass org/jetbrains/kotlin/storage/MemoizedFunctionToNotNull
instanceKlass org/jetbrains/kotlin/storage/CacheWithNotNullValues
instanceKlass org/jetbrains/kotlin/storage/CacheWithNullableValues
instanceKlass org/jetbrains/kotlin/storage/SimpleLock
instanceKlass org/jetbrains/kotlin/storage/MemoizedFunctionToNullable
instanceKlass org/jetbrains/kotlin/storage/NullableLazyValue
instanceKlass org/jetbrains/kotlin/storage/NotNullLazyValue
instanceKlass org/jetbrains/kotlin/storage/LockBasedStorageManager
instanceKlass org/jetbrains/kotlin/storage/StorageManager
instanceKlass kotlin/KotlinVersionCurrentValue
instanceKlass kotlin/KotlinVersion$Companion
instanceKlass kotlin/KotlinVersion
instanceKlass org/jetbrains/kotlin/load/java/ReportLevel$Companion
instanceKlass org/jetbrains/kotlin/load/java/JavaNullabilityAnnotationsStatus$Companion
instanceKlass org/jetbrains/kotlin/load/java/JavaNullabilityAnnotationsStatus
instanceKlass org/jetbrains/kotlin/load/java/NullabilityAnnotationStatesImpl
instanceKlass org/jetbrains/kotlin/load/java/NullabilityAnnotationStates
instanceKlass org/jetbrains/kotlin/load/java/JavaNullabilityAnnotationSettingsKt
instanceKlass org/jetbrains/kotlin/load/java/JavaTypeEnhancementState$Companion
instanceKlass org/jetbrains/kotlin/load/java/JavaTypeEnhancementState
instanceKlass org/jetbrains/kotlin/config/JvmAnalysisFlags$Delegates$JavaTypeEnhancementStateWarnByDefault
instanceKlass org/jetbrains/kotlin/config/JvmAnalysisFlags
instanceKlass kotlin/collections/AbstractList$IteratorImpl
instanceKlass org/jetbrains/kotlin/config/AnalysisFlag$Delegates$ApiModeDisabledByDefault
instanceKlass org/jetbrains/kotlin/config/AnalysisFlag$Delegates$ListOfStrings
instanceKlass org/jetbrains/kotlin/config/AnalysisFlag
instanceKlass org/jetbrains/kotlin/config/AnalysisFlag$Delegate
instanceKlass kotlin/properties/ReadOnlyProperty
instanceKlass org/jetbrains/kotlin/config/AnalysisFlag$Delegates$Boolean
instanceKlass org/jetbrains/kotlin/config/AnalysisFlags
instanceKlass org/jetbrains/kotlin/config/LanguageVersionSettingsImpl$Companion
instanceKlass org/jetbrains/kotlin/config/LanguageVersionSettings$Companion
instanceKlass org/jetbrains/kotlin/config/LanguageVersionSettingsImpl
instanceKlass org/jetbrains/kotlin/config/IrVerificationMode$Companion
instanceKlass org/jetbrains/kotlin/config/IncrementalCompilation
instanceKlass org/jetbrains/kotlin/cli/common/UtilsKt
instanceKlass org/jetbrains/kotlin/cli/common/CLIConfigurationKeys
instanceKlass org/jetbrains/kotlin/cli/common/CLIConfigurationKeysKt
instanceKlass org/jetbrains/kotlin/it/unimi/dsi/fastutil/ints/Int2ObjectMap$FastEntrySet
instanceKlass org/jetbrains/kotlin/it/unimi/dsi/fastutil/ints/IntSet
instanceKlass org/jetbrains/kotlin/it/unimi/dsi/fastutil/ints/IntCollection
instanceKlass org/jetbrains/kotlin/it/unimi/dsi/fastutil/ints/IntIterable
instanceKlass org/jetbrains/kotlin/it/unimi/dsi/fastutil/ints/AbstractInt2ObjectFunction
instanceKlass org/jetbrains/kotlin/it/unimi/dsi/fastutil/ints/Int2ObjectMap
instanceKlass org/jetbrains/kotlin/it/unimi/dsi/fastutil/ints/Int2ObjectFunction
instanceKlass java/util/function/IntFunction
instanceKlass org/jetbrains/kotlin/com/intellij/util/containers/IntKeyWeakValueHashMap
instanceKlass org/jetbrains/kotlin/com/intellij/openapi/util/Key
instanceKlass org/jetbrains/kotlin/config/CompilerConfigurationKey
instanceKlass org/jetbrains/kotlin/config/CommonConfigurationKeys
instanceKlass org/jetbrains/kotlin/config/CommonConfigurationKeysKt
instanceKlass org/jetbrains/kotlin/config/phaser/PhaserState
instanceKlass org/jetbrains/kotlin/config/phaser/CompilerPhaseKt
instanceKlass org/jetbrains/kotlin/cli/pipeline/PipelineContext
instanceKlass org/jetbrains/kotlin/config/LoggingContext
instanceKlass kotlin/collections/EmptyIterator
instanceKlass org/jetbrains/kotlin/config/phaser/PhaseSet
instanceKlass org/jetbrains/kotlin/config/phaser/PhaseConfig
instanceKlass org/jetbrains/kotlin/backend/common/phaser/CompositePhase
instanceKlass org/jetbrains/kotlin/backend/common/phaser/PhaseBuildersKt
instanceKlass org/jetbrains/kotlin/cli/pipeline/PerformanceNotifications$AbstractNotification
instanceKlass kotlin/Unit
instanceKlass org/jetbrains/kotlin/config/phaser/ActionState
instanceKlass org/jetbrains/kotlin/cli/pipeline/PipelinePhaseKt
instanceKlass org/jetbrains/kotlin/cli/pipeline/ConfigurationUpdater
instanceKlass org/jetbrains/kotlin/cli/pipeline/CheckCompilationErrors
instanceKlass org/jetbrains/kotlin/config/phaser/NamedCompilerPhase
instanceKlass org/jetbrains/kotlin/config/phaser/CompilerPhase
instanceKlass org/jetbrains/kotlin/diagnostics/DiagnosticReporter
instanceKlass org/jetbrains/kotlin/diagnostics/impl/BaseDiagnosticsCollector$RawReporter$Companion
instanceKlass org/jetbrains/kotlin/diagnostics/impl/BaseDiagnosticsCollector$RawReporter
instanceKlass org/jetbrains/kotlin/diagnostics/DiagnosticReporterFactory
instanceKlass org/jetbrains/kotlin/cli/pipeline/PipelineArtifact
instanceKlass org/jetbrains/kotlin/com/google/common/collect/AbstractMapEntry
instanceKlass org/jetbrains/kotlin/com/google/common/collect/LinkedHashMultimap$ValueSetLink
instanceKlass org/jetbrains/kotlin/com/google/common/collect/CollectPreconditions
instanceKlass org/jetbrains/kotlin/com/google/common/base/Preconditions
instanceKlass org/jetbrains/kotlin/com/google/common/collect/BiMap
instanceKlass org/jetbrains/kotlin/com/google/common/base/Converter
instanceKlass org/jetbrains/kotlin/com/google/common/collect/Maps$EntryTransformer
instanceKlass org/jetbrains/kotlin/com/google/common/collect/ImmutableMap
instanceKlass org/jetbrains/kotlin/com/google/common/collect/UnmodifiableIterator
instanceKlass org/jetbrains/kotlin/com/google/common/base/Function
instanceKlass org/jetbrains/kotlin/com/google/common/collect/SortedMapDifference
instanceKlass org/jetbrains/kotlin/com/google/common/collect/MapDifference
instanceKlass org/jetbrains/kotlin/com/google/common/collect/Maps
instanceKlass org/jetbrains/kotlin/com/google/common/collect/Platform
instanceKlass org/jetbrains/kotlin/com/google/common/collect/Multiset
instanceKlass org/jetbrains/kotlin/com/google/common/collect/AbstractMultimap
instanceKlass org/jetbrains/kotlin/com/google/common/collect/SetMultimap
instanceKlass org/jetbrains/kotlin/com/google/common/collect/Multimap
instanceKlass org/jetbrains/kotlin/cli/common/messages/GroupingMessageCollector
instanceKlass org/jetbrains/kotlin/cli/common/environment/UtilKt
instanceKlass org/jetbrains/kotlin/com/intellij/util/containers/CanonicalHashingStrategy
instanceKlass org/jetbrains/kotlin/com/intellij/util/containers/ConcurrentRefHashMap$HardKey
instanceKlass org/jetbrains/kotlin/com/intellij/util/containers/ConcurrentRefHashMap$1
instanceKlass org/jetbrains/kotlin/com/intellij/util/containers/ConcurrentRefHashMap$KeyReference
instanceKlass org/jetbrains/kotlin/com/intellij/openapi/util/ObjectNode$1
instanceKlass org/jetbrains/kotlin/com/intellij/openapi/util/Disposer$2
instanceKlass org/jetbrains/kotlin/com/intellij/openapi/util/ObjectNode$NodeChildren
instanceKlass org/jetbrains/kotlin/com/intellij/openapi/util/ObjectNode
instanceKlass org/jetbrains/kotlin/it/unimi/dsi/fastutil/objects/Object2ObjectMap$FastEntrySet
instanceKlass org/jetbrains/kotlin/it/unimi/dsi/fastutil/objects/AbstractObject2ObjectFunction
instanceKlass org/jetbrains/kotlin/it/unimi/dsi/fastutil/objects/Object2ObjectMap
instanceKlass org/jetbrains/kotlin/it/unimi/dsi/fastutil/objects/Object2ObjectFunction
instanceKlass org/jetbrains/kotlin/com/intellij/util/containers/RefHashMap$HardKey
instanceKlass org/jetbrains/kotlin/com/intellij/util/containers/RefHashMap$Key
instanceKlass org/jetbrains/kotlin/com/intellij/util/containers/IdentityHashingStrategy
instanceKlass org/jetbrains/kotlin/com/intellij/util/containers/HashingStrategy
instanceKlass org/jetbrains/kotlin/it/unimi/dsi/fastutil/Hash$Strategy
instanceKlass org/jetbrains/kotlin/com/intellij/util/containers/CollectionFactory
instanceKlass org/jetbrains/kotlin/it/unimi/dsi/fastutil/HashCommon
instanceKlass org/jetbrains/kotlin/it/unimi/dsi/fastutil/objects/Reference2ObjectMap$FastEntrySet
instanceKlass org/jetbrains/kotlin/it/unimi/dsi/fastutil/objects/ObjectSet
instanceKlass org/jetbrains/kotlin/it/unimi/dsi/fastutil/objects/ReferenceSet
instanceKlass org/jetbrains/kotlin/it/unimi/dsi/fastutil/objects/ReferenceCollection
instanceKlass org/jetbrains/kotlin/it/unimi/dsi/fastutil/objects/ObjectCollection
instanceKlass org/jetbrains/kotlin/it/unimi/dsi/fastutil/objects/ObjectIterable
instanceKlass org/jetbrains/kotlin/it/unimi/dsi/fastutil/objects/AbstractReference2ObjectFunction
instanceKlass org/jetbrains/kotlin/it/unimi/dsi/fastutil/objects/Reference2ObjectMap
instanceKlass org/jetbrains/kotlin/it/unimi/dsi/fastutil/objects/Reference2ObjectFunction
instanceKlass org/jetbrains/kotlin/it/unimi/dsi/fastutil/Function
instanceKlass org/jetbrains/kotlin/it/unimi/dsi/fastutil/Hash
instanceKlass org/jetbrains/kotlin/com/intellij/openapi/util/ObjectTree
instanceKlass org/jetbrains/kotlin/com/intellij/openapi/util/Disposer
instanceKlass kotlin/reflect/jvm/internal/impl/name/SpecialNames
instanceKlass kotlin/reflect/jvm/internal/impl/builtins/CompanionObjectMapping
instanceKlass java/util/EnumMap$1
instanceKlass kotlin/reflect/jvm/internal/impl/name/FqNamesUtilKt
instanceKlass kotlin/reflect/jvm/internal/impl/utils/CollectionsKt
instanceKlass kotlin/reflect/jvm/internal/impl/builtins/PrimitiveType$Companion
instanceKlass kotlin/reflect/jvm/internal/impl/builtins/StandardNames$FqNames
instanceKlass kotlin/reflect/jvm/internal/impl/builtins/jvm/JavaToKotlinClassMap$PlatformMutabilityMapping
instanceKlass kotlin/reflect/jvm/internal/impl/builtins/functions/FunctionClassKind$Companion
instanceKlass kotlin/collections/SetsKt__SetsJVMKt
instanceKlass kotlin/reflect/jvm/internal/impl/builtins/StandardNames
instanceKlass kotlin/reflect/jvm/internal/impl/builtins/jvm/JavaToKotlinClassMap
instanceKlass kotlin/jvm/functions/Function22
instanceKlass kotlin/jvm/functions/Function21
instanceKlass kotlin/jvm/functions/Function20
instanceKlass kotlin/jvm/functions/Function19
instanceKlass kotlin/jvm/functions/Function18
instanceKlass kotlin/jvm/functions/Function17
instanceKlass kotlin/jvm/functions/Function16
instanceKlass kotlin/jvm/functions/Function15
instanceKlass kotlin/jvm/functions/Function14
instanceKlass kotlin/jvm/functions/Function13
instanceKlass kotlin/jvm/functions/Function12
instanceKlass kotlin/jvm/functions/Function11
instanceKlass kotlin/jvm/functions/Function10
instanceKlass kotlin/jvm/functions/Function9
instanceKlass kotlin/jvm/functions/Function8
instanceKlass kotlin/jvm/functions/Function7
instanceKlass kotlin/jvm/functions/Function6
instanceKlass kotlin/jvm/functions/Function5
instanceKlass kotlin/jvm/functions/Function4
instanceKlass kotlin/jvm/functions/Function3
instanceKlass kotlin/Pair
instanceKlass kotlin/TuplesKt
instanceKlass kotlin/reflect/jvm/internal/impl/descriptors/runtime/structure/ReflectClassUtilKt
instanceKlass kotlin/reflect/jvm/internal/impl/name/ClassId
instanceKlass kotlin/reflect/jvm/internal/impl/name/FqNameUnsafe$1
instanceKlass kotlin/reflect/jvm/internal/impl/name/Name
instanceKlass kotlin/reflect/jvm/internal/impl/name/FqNameUnsafe
instanceKlass kotlin/reflect/jvm/internal/impl/name/FqName
instanceKlass kotlin/reflect/jvm/internal/RuntimeTypeMapper
instanceKlass sun/reflect/misc/ReflectUtil
instanceKlass java/util/concurrent/atomic/AtomicReferenceFieldUpdater$AtomicReferenceFieldUpdaterImpl$1
instanceKlass java/util/concurrent/atomic/AtomicReferenceFieldUpdater
instanceKlass kotlin/SafePublicationLazyImpl$Companion
instanceKlass kotlin/SafePublicationLazyImpl
instanceKlass kotlin/LazyKt__LazyJVMKt$WhenMappings
instanceKlass kotlin/reflect/jvm/internal/KPropertyImpl$Companion
instanceKlass kotlin/reflect/jvm/internal/KCallableImpl
instanceKlass kotlin/reflect/KProperty$Getter
instanceKlass kotlin/reflect/KProperty$Accessor
instanceKlass kotlin/reflect/jvm/internal/KDeclarationContainerImpl$Data
instanceKlass org/jetbrains/kotlin/progress/ProgressIndicatorAndCompilationCanceledStatus
instanceKlass org/jetbrains/kotlin/progress/CompilationCanceledStatus
instanceKlass org/jetbrains/kotlin/cli/pipeline/AbstractCliPipeline
instanceKlass org/jetbrains/kotlin/utils/SmartList$EmptyIterator
instanceKlass org/jetbrains/kotlin/cli/common/ArgumentsKt
instanceKlass java/net/URLConnection
instanceKlass org/jetbrains/kotlin/cli/common/messages/PrintingMessageCollector
instanceKlass kotlin/jvm/internal/CollectionToArray
instanceKlass kotlin/reflect/jvm/internal/pcollections/MapEntry
instanceKlass kotlin/reflect/jvm/internal/ReflectProperties$Val$1
instanceKlass kotlin/reflect/jvm/internal/ReflectProperties$Val
instanceKlass kotlin/reflect/jvm/internal/ReflectProperties
instanceKlass kotlin/jvm/internal/Lambda
instanceKlass java/util/regex/CharPredicates
instanceKlass kotlin/text/Regex$Companion
instanceKlass kotlin/text/Regex
instanceKlass kotlin/jvm/internal/DefaultConstructorMarker
instanceKlass kotlin/reflect/jvm/internal/KDeclarationContainerImpl$Companion
instanceKlass kotlin/reflect/jvm/internal/KTypeParameterOwnerImpl
instanceKlass kotlin/reflect/jvm/internal/KClassifierImpl
instanceKlass kotlin/reflect/jvm/internal/pcollections/ConsPStack
instanceKlass kotlin/reflect/jvm/internal/pcollections/IntTree
instanceKlass kotlin/reflect/jvm/internal/pcollections/IntTreePMap
instanceKlass kotlin/reflect/jvm/internal/pcollections/HashPMap
instanceKlass kotlin/reflect/jvm/internal/KClassCacheKt
instanceKlass kotlin/reflect/jvm/internal/KDeclarationContainerImpl
instanceKlass kotlin/jvm/internal/ClassBasedDeclarationContainer
instanceKlass kotlin/reflect/KMutableProperty2
instanceKlass kotlin/reflect/KProperty2
instanceKlass kotlin/reflect/KTypeParameter
instanceKlass kotlin/reflect/KType
instanceKlass kotlin/reflect/KMutableProperty0
instanceKlass kotlin/reflect/KProperty0
instanceKlass kotlin/reflect/KMutableProperty1
instanceKlass kotlin/reflect/KMutableProperty
instanceKlass kotlin/reflect/KProperty1
instanceKlass kotlin/reflect/KProperty
instanceKlass kotlin/reflect/KClass
instanceKlass kotlin/jvm/internal/ReflectionFactory
instanceKlass kotlin/reflect/KClassifier
instanceKlass kotlin/jvm/internal/Reflection
instanceKlass kotlin/jvm/JvmClassMappingKt
instanceKlass org/jetbrains/kotlin/cli/common/arguments/Disables
instanceKlass kotlin/jvm/internal/RepeatableContainer
instanceKlass org/jetbrains/kotlin/cli/common/arguments/Enables$Container
instanceKlass org/jetbrains/kotlin/config/LanguageFeature$Companion
instanceKlass java/math/MutableBigInteger
instanceKlass java/lang/StrictMath
instanceKlass org/jetbrains/kotlin/config/MavenComparableVersion$IntegerItem
instanceKlass org/jetbrains/kotlin/config/MavenComparableVersion$Item
instanceKlass org/jetbrains/kotlin/config/MavenComparableVersion
instanceKlass org/jetbrains/kotlin/config/ApiVersion$Companion
instanceKlass org/jetbrains/kotlin/config/LanguageVersion$Companion
instanceKlass org/jetbrains/kotlin/config/ApiVersion
instanceKlass java/lang/annotation/Repeatable
instanceKlass kotlin/annotation/Repeatable
instanceKlass org/jetbrains/kotlin/cli/common/arguments/Enables
instanceKlass jdk/internal/reflect/ClassDefiner$1
instanceKlass jdk/internal/reflect/ClassDefiner
instanceKlass jdk/internal/reflect/MethodAccessorGenerator$1
instanceKlass jdk/internal/reflect/Label$PatchInfo
instanceKlass jdk/internal/reflect/Label
instanceKlass jdk/internal/reflect/UTF8
instanceKlass jdk/internal/reflect/ClassFileAssembler
instanceKlass jdk/internal/reflect/ByteVectorImpl
instanceKlass jdk/internal/reflect/ByteVector
instanceKlass jdk/internal/reflect/ByteVectorFactory
instanceKlass jdk/internal/reflect/AccessorGenerator
instanceKlass jdk/internal/reflect/ClassFileConstants
instanceKlass org/jetbrains/kotlin/config/LanguageOrApiVersion
instanceKlass org/jetbrains/kotlin/utils/DescriptionAware
instanceKlass org/jetbrains/kotlin/config/LanguageVersionSettings
instanceKlass kotlin/collections/builders/MapBuilder$EntryRef
instanceKlass kotlin/jvm/internal/markers/KMutableMap$Entry
instanceKlass kotlin/collections/builders/MapBuilder$Itr
instanceKlass kotlin/jvm/internal/markers/KMutableIterator
instanceKlass org/jetbrains/kotlin/cli/common/arguments/ArgumentField
instanceKlass org/jetbrains/kotlin/util/capitalizeDecapitalize/CapitalizeDecapitalizeKt
instanceKlass kotlin/_Assertions
instanceKlass org/jetbrains/kotlin/name/ClassId$Companion
instanceKlass org/jetbrains/kotlin/name/ClassId
instanceKlass java/util/regex/Pattern$TreeInfo
instanceKlass java/util/regex/Pattern$BmpCharPredicate
instanceKlass java/util/regex/Pattern$CharPredicate
instanceKlass java/util/regex/Pattern$Node
instanceKlass java/util/regex/Pattern
instanceKlass org/jetbrains/kotlin/name/Name
instanceKlass org/jetbrains/kotlin/name/FqNameUnsafe$Companion
instanceKlass org/jetbrains/kotlin/name/FqNameUnsafe
instanceKlass org/jetbrains/kotlin/name/FqName$Companion
instanceKlass org/jetbrains/kotlin/name/FqName
instanceKlass org/jetbrains/kotlin/load/java/JvmAbi
instanceKlass kotlin/Metadata
instanceKlass java/lang/annotation/Target
instanceKlass java/lang/reflect/Proxy$ProxyBuilder$1
instanceKlass jdk/internal/org/objectweb/asm/Edge
instanceKlass java/lang/reflect/ProxyGenerator$PrimitiveTypeInfo
instanceKlass java/util/StringJoiner
instanceKlass java/lang/reflect/ProxyGenerator$ProxyMethod
instanceKlass java/lang/WeakPairMap$Pair$Lookup
instanceKlass java/lang/WeakPairMap$Pair
instanceKlass java/lang/WeakPairMap
instanceKlass java/lang/Module$ReflectionData
instanceKlass java/util/function/Consumer
instanceKlass jdk/internal/module/Checks
instanceKlass java/lang/module/ModuleDescriptor$Builder
instanceKlass java/util/LinkedHashMap$LinkedHashIterator
instanceKlass java/lang/PublicMethods
instanceKlass java/util/Collections$1
instanceKlass java/lang/reflect/Proxy$ProxyBuilder
instanceKlass java/lang/reflect/Proxy
instanceKlass sun/reflect/annotation/AnnotationInvocationHandler
instanceKlass java/lang/reflect/InvocationHandler
instanceKlass sun/reflect/annotation/AnnotationParser$1
instanceKlass kotlin/annotation/Target
instanceKlass java/lang/annotation/Inherited
instanceKlass java/lang/annotation/Retention
instanceKlass sun/reflect/annotation/ExceptionProxy
instanceKlass sun/reflect/annotation/AnnotationType$1
instanceKlass sun/reflect/annotation/AnnotationType
instanceKlass java/lang/reflect/GenericArrayType
instanceKlass sun/reflect/generics/visitor/Reifier
instanceKlass sun/reflect/generics/visitor/TypeTreeVisitor
instanceKlass sun/reflect/generics/factory/CoreReflectionFactory
instanceKlass sun/reflect/generics/factory/GenericsFactory
instanceKlass sun/reflect/generics/scope/AbstractScope
instanceKlass sun/reflect/generics/scope/Scope
instanceKlass sun/reflect/generics/tree/ClassTypeSignature
instanceKlass sun/reflect/generics/tree/SimpleClassTypeSignature
instanceKlass sun/reflect/generics/tree/FieldTypeSignature
instanceKlass sun/reflect/generics/tree/BaseType
instanceKlass sun/reflect/generics/tree/TypeSignature
instanceKlass sun/reflect/generics/tree/ReturnType
instanceKlass sun/reflect/generics/tree/TypeArgument
instanceKlass sun/reflect/generics/tree/TypeTree
instanceKlass sun/reflect/generics/tree/Tree
instanceKlass sun/reflect/generics/parser/SignatureParser
instanceKlass kotlin/jvm/internal/markers/KMutableSet
instanceKlass kotlin/jvm/internal/markers/KMutableCollection
instanceKlass kotlin/jvm/internal/markers/KMutableIterable
instanceKlass sun/reflect/annotation/AnnotationParser
instanceKlass org/jetbrains/kotlin/cli/common/arguments/Argument
instanceKlass kotlin/jvm/internal/ArrayIterator
instanceKlass kotlin/jvm/internal/ArrayIteratorKt
instanceKlass kotlin/collections/EmptySet
instanceKlass kotlin/collections/EmptyMap
instanceKlass kotlin/ranges/RangesKt__RangesKt
instanceKlass kotlin/collections/builders/ListBuilderKt
instanceKlass kotlin/collections/builders/MapBuilder$Companion
instanceKlass kotlin/collections/builders/MapBuilder
instanceKlass kotlin/jvm/internal/markers/KMutableMap
instanceKlass kotlin/collections/MapsKt__MapWithDefaultKt
instanceKlass java/io/FileInputStream$1
instanceKlass kotlin/io/CloseableKt
instanceKlass kotlin/text/CharsKt__CharJVMKt
instanceKlass java/lang/Character$CharacterCache
instanceKlass java/nio/charset/CoderResult
instanceKlass kotlin/sequences/GeneratorSequence$iterator$1
instanceKlass java/lang/invoke/VarHandle$AccessDescriptor
instanceKlass kotlin/sequences/ConstrainedOnceSequence
instanceKlass kotlin/sequences/GeneratorSequence
instanceKlass kotlin/sequences/Sequence
instanceKlass kotlin/sequences/SequencesKt__SequenceBuilderKt
instanceKlass java/io/Reader
instanceKlass java/lang/Readable
instanceKlass kotlin/text/Charsets
instanceKlass org/jetbrains/kotlin/cli/common/arguments/PreprocessCommandLineArgumentsKt
instanceKlass kotlin/UNINITIALIZED_VALUE
instanceKlass kotlin/SynchronizedLazyImpl
instanceKlass kotlin/Lazy
instanceKlass kotlin/LazyKt__LazyJVMKt
instanceKlass org/jetbrains/kotlin/cli/common/arguments/ArgumentParseErrors
instanceKlass kotlin/jvm/functions/Function0
instanceKlass org/jetbrains/kotlin/cli/common/arguments/ParseCommandLineArgumentsKt
instanceKlass kotlin/collections/ArraysUtilJVM
instanceKlass kotlin/collections/ArraysKt__ArraysJVMKt
instanceKlass java/lang/ProcessEnvironment$CheckedEntry
instanceKlass java/lang/ProcessEnvironment$CheckedEntrySet$1
instanceKlass java/lang/ProcessEnvironment$EntryComparator
instanceKlass java/lang/ProcessEnvironment$NameComparator
instanceKlass org/jetbrains/kotlin/config/JvmDefaultMode$Companion
instanceKlass org/jetbrains/kotlin/config/JVMAssertionsMode$Companion
instanceKlass org/jetbrains/kotlin/config/ExplicitApiMode$Companion
instanceKlass kotlin/collections/EmptyList
instanceKlass kotlin/collections/CollectionsKt__CollectionsJVMKt
instanceKlass org/jetbrains/kotlin/cli/common/arguments/K2JVMCompilerArguments$Companion
instanceKlass org/jetbrains/kotlin/cli/common/arguments/CommonCompilerArguments$Companion
instanceKlass org/jetbrains/kotlin/cli/common/arguments/CommonToolArguments$Companion
instanceKlass org/jetbrains/kotlin/config/Services$Builder
instanceKlass org/jetbrains/kotlin/config/Services$Companion
instanceKlass org/jetbrains/kotlin/cli/common/messages/XcodeStyleMessageRenderer
instanceKlass org/jetbrains/kotlin/cli/common/messages/GradleStyleMessageRenderer
instanceKlass java/lang/Class$3
instanceKlass org/jetbrains/kotlin/cli/common/messages/CompilerMessageSeverity$Companion
instanceKlass kotlin/text/StringsKt__AppendableKt
instanceKlass org/jetbrains/kotlin/cli/common/PropertiesKt
instanceKlass org/jetbrains/kotlin/cli/common/messages/PlainTextMessageRenderer
instanceKlass org/jetbrains/kotlin/cli/common/messages/XmlMessageRenderer
instanceKlass org/jetbrains/kotlin/cli/common/messages/MessageRenderer
instanceKlass org/jetbrains/kotlin/com/intellij/util/ArrayUtilRt
instanceKlass java/lang/invoke/VarForm
instanceKlass java/lang/invoke/VarHandleGuards
instanceKlass jdk/internal/util/Preconditions$1
instanceKlass java/util/function/BiFunction
instanceKlass java/lang/invoke/VarHandle$1
instanceKlass java/lang/ClassValue$Version
instanceKlass java/lang/ClassValue$Identity
instanceKlass java/lang/ClassValue
instanceKlass java/lang/invoke/VarHandles
instanceKlass java/util/concurrent/atomic/AtomicReference
instanceKlass org/jetbrains/kotlin/com/intellij/util/containers/ConcurrentList
instanceKlass org/jetbrains/kotlin/com/intellij/util/containers/ConcurrentIntObjectMap
instanceKlass org/jetbrains/kotlin/com/intellij/util/containers/IntObjectMap
instanceKlass org/jetbrains/kotlin/com/intellij/util/containers/ContainerUtil
instanceKlass org/jetbrains/kotlin/com/intellij/openapi/application/ApplicationManager
instanceKlass java/util/logging/Level
instanceKlass jdk/internal/org/objectweb/asm/FieldVisitor
instanceKlass java/util/ArrayList$Itr
instanceKlass java/lang/invoke/InvokerBytecodeGenerator$ClassData
instanceKlass jdk/internal/org/objectweb/asm/Frame
instanceKlass java/lang/invoke/LambdaFormBuffer
instanceKlass java/lang/invoke/LambdaFormEditor$TransformKey
instanceKlass java/lang/invoke/LambdaFormEditor
instanceKlass sun/invoke/util/Wrapper$1
instanceKlass java/lang/invoke/DelegatingMethodHandle$Holder
instanceKlass java/lang/invoke/DirectMethodHandle$2
instanceKlass sun/invoke/empty/Empty
instanceKlass sun/invoke/util/VerifyType
instanceKlass java/lang/invoke/ClassSpecializer$Factory
instanceKlass java/lang/invoke/ClassSpecializer$SpeciesData
instanceKlass java/lang/invoke/ClassSpecializer$1
instanceKlass java/lang/invoke/ClassSpecializer
instanceKlass java/lang/invoke/InnerClassLambdaMetafactory$1
instanceKlass java/lang/invoke/MethodHandles$Lookup$ClassDefiner
instanceKlass jdk/internal/org/objectweb/asm/ClassReader
instanceKlass java/lang/invoke/MethodHandles$Lookup$ClassFile
instanceKlass jdk/internal/org/objectweb/asm/AnnotationVisitor
instanceKlass jdk/internal/org/objectweb/asm/Attribute
instanceKlass jdk/internal/org/objectweb/asm/Handler
instanceKlass jdk/internal/org/objectweb/asm/Label
instanceKlass jdk/internal/org/objectweb/asm/MethodVisitor
instanceKlass java/lang/invoke/LambdaProxyClassArchive
instanceKlass jdk/internal/org/objectweb/asm/ByteVector
instanceKlass jdk/internal/org/objectweb/asm/Symbol
instanceKlass jdk/internal/org/objectweb/asm/SymbolTable
instanceKlass jdk/internal/org/objectweb/asm/ClassVisitor
instanceKlass java/lang/invoke/InfoFromMemberName
instanceKlass java/lang/invoke/MethodHandleInfo
instanceKlass jdk/internal/org/objectweb/asm/ConstantDynamic
instanceKlass sun/invoke/util/BytecodeDescriptor
instanceKlass jdk/internal/org/objectweb/asm/Handle
instanceKlass sun/security/action/GetBooleanAction
instanceKlass jdk/internal/org/objectweb/asm/Type
instanceKlass java/lang/invoke/AbstractValidatingLambdaMetafactory
instanceKlass java/lang/invoke/MethodHandleImpl$1
instanceKlass jdk/internal/access/JavaLangInvokeAccess
instanceKlass java/lang/invoke/Invokers$Holder
instanceKlass java/lang/invoke/BootstrapMethodInvoker
instanceKlass org/jetbrains/kotlin/com/intellij/openapi/diagnostic/Attachment
instanceKlass java/lang/invoke/InvokerBytecodeGenerator$2
instanceKlass java/lang/invoke/InvokerBytecodeGenerator
instanceKlass java/lang/invoke/LambdaForm$Holder
instanceKlass java/lang/invoke/LambdaForm$Name
instanceKlass java/lang/invoke/Invokers
instanceKlass java/lang/invoke/MethodHandleImpl
instanceKlass sun/invoke/util/ValueConversions
instanceKlass java/lang/invoke/DirectMethodHandle$Holder
instanceKlass java/lang/invoke/LambdaForm$NamedFunction
instanceKlass sun/invoke/util/Wrapper$Format
instanceKlass java/lang/invoke/MethodTypeForm
instanceKlass java/lang/invoke/MethodType$ConcurrentWeakInternSet
instanceKlass java/lang/invoke/LambdaMetafactory
instanceKlass org/jetbrains/kotlin/com/intellij/openapi/diagnostic/Logger$DefaultFactory
instanceKlass org/jetbrains/kotlin/com/intellij/openapi/diagnostic/Logger$Factory
instanceKlass org/jetbrains/kotlin/com/intellij/openapi/diagnostic/Logger
instanceKlass org/jetbrains/kotlin/cli/jvm/compiler/IdeaStandaloneExecutionSetup
instanceKlass org/jetbrains/kotlin/cli/jvm/compiler/CompatKt
instanceKlass kotlin/jvm/functions/Function2
instanceKlass kotlin/jvm/internal/CallableReference$NoReceiver
instanceKlass kotlin/reflect/KDeclarationContainer
instanceKlass kotlin/jvm/internal/CallableReference
instanceKlass kotlin/reflect/KFunction
instanceKlass kotlin/reflect/KCallable
instanceKlass kotlin/reflect/KAnnotatedElement
instanceKlass kotlin/jvm/internal/FunctionBase
instanceKlass kotlin/jvm/functions/Function1
instanceKlass kotlin/Function
instanceKlass org/jetbrains/kotlin/cli/common/CompilerSystemProperties$Companion
instanceKlass kotlin/collections/AbstractList$Companion
instanceKlass kotlin/collections/AbstractCollection
instanceKlass kotlin/enums/EnumEntries
instanceKlass kotlin/jvm/internal/markers/KMappedMarker
instanceKlass kotlin/enums/EnumEntriesKt
instanceKlass org/jetbrains/kotlin/util/PerformanceCounter$Companion
instanceKlass org/jetbrains/kotlin/util/PerformanceCounter
instanceKlass jdk/internal/jimage/ImageLocation
instanceKlass jdk/internal/jimage/decompressor/Decompressor
instanceKlass jdk/internal/jimage/ImageStringsReader
instanceKlass jdk/internal/jimage/ImageStrings
instanceKlass jdk/internal/jimage/ImageHeader
instanceKlass jdk/internal/jimage/NativeImageBuffer$1
instanceKlass jdk/internal/jimage/NativeImageBuffer
instanceKlass jdk/internal/jimage/BasicImageReader$1
instanceKlass jdk/internal/jimage/BasicImageReader
instanceKlass jdk/internal/jimage/ImageReader
instanceKlass jdk/internal/jimage/ImageReaderFactory$1
instanceKlass java/net/URI$Parser
instanceKlass java/nio/file/FileSystems$DefaultFileSystemHolder$1
instanceKlass java/nio/file/FileSystems$DefaultFileSystemHolder
instanceKlass java/nio/file/FileSystems
instanceKlass java/nio/file/Paths
instanceKlass jdk/internal/jimage/ImageReaderFactory
instanceKlass jdk/internal/module/SystemModuleFinders$SystemImage
instanceKlass jdk/internal/module/SystemModuleFinders$SystemModuleReader
instanceKlass java/lang/module/ModuleReader
instanceKlass jdk/internal/loader/BuiltinClassLoader$5
instanceKlass jdk/internal/loader/BuiltinClassLoader$2
instanceKlass jdk/internal/module/Resources
instanceKlass kotlin/jvm/internal/Intrinsics
instanceKlass java/util/TreeMap$PrivateEntryIterator
instanceKlass java/util/TreeMap$Entry
instanceKlass java/util/NavigableMap
instanceKlass java/util/SortedMap
instanceKlass java/util/NavigableSet
instanceKlass java/util/SortedSet
instanceKlass org/jetbrains/kotlin/cli/jvm/K2JVMCompiler$Companion
instanceKlass org/jetbrains/kotlin/cli/common/CLICompiler$Companion
instanceKlass java/lang/Void
instanceKlass java/lang/PublicMethods$Key
instanceKlass java/lang/PublicMethods$MethodList
instanceKlass org/jetbrains/kotlin/cli/common/CommonCompilerPerformanceManager
instanceKlass org/jetbrains/kotlin/utils/KotlinPaths
instanceKlass org/jetbrains/kotlin/com/intellij/openapi/Disposable
instanceKlass org/jetbrains/kotlin/config/CompilerConfiguration
instanceKlass org/jetbrains/kotlin/cli/common/messages/MessageCollector
instanceKlass org/jetbrains/kotlin/config/Services
instanceKlass org/jetbrains/kotlin/cli/common/arguments/Freezable
instanceKlass org/jetbrains/kotlin/utils/exceptions/KotlinExceptionWithAttachments
instanceKlass org/jetbrains/kotlin/com/intellij/openapi/diagnostic/ExceptionWithAttachments
instanceKlass org/jetbrains/kotlin/com/intellij/openapi/diagnostic/ControlFlowException
instanceKlass org/jetbrains/kotlin/cli/common/CLICompiler
instanceKlass java/security/SecureClassLoader$DebugHolder
instanceKlass java/security/PermissionCollection
instanceKlass java/security/SecureClassLoader$1
instanceKlass java/security/SecureClassLoader$CodeSourceKey
instanceKlass java/util/zip/Checksum$1
instanceKlass java/util/zip/CRC32
instanceKlass java/util/zip/Checksum
instanceKlass sun/nio/ByteBuffered
instanceKlass java/lang/Package$VersionInfo
instanceKlass java/lang/NamedPackage
instanceKlass java/util/jar/Attributes$Name
instanceKlass java/util/jar/Attributes
instanceKlass jdk/internal/loader/Resource
instanceKlass sun/security/action/GetIntegerAction
instanceKlass sun/security/util/Debug
instanceKlass sun/security/util/SignatureFileVerifier
instanceKlass java/util/zip/ZipFile$InflaterCleanupAction
instanceKlass java/util/zip/Inflater$InflaterZStreamRef
instanceKlass java/util/zip/Inflater
instanceKlass java/util/zip/ZipEntry
instanceKlass jdk/internal/util/jar/JarIndex
instanceKlass java/nio/Bits$1
instanceKlass jdk/internal/misc/VM$BufferPool
instanceKlass java/nio/Bits
instanceKlass sun/nio/ch/DirectBuffer
instanceKlass jdk/internal/perf/PerfCounter$CoreCounters
instanceKlass jdk/internal/perf/Perf
instanceKlass jdk/internal/perf/Perf$GetPerfAction
instanceKlass jdk/internal/perf/PerfCounter
instanceKlass java/nio/file/attribute/FileTime
instanceKlass java/util/zip/ZipUtils
instanceKlass java/util/zip/ZipFile$Source$End
instanceKlass java/io/RandomAccessFile$2
instanceKlass jdk/internal/access/JavaIORandomAccessFileAccess
instanceKlass java/io/RandomAccessFile
instanceKlass java/io/DataInput
instanceKlass java/io/DataOutput
instanceKlass sun/nio/fs/WindowsNativeDispatcher$CompletionStatus
instanceKlass sun/nio/fs/WindowsNativeDispatcher$AclInformation
instanceKlass sun/nio/fs/WindowsNativeDispatcher$Account
instanceKlass sun/nio/fs/WindowsNativeDispatcher$DiskFreeSpace
instanceKlass sun/nio/fs/WindowsNativeDispatcher$VolumeInformation
instanceKlass sun/nio/fs/WindowsNativeDispatcher$FirstStream
instanceKlass sun/nio/fs/WindowsNativeDispatcher$FirstFile
instanceKlass java/util/Enumeration
instanceKlass java/util/concurrent/ConcurrentHashMap$Traverser
instanceKlass java/util/concurrent/ConcurrentHashMap$CollectionView
instanceKlass jdk/internal/loader/NativeLibraries$NativeLibraryImpl
instanceKlass jdk/internal/loader/NativeLibrary
instanceKlass java/util/ArrayDeque$DeqIterator
instanceKlass jdk/internal/loader/NativeLibraries$1
instanceKlass jdk/internal/loader/NativeLibraries$LibraryPaths
instanceKlass sun/nio/fs/WindowsNativeDispatcher
instanceKlass sun/nio/fs/NativeBuffer$Deallocator
instanceKlass sun/nio/fs/NativeBuffer
instanceKlass java/lang/ThreadLocal$ThreadLocalMap
instanceKlass sun/nio/fs/NativeBuffers
instanceKlass sun/nio/fs/WindowsFileAttributes
instanceKlass java/nio/file/attribute/DosFileAttributes
instanceKlass sun/nio/fs/AbstractBasicFileAttributeView
instanceKlass sun/nio/fs/DynamicFileAttributeView
instanceKlass sun/nio/fs/WindowsFileAttributeViews
instanceKlass sun/nio/fs/Util
instanceKlass java/nio/file/attribute/BasicFileAttributeView
instanceKlass java/nio/file/attribute/FileAttributeView
instanceKlass java/nio/file/attribute/AttributeView
instanceKlass java/nio/file/Files
instanceKlass java/nio/file/CopyOption
instanceKlass java/nio/file/attribute/BasicFileAttributes
instanceKlass sun/nio/fs/WindowsPath
instanceKlass java/nio/file/Path
instanceKlass java/nio/file/Watchable
instanceKlass java/util/zip/ZipFile$Source$Key
instanceKlass sun/nio/fs/WindowsPathParser$Result
instanceKlass sun/nio/fs/WindowsPathParser
instanceKlass java/util/Collections$UnmodifiableCollection
instanceKlass java/util/Arrays$ArrayItr
instanceKlass java/nio/file/FileSystem
instanceKlass java/nio/file/OpenOption
instanceKlass java/nio/file/spi/FileSystemProvider
instanceKlass sun/nio/fs/DefaultFileSystemProvider
instanceKlass java/util/zip/ZipFile$Source
instanceKlass java/lang/ref/Cleaner$Cleanable
instanceKlass jdk/internal/ref/CleanerImpl
instanceKlass java/lang/ref/Cleaner$1
instanceKlass java/lang/ref/Cleaner
instanceKlass jdk/internal/ref/CleanerFactory$1
instanceKlass java/util/concurrent/ThreadFactory
instanceKlass jdk/internal/ref/CleanerFactory
instanceKlass java/util/zip/ZipCoder
instanceKlass java/util/zip/ZipFile$CleanableResource
instanceKlass java/lang/Runtime$Version
instanceKlass java/util/jar/JavaUtilJarAccessImpl
instanceKlass jdk/internal/access/JavaUtilJarAccess
instanceKlass jdk/internal/loader/FileURLMapper
instanceKlass jdk/internal/loader/URLClassPath$JarLoader$1
instanceKlass java/util/zip/ZipFile$1
instanceKlass jdk/internal/access/JavaUtilZipFileAccess
instanceKlass java/util/zip/ZipFile
instanceKlass java/util/zip/ZipConstants
instanceKlass jdk/internal/loader/URLClassPath$Loader
instanceKlass jdk/internal/loader/URLClassPath$3
instanceKlass java/security/PrivilegedExceptionAction
instanceKlass sun/net/util/URLUtil
instanceKlass java/lang/StringCoding
instanceKlass sun/nio/cs/ArrayDecoder
instanceKlass java/nio/charset/CharsetDecoder
instanceKlass sun/launcher/LauncherHelper
instanceKlass jdk/internal/vm/PostVMInitHook$1
instanceKlass jdk/internal/util/EnvUtils
instanceKlass jdk/internal/vm/PostVMInitHook$2
instanceKlass sun/util/locale/LocaleUtils
instanceKlass sun/util/locale/BaseLocale
instanceKlass java/util/Locale
instanceKlass jdk/internal/vm/PostVMInitHook
instanceKlass java/lang/reflect/Array
instanceKlass java/lang/invoke/StringConcatFactory$3
instanceKlass java/lang/invoke/StringConcatFactory$2
instanceKlass java/lang/invoke/StringConcatFactory$1
instanceKlass java/lang/invoke/StringConcatFactory
instanceKlass java/lang/ModuleLayer$Controller
instanceKlass java/util/concurrent/CopyOnWriteArrayList
instanceKlass jdk/internal/module/ServicesCatalog$ServiceProvider
instanceKlass jdk/internal/loader/AbstractClassLoaderValue$Memoizer
instanceKlass java/util/ImmutableCollections$ListItr
instanceKlass java/util/ListIterator
instanceKlass java/lang/ModuleLayer
instanceKlass jdk/internal/module/ModuleLoaderMap$Modules
instanceKlass jdk/internal/module/ModuleLoaderMap$Mapper
instanceKlass java/util/function/Function
instanceKlass jdk/internal/module/ModuleLoaderMap
instanceKlass java/util/ImmutableCollections$Set12$1
instanceKlass java/util/AbstractMap$1$1
instanceKlass java/lang/module/ResolvedModule
instanceKlass java/lang/module/Configuration
instanceKlass java/util/ImmutableCollections$SetN$SetNIterator
instanceKlass jdk/internal/loader/BuiltinClassLoader$LoadedModule
instanceKlass jdk/internal/loader/AbstractClassLoaderValue
instanceKlass jdk/internal/module/ServicesCatalog
instanceKlass jdk/internal/util/Preconditions
instanceKlass sun/net/util/IPAddressUtil
instanceKlass java/net/URLStreamHandler
instanceKlass java/util/HexFormat
instanceKlass sun/net/www/ParseUtil
instanceKlass java/net/URL$3
instanceKlass jdk/internal/access/JavaNetURLAccess
instanceKlass java/net/URL$DefaultFactory
instanceKlass java/net/URLStreamHandlerFactory
instanceKlass jdk/internal/loader/URLClassPath
instanceKlass java/security/Principal
instanceKlass java/security/ProtectionDomain$Key
instanceKlass java/security/ProtectionDomain$JavaSecurityAccessImpl
instanceKlass jdk/internal/access/JavaSecurityAccess
instanceKlass java/lang/ClassLoader$ParallelLoaders
instanceKlass java/security/cert/Certificate
instanceKlass jdk/internal/loader/ArchivedClassLoaders
instanceKlass java/util/Deque
instanceKlass java/util/Queue
instanceKlass jdk/internal/loader/ClassLoaderHelper
instanceKlass jdk/internal/loader/NativeLibraries
instanceKlass jdk/internal/loader/BootLoader
instanceKlass java/util/Optional
instanceKlass jdk/internal/module/SystemModuleFinders$SystemModuleFinder
instanceKlass java/lang/module/ModuleFinder
instanceKlass jdk/internal/module/SystemModuleFinders$3
instanceKlass jdk/internal/module/ModuleHashes$HashSupplier
instanceKlass jdk/internal/module/SystemModuleFinders$2
instanceKlass java/util/function/Supplier
instanceKlass java/lang/module/ModuleReference
instanceKlass jdk/internal/module/ModuleResolution
instanceKlass java/util/Collections$UnmodifiableMap
instanceKlass jdk/internal/module/ModuleHashes$Builder
instanceKlass jdk/internal/module/ModuleHashes
instanceKlass jdk/internal/module/ModuleTarget
instanceKlass java/lang/Enum
instanceKlass java/lang/module/ModuleDescriptor$Version
instanceKlass java/lang/module/ModuleDescriptor$Provides
instanceKlass java/lang/module/ModuleDescriptor$Opens
instanceKlass java/lang/module/ModuleDescriptor$Exports
instanceKlass java/lang/module/ModuleDescriptor$Requires
instanceKlass jdk/internal/module/Builder
instanceKlass jdk/internal/module/SystemModules$default
instanceKlass jdk/internal/module/SystemModules
instanceKlass jdk/internal/module/SystemModulesMap
instanceKlass java/net/URI$1
instanceKlass jdk/internal/access/JavaNetUriAccess
instanceKlass java/net/URI
instanceKlass jdk/internal/module/SystemModuleFinders
instanceKlass jdk/internal/module/ArchivedModuleGraph
instanceKlass jdk/internal/module/ArchivedBootLayer
instanceKlass jdk/internal/module/ModuleBootstrap$Counters
instanceKlass jdk/internal/module/ModulePatcher
instanceKlass java/io/FileSystem
instanceKlass java/io/DefaultFileSystem
instanceKlass java/io/File
instanceKlass java/lang/module/ModuleDescriptor$1
instanceKlass jdk/internal/access/JavaLangModuleAccess
instanceKlass sun/invoke/util/VerifyAccess
instanceKlass java/lang/module/ModuleDescriptor
instanceKlass jdk/internal/module/ModuleBootstrap
instanceKlass java/lang/invoke/MethodHandleStatics
instanceKlass java/util/Collections
instanceKlass sun/io/Win32ErrorMode
instanceKlass jdk/internal/misc/OSEnvironment
instanceKlass jdk/internal/misc/Signal$NativeHandler
instanceKlass java/util/Hashtable$Entry
instanceKlass jdk/internal/misc/Signal
instanceKlass java/lang/Terminator$1
instanceKlass jdk/internal/misc/Signal$Handler
instanceKlass java/lang/Terminator
instanceKlass java/nio/ByteOrder
instanceKlass java/nio/Buffer$1
instanceKlass jdk/internal/access/JavaNioAccess
instanceKlass jdk/internal/misc/ScopedMemoryAccess
instanceKlass java/nio/charset/CodingErrorAction
instanceKlass sun/nio/cs/SingleByte
instanceKlass java/lang/StringUTF16
instanceKlass sun/nio/cs/MS1252$Holder
instanceKlass sun/nio/cs/ArrayEncoder
instanceKlass java/nio/charset/CharsetEncoder
instanceKlass java/lang/reflect/Modifier
instanceKlass java/lang/Class$1
instanceKlass java/lang/Class$Atomic
instanceKlass java/lang/Class$ReflectionData
instanceKlass jdk/internal/util/ArraysSupport
instanceKlass java/nio/charset/StandardCharsets
instanceKlass sun/nio/cs/HistoricallyNamedCharset
instanceKlass sun/security/action/GetPropertyAction
instanceKlass java/lang/ThreadLocal
instanceKlass java/nio/charset/spi/CharsetProvider
instanceKlass java/nio/charset/Charset
instanceKlass java/io/Writer
instanceKlass java/io/OutputStream
instanceKlass java/io/Flushable
instanceKlass java/io/FileDescriptor$1
instanceKlass jdk/internal/access/JavaIOFileDescriptorAccess
instanceKlass java/io/FileDescriptor
instanceKlass jdk/internal/util/StaticProperty
instanceKlass java/util/HashMap$HashIterator
instanceKlass java/lang/Integer$IntegerCache
instanceKlass java/lang/CharacterData
instanceKlass java/util/Arrays
instanceKlass java/lang/VersionProps
instanceKlass java/lang/StringConcatHelper
instanceKlass jdk/internal/misc/VM
instanceKlass jdk/internal/util/SystemProps$Raw
instanceKlass jdk/internal/util/SystemProps
instanceKlass java/lang/System$2
instanceKlass jdk/internal/access/JavaLangAccess
instanceKlass java/lang/ref/Reference$1
instanceKlass jdk/internal/access/JavaLangRefAccess
instanceKlass java/lang/ref/ReferenceQueue$Lock
instanceKlass java/lang/ref/ReferenceQueue
instanceKlass jdk/internal/reflect/ReflectionFactory
instanceKlass jdk/internal/reflect/ReflectionFactory$GetReflectionFactoryAction
instanceKlass java/security/PrivilegedAction
instanceKlass java/util/concurrent/locks/LockSupport
instanceKlass java/util/concurrent/ConcurrentHashMap$Node
instanceKlass java/util/concurrent/ConcurrentHashMap$CounterCell
instanceKlass java/util/concurrent/locks/ReentrantLock
instanceKlass java/util/concurrent/locks/Lock
instanceKlass java/lang/Runtime
instanceKlass java/util/HashMap$Node
instanceKlass java/util/KeyValueHolder
instanceKlass java/util/Map$Entry
instanceKlass java/util/ImmutableCollections$MapN$MapNIterator
instanceKlass java/lang/Math
instanceKlass jdk/internal/reflect/Reflection
instanceKlass java/lang/invoke/MethodHandles$Lookup
instanceKlass java/lang/StringLatin1
instanceKlass java/security/Permission
instanceKlass java/security/Guard
instanceKlass java/lang/invoke/MemberName$Factory
instanceKlass java/lang/invoke/MethodHandles
instanceKlass jdk/internal/access/SharedSecrets
instanceKlass java/lang/reflect/ReflectAccess
instanceKlass jdk/internal/access/JavaLangReflectAccess
instanceKlass java/util/ImmutableCollections
instanceKlass java/util/Objects
instanceKlass java/util/Set
instanceKlass jdk/internal/misc/CDS
instanceKlass java/lang/Module$ArchivedData
instanceKlass java/lang/String$CaseInsensitiveComparator
instanceKlass java/util/Comparator
instanceKlass java/io/ObjectStreamField
instanceKlass jdk/internal/vm/vector/VectorSupport$VectorPayload
instanceKlass jdk/internal/vm/vector/VectorSupport
instanceKlass java/lang/reflect/RecordComponent
instanceKlass java/util/Iterator
instanceKlass java/lang/Number
instanceKlass java/lang/Character
instanceKlass java/lang/Boolean
instanceKlass java/util/concurrent/locks/AbstractOwnableSynchronizer
instanceKlass java/lang/LiveStackFrame
instanceKlass java/lang/StackFrameInfo
instanceKlass java/lang/StackWalker$StackFrame
instanceKlass java/lang/StackStreamFactory$AbstractStackWalker
instanceKlass java/lang/StackWalker
instanceKlass java/nio/Buffer
instanceKlass java/lang/StackTraceElement
instanceKlass java/util/RandomAccess
instanceKlass java/util/List
instanceKlass java/util/AbstractCollection
instanceKlass java/util/Collection
instanceKlass java/lang/Iterable
instanceKlass java/util/concurrent/ConcurrentMap
instanceKlass java/util/AbstractMap
instanceKlass java/security/CodeSource
instanceKlass jdk/internal/loader/ClassLoaders
instanceKlass java/util/jar/Manifest
instanceKlass java/net/URL
instanceKlass java/io/InputStream
instanceKlass java/io/Closeable
instanceKlass java/lang/AutoCloseable
instanceKlass jdk/internal/module/Modules
instanceKlass jdk/internal/misc/Unsafe
instanceKlass jdk/internal/misc/UnsafeConstants
instanceKlass java/lang/AbstractStringBuilder
instanceKlass java/lang/Appendable
instanceKlass java/lang/AssertionStatusDirectives
instanceKlass java/lang/invoke/MethodHandleNatives$CallSiteContext
instanceKlass jdk/internal/invoke/NativeEntryPoint
instanceKlass java/lang/invoke/CallSite
instanceKlass java/lang/invoke/MethodType
instanceKlass java/lang/invoke/TypeDescriptor$OfMethod
instanceKlass java/lang/invoke/LambdaForm
instanceKlass java/lang/invoke/MethodHandleNatives
instanceKlass java/lang/invoke/ResolvedMethodName
instanceKlass java/lang/invoke/MemberName
instanceKlass java/lang/invoke/VarHandle
instanceKlass java/lang/invoke/MethodHandle
instanceKlass jdk/internal/reflect/CallerSensitive
instanceKlass java/lang/annotation/Annotation
instanceKlass jdk/internal/reflect/FieldAccessor
instanceKlass jdk/internal/reflect/ConstantPool
instanceKlass jdk/internal/reflect/ConstructorAccessor
instanceKlass jdk/internal/reflect/MethodAccessor
instanceKlass jdk/internal/reflect/MagicAccessorImpl
instanceKlass java/lang/reflect/Parameter
instanceKlass java/lang/reflect/Member
instanceKlass java/lang/reflect/AccessibleObject
instanceKlass java/lang/Module
instanceKlass java/util/Map
instanceKlass java/util/Dictionary
instanceKlass java/lang/ThreadGroup
instanceKlass java/lang/Thread$UncaughtExceptionHandler
instanceKlass java/lang/Thread
instanceKlass java/lang/Runnable
instanceKlass java/lang/ref/Reference
instanceKlass java/lang/Record
instanceKlass java/security/AccessController
instanceKlass java/security/AccessControlContext
instanceKlass java/security/ProtectionDomain
instanceKlass java/lang/SecurityManager
instanceKlass java/lang/Throwable
instanceKlass java/lang/System
instanceKlass java/lang/ClassLoader
instanceKlass java/lang/Cloneable
instanceKlass java/lang/Class
instanceKlass java/lang/invoke/TypeDescriptor$OfField
instanceKlass java/lang/invoke/TypeDescriptor
instanceKlass java/lang/reflect/Type
instanceKlass java/lang/reflect/GenericDeclaration
instanceKlass java/lang/reflect/AnnotatedElement
instanceKlass java/lang/String
instanceKlass java/lang/constant/ConstantDesc
instanceKlass java/lang/constant/Constable
instanceKlass java/lang/CharSequence
instanceKlass java/lang/Comparable
instanceKlass java/io/Serializable
ciInstanceKlass java/lang/Object 1 1 92 7 1 10 12 1 1 10 7 12 1 1 1 10 7 12 1 1 1 10 12 1 1 8 1 10 12 1 1 10 7 12 1 1 1 10 12 1 10 12 1 1 100 1 8 1 10 12 1 3 8 1 100 1 5 0 1 1 1 1 1 1 1 1 1 1 1 1 1 1 1 1 100 1 1 1 7 1 1 1 1 1 1 1 100 1 1 1 1 1 1 1
ciMethod java/lang/Object toString ()Ljava/lang/String; 2 0 1 0 -1
ciInstanceKlass java/lang/Class 1 1 1611 10 7 12 1 1 1 9 7 12 1 1 1 9 12 1 1 7 1 10 10 12 1 1 8 1 10 12 1 8 1 8 1 10 12 1 1 10 12 1 1 10 12 1 10 10 12 1 10 12 1 1 10 12 1 1 10 7 12 1 1 10 12 1 10 12 1 10 12 1 8 1 10 12 1 8 1 10 12 1 8 1 8 1 10 12 1 1 10 100 12 1 1 1 18 12 1 1 11 100 12 1 1 1 8 1 8 1 8 1 10 100 12 1 1 1 11 12 1 1 7 1 8 1 10 12 1 11 100 12 1 1 1 10 12 1 1 11 8 1 18 8 1 10 12 1 10 7 12 1 1 10 7 12 1 1 1 10 12 1 1 10 7 12 1 1 1 9 100 12 1 1 1 10 100 12 1 1 1 10 7 12 1 1 1 10 12 1 1 18 12 1 1 10 7 12 1 1 1 10 7 12 1 1 10 12 1 1 10 100 1 100 1 10 12 1 1 9 12 1 1 100 1 8 1 10 12 1 10 12 1 1 10 12 1 1 10 7 12 1 1 1 7 1 10 12 1 100 1 100 1 10 10 12 1 1 10 12 1 1 100 1 10 100 12 1 1 1 10 12 1 1 10 12 1 1 9 12 1 1 10 12 1 10 12 1 10 12 1 1 9 12 1 1 9 12 1 1 10 12 1 1 10 7 1 10 12 1 10 12 1 10 12 1 1 10 9 12 1 10 12 1 8 1 10 12 1 1 10 12 1 1 10 12 1 10 12 1 1 10 12 1 1 10 12 1 1 9 7 12 1 1 1 10 7 12 1 1 10 12 10 12 1 10 12 1 1 10 100 12 1 1 10 12 1 10 12 1 1 10 100 12 1 1 1 10 12 1 10 12 1 1 10 12 1 10 12 1 10 12 1 1 10 7 1 10 10 10 12 1 1 10 12 1 1 10 12 10 12 1 1 100 1 8 1 10 10 12 1 1 10 12 1 100 1 11 12 1 10 100 12 1 1 10 12 1 10 12 1 10 100 12 1 1 10 10 12 1 1 8 1 10 12 1 10 12 1 1 8 1 9 12 1 10 12 1 10 12 1 10 12 1 10 12 100 1 9 12 1 10 12 1 9 12 1 10 12 1 10 12 1 10 12 1 10 10 12 1 10 12 1 10 12 1 10 12 1 10 12 1 10 12 1 100 1 10 12 1 10 12 1 1 10 12 1 1 10 12 1 1 10 12 1 1 10 12 1 1 10 12 1 1 100 1 10 10 12 1 1 10 12 1 1 10 12 1 1 10 10 12 1 10 12 1 1 10 12 1 1 10 12 1 1 10 12 1 1 100 1 10 10 12 11 100 12 1 1 10 12 1 1 10 12 1 10 100 12 1 1 1 10 12 1 1 10 10 12 1 1 100 1 10 10 12 1 1 10 100 12 1 1 1 100 1 100 1 10 12 1 1 10 12 1 10 10 12 1 1 10 12 1 10 12 1 10 12 1 10 100 12 1 1 1 11 7 12 1 1 10 12 1 10 12 1 9 12 1 10 12 1 1 10 12 1 9 12 1 1 100 1 10 9 12 1 1 10 12 100 1 10 12 1 9 12 1 10 100 12 1 1 1 10 12 1 10 12 1 10 100 12 1 1 1 10 12 1 10 12 10 12 1 1 100 1 10 8 1 10 12 1 11 11 12 1 1 11 7 12 1 1 11 12 1 8 1 10 12 1 10 12 1 1 9 12 1 9 12 1 1 10 7 12 1 1 9 12 1 10 12 1 1 10 10 12 1 10 7 12 1 1 1 10 100 12 1 1 10 100 12 1 1 9 12 1 1 10 12 1 9 12 1 10 12 1 10 12 1 1 9 12 1 1 9 12 1 10 12 1 10 12 1 1 9 12 1 100 1 10 10 12 1 1 7 1 10 12 1 1 100 11 100 1 9 12 1 1 9 12 1 100 1 10 12 1 9 12 1 1 9 12 1 10 12 1 10 12 1 1 9 12 1 7 1 10 10 12 1 1 10 10 12 1 1 10 12 10 10 12 1 9 12 1 10 12 1 1 10 7 12 1 1 1 10 12 1 1 10 12 1 8 10 7 8 1 18 8 1 8 1 10 12 1 9 12 1 9 12 1 1 10 12 1 7 1 7 1 10 12 1 9 12 1 1 7 1 10 10 12 1 10 7 1 9 12 1 8 1 10 12 1 7 1 10 12 1 10 12 1 1 9 12 1 100 1 8 1 10 7 1 4 10 10 12 11 7 12 1 1 1 10 12 1 100 1 10 12 1 1 10 8 1 8 1 10 12 1 1 9 7 12 1 1 11 12 7 1 11 7 12 1 1 9 12 1 10 100 12 1 1 1 10 7 12 1 1 10 12 1 1 9 12 1 9 10 12 1 1 10 12 1 1 10 12 1 1 10 12 1 1 10 12 1 1 11 12 1 7 1 11 12 1 10 7 12 1 1 1 10 12 1 100 1 11 12 1 10 100 12 1 1 1 10 12 1 10 11 12 1 11 12 1 1 10 12 1 10 12 1 1 9 12 1 1 9 100 12 1 1 10 12 1 10 100 12 1 1 1 10 12 1 1 10 12 1 10 12 1 10 12 1 10 7 12 1 1 1 10 12 1 8 1 10 12 1 10 12 1 10 12 1 10 100 12 1 1 1 11 100 12 1 1 1 10 12 1 1 10 12 1 18 12 1 1 11 12 1 1 18 11 12 1 18 12 1 11 12 1 10 12 1 1 10 12 1 10 12 1 10 12 10 12 1 8 1 10 12 1 7 1 9 12 1 1 100 1 100 1 100 1 100 1 100 1 1 1 3 1 3 1 3 1 1 1 1 1 1 1 5 0 1 1 1 1 1 1 1 1 1 1 1 1 1 1 1 1 1 1 1 1 1 1 1 100 1 1 1 1 1 1 1 100 1 1 1 1 1 1 100 1 1 1 1 1 1 1 1 1 1 1 1 1 1 1 1 1 1 1 1 1 1 1 1 1 1 1 1 1 1 1 1 1 1 1 1 1 1 100 1 1 1 1 1 1 1 1 1 1 1 1 1 1 1 1 1 1 1 1 1 1 1 1 1 1 1 1 100 1 1 1 1 1 1 1 1 1 1 1 1 1 1 1 1 1 1 1 1 1 1 1 1 1 1 1 1 1 1 1 1 1 1 1 1 1 1 1 1 1 1 1 1 1 1 1 1 1 1 1 1 1 100 1 100 1 1 1 1 1 1 1 1 1 1 1 1 1 1 1 1 1 1 1 1 1 1 1 1 1 1 1 1 1 1 1 1 1 1 1 1 1 1 1 1 1 1 1 1 1 1 1 1 1 1 1 1 1 1 1 1 1 1 1 1 1 1 1 100 1 1 1 1 1 1 1 1 1 1 1 1 1 1 1 1 1 1 1 1 1 1 1 1 1 1 1 1 1 1 1 1 1 1 1 1 1 1 1 1 1 1 1 1 1 1 1 1 1 1 1 1 1 1 1 1 1 1 1 1 1 1 1 1 1 1 1 1 15 10 100 12 1 1 1 16 15 10 12 16 15 11 12 16 1 16 15 16 15 10 12 16 16 15 10 12 16 15 16 1 15 10 12 16 1 1 1 1 1 1 1 1 100 1 1 100 1 100 1 1 100 1 100 1 1
staticfield java/lang/Class EMPTY_CLASS_ARRAY [Ljava/lang/Class; 0 [Ljava/lang/Class;
staticfield java/lang/Class serialPersistentFields [Ljava/io/ObjectStreamField; 0 [Ljava/io/ObjectStreamField;
ciInstanceKlass java/io/Serializable 1 0 7 100 1 100 1 1 1
instanceKlass jdk/internal/vm/vector/VectorSupport$VectorShuffle
instanceKlass jdk/internal/vm/vector/VectorSupport$VectorMask
instanceKlass jdk/internal/vm/vector/VectorSupport$Vector
ciInstanceKlass jdk/internal/vm/vector/VectorSupport$VectorPayload 0 0 32 10 100 12 1 1 1 9 100 12 1 1 1 10 100 12 1 1 1 1 1 1 1 1 1 1 1 1 1 1 1 1
ciInstanceKlass jdk/internal/vm/vector/VectorSupport$VectorShuffle 0 0 28 10 100 12 1 1 1 100 1 1 1 1 1 1 1 1 1 1 1 1 1 1 1 100 1 1 1 1
ciInstanceKlass jdk/internal/vm/vector/VectorSupport$VectorMask 0 0 28 10 100 12 1 1 1 100 1 1 1 1 1 1 1 1 1 1 1 1 1 1 1 100 1 1 1 1
ciInstanceKlass jdk/internal/vm/vector/VectorSupport$Vector 0 0 28 10 100 12 1 1 1 100 1 1 1 1 1 1 1 1 1 1 1 1 1 1 1 100 1 1 1 1
ciInstanceKlass jdk/internal/vm/vector/VectorSupport 0 0 487 100 1 10 100 12 1 1 1 9 12 1 1 10 12 1 1 100 1 10 12 1 11 100 12 1 1 1 11 100 12 1 1 1 11 100 12 1 1 11 100 12 1 1 1 11 100 1 100 1 10 12 1 1 11 100 12 1 1 11 100 12 1 1 100 1 11 100 12 1 1 11 100 12 1 1 11 100 12 1 1 1 11 100 12 1 1 1 11 100 12 1 1 1 11 100 12 1 1 1 100 1 10 12 1 1 11 100 12 1 1 100 1 11 100 12 1 1 11 100 12 1 1 11 100 12 1 1 11 100 1 100 1 9 12 1 1 10 100 12 1 1 11 100 12 1 1 10 12 1 1 10 100 12 1 1 1 10 12 1 10 12 1 1 10 12 1 1 1 1 1 3 1 3 1 3 1 3 1 3 1 3 1 3 1 3 1 3 1 3 1 3 1 3 1 3 1 3 1 3 1 3 1 3 1 3 1 3 1 3 1 3 1 3 1 3 1 3 1 3 1 3 1 3 1 3 1 3 1 3 1 3 1 3 1 3 1 3 1 3 1 3 1 3 1 3 1 3 1 1 1 1 1 3 1 1 1 1 1 1 3 1 1 1 1 1 1 1 1 1 1 1 1 1 1 1 1 1 1 1 1 1 1 1 1 1 1 1 1 1 1 1 1 1 1 1 1 1 1 1 1 1 1 1 1 1 1 1 1 1 1 1 1 1 1 1 1 1 1 1 1 1 1 1 1 1 1 1 1 1 1 1 1 1 1 1 1 1 1 1 1 1 1 1 1 1 1 1 1 1 1 1 1 1 1 1 1 1 1 1 1 1 1 1 1 1 1 1 1 1 1 1 1 1 1 1 1 1 1 1 1 1 1 1 1 1 1 1 1 1 1 1 1 1 1 1 1 1 1 1 1 1 1 1 1 1 1 1 1 1 1 1 1 1 1 1 1 1 1 1 1 1 1 1 1 1 1 1 1 1 1 1 1 1 1 1 1 1 1 1 1 1 1 1 1 1 1 1 1 1 1 1 1 1 1 1 1 1 1 1 100 1 100 1 1 1 1 1 1 1 1 1 1 1 1 1 1 1 1 1 1 1 1 1 1 1 1
ciInstanceKlass java/lang/reflect/RecordComponent 0 0 196 10 100 12 1 1 1 9 100 12 1 1 1 9 12 1 1 9 12 1 10 12 1 1 10 12 1 1 10 100 12 1 1 1 10 12 1 1 9 12 1 1 10 12 1 1 10 12 1 1 10 12 1 10 100 12 1 1 10 100 12 1 1 9 12 1 1 10 100 12 1 1 1 11 100 12 1 1 1 10 9 100 12 1 1 1 10 100 12 1 1 1 9 12 1 1 10 100 12 1 1 1 10 12 1 1 11 100 12 1 1 10 100 12 1 1 100 1 9 12 1 9 12 1 1 9 12 1 10 100 12 1 1 1 10 12 1 1 10 12 1 1 100 1 10 10 12 1 10 12 1 1 8 1 10 12 1 10 12 1 9 12 1 100 1 1 1 1 1 1 1 1 1 1 1 1 1 1 1 1 1 1 1 1 1 1 100 1 1 1 1 1 1 100 1 1
ciInstanceKlass java/util/Iterator 1 1 53 100 1 8 1 10 12 1 1 10 100 12 1 1 1 11 100 12 1 1 1 11 12 1 1 11 100 12 1 1 1 100 1 1 1 1 1 1 1 1 1 1 1 1 1 1 1 1 1 1 1 1 1
ciInstanceKlass java/lang/System 1 1 803 10 100 12 1 1 1 9 7 12 1 1 1 10 12 1 10 12 1 1 10 12 1 1 10 12 1 9 12 1 1 10 7 12 1 1 1 11 100 12 1 1 1 10 100 12 1 1 1 10 12 1 1 10 12 1 1 100 1 8 1 10 12 1 10 100 12 1 1 1 10 100 12 1 1 1 18 12 1 1 10 100 12 1 1 1 100 1 10 12 1 1 10 100 12 1 1 1 10 12 1 10 7 12 1 1 1 9 100 12 1 1 1 10 100 12 1 1 1 11 7 12 1 1 1 10 12 1 1 10 100 12 1 1 1 100 1 10 10 12 1 1 8 1 10 12 1 8 1 10 12 1 9 12 1 1 8 1 10 7 12 1 1 1 10 12 1 1 100 1 8 1 10 9 12 1 1 8 1 10 12 1 1 10 100 12 1 1 1 8 1 10 12 1 100 1 10 12 1 8 1 10 12 1 10 12 1 1 100 1 10 12 10 12 1 9 12 1 1 9 12 1 1 10 7 12 1 1 1 10 7 12 1 1 1 10 12 1 1 10 12 1 10 12 1 10 7 12 1 1 1 10 12 1 100 1 100 1 8 1 10 12 1 10 12 1 1 7 1 10 12 1 100 1 8 1 10 10 12 1 100 1 8 1 10 8 1 10 7 12 1 1 8 1 10 12 100 1 8 1 10 10 12 1 1 10 100 12 1 1 1 100 1 18 12 1 100 1 9 100 12 1 1 1 10 12 1 100 1 10 12 1 1 10 12 1 1 10 7 12 1 1 1 10 12 1 1 10 12 1 10 12 1 10 12 1 1 10 12 1 7 1 10 12 1 10 12 1 100 1 10 12 1 10 7 12 1 1 1 100 1 8 1 10 9 12 1 9 12 1 10 12 1 10 100 12 1 1 10 12 1 10 12 1 1 8 1 10 12 1 1 8 1 11 12 1 10 12 11 12 1 1 11 7 12 1 1 1 11 7 12 1 1 11 12 1 1 7 1 11 12 1 10 12 1 8 1 10 12 1 1 8 1 8 1 8 1 8 1 11 12 1 10 12 1 10 12 1 10 12 1 10 7 12 1 1 8 1 7 1 9 7 12 1 1 1 10 12 1 7 1 9 12 10 9 12 7 1 10 12 8 1 10 12 1 1 8 1 10 7 12 1 1 10 12 1 10 7 12 1 1 1 10 12 1 1 10 7 12 1 1 1 10 12 10 7 12 1 1 1 9 12 1 1 100 1 8 1 10 12 1 1 10 7 12 1 1 1 7 1 10 12 1 1 8 1 10 8 1 8 1 8 1 8 1 10 10 7 12 1 1 10 12 1 1 10 12 1 1 10 12 1 1 10 12 1 10 100 12 1 1 1 10 100 1 8 1 10 10 10 12 1 1 10 12 1 1 8 1 10 12 1 8 1 10 12 1 10 12 1 1 7 1 10 10 12 1 10 12 1 9 12 1 1 1 3 1 3 1 1 1 1 1 1 1 1 1 1 1 1 100 1 1 100 1 1 1 1 1 1 1 1 1 1 1 100 1 100 1 1 1 1 1 1 1 1 1 1 1 1 1 1 1 1 1 1 1 1 1 1 1 1 1 1 1 1 1 1 1 1 1 1 1 1 1 1 1 1 1 1 1 1 1 1 1 1 1 1 1 1 1 1 1 1 1 1 100 1 1 1 1 1 1 1 1 1 1 1 1 1 1 1 1 1 1 1 1 1 1 1 1 1 1 1 1 1 1 1 1 1 100 1 1 15 10 100 12 1 1 1 16 15 10 12 1 1 16 15 10 12 16 1 1 1 1 1 1 1 100 1 100 1 1
staticfield java/lang/System in Ljava/io/InputStream; java/io/BufferedInputStream
staticfield java/lang/System out Ljava/io/PrintStream; java/io/PrintStream
staticfield java/lang/System err Ljava/io/PrintStream; java/io/PrintStream
instanceKlass jdk/internal/reflect/DelegatingClassLoader
instanceKlass java/security/SecureClassLoader
ciInstanceKlass java/lang/ClassLoader 1 1 1098 9 7 12 1 1 1 10 7 12 1 1 1 9 12 1 1 10 7 12 1 1 1 7 1 10 12 1 1 10 12 1 1 9 12 1 1 10 12 1 1 100 1 10 12 1 10 12 1 1 10 7 12 1 1 1 100 1 8 1 10 12 1 10 7 12 1 1 1 10 100 12 1 10 7 1 10 7 1 7 1 7 1 10 12 1 10 12 1 9 12 1 1 10 10 7 12 1 1 1 9 12 1 1 9 12 1 9 12 1 1 9 12 1 9 12 1 1 9 12 1 1 7 1 10 12 1 9 12 1 1 10 12 1 1 10 7 12 1 1 1 9 12 1 9 12 1 1 9 12 1 10 12 1 1 9 12 10 12 1 1 7 1 10 8 1 10 12 1 1 10 12 1 10 7 1 7 1 10 12 1 1 10 7 12 1 1 1 8 1 10 12 1 10 12 1 10 12 1 1 10 12 1 1 10 12 1 1 10 12 1 1 10 12 1 1 10 12 1 100 1 10 12 1 10 100 12 1 1 1 10 12 1 1 10 12 1 10 12 1 10 12 1 10 12 1 10 12 1 1 10 10 12 1 10 12 1 10 100 12 1 1 10 12 1 1 10 12 1 1 10 12 1 100 1 10 12 1 100 1 10 12 1 10 100 12 1 1 1 10 10 12 1 1 10 12 1 1 100 1 8 1 10 8 1 10 12 1 10 12 1 100 1 8 1 10 12 1 1 10 12 1 1 10 10 12 1 1 10 12 1 1 10 12 1 1 10 7 1 10 12 1 1 10 12 1 1 10 12 1 1 10 12 1 1 10 12 1 1 10 12 1 1 10 12 1 10 100 12 1 1 1 10 12 1 10 12 1 10 12 1 1 10 12 1 10 12 1 10 12 1 10 12 1 1 10 12 1 10 12 1 1 8 1 9 12 1 10 12 1 1 8 1 8 1 10 7 12 1 1 100 1 10 10 12 10 12 1 10 12 1 10 12 1 10 12 1 1 10 7 12 1 1 10 12 1 10 7 1 100 1 10 12 1 1 10 12 1 10 100 1 10 12 1 100 1 18 12 1 10 100 12 1 1 1 10 100 12 1 1 1 10 7 12 1 1 10 12 1 1 10 12 1 10 12 1 1 100 1 10 12 1 10 12 1 1 10 7 12 1 1 10 12 1 8 1 100 1 10 10 12 1 9 12 1 10 7 12 1 1 10 12 1 100 1 8 1 10 12 1 10 8 1 8 1 10 12 1 1 10 12 1 1 10 12 1 1 10 100 12 1 1 1 100 1 100 1 10 12 1 1 100 1 100 1 10 100 12 1 1 10 12 1 10 12 1 1 10 12 1 10 12 1 1 10 12 1 1 9 100 12 1 1 1 10 12 1 1 10 12 1 10 12 1 10 12 1 1 10 12 1 8 1 10 12 1 7 1 18 12 1 1 10 12 1 1 10 12 1 10 12 1 10 12 1 8 1 10 12 1 10 12 1 18 12 1 11 100 12 1 1 1 100 1 10 12 1 1 10 12 1 10 11 12 1 1 10 18 10 12 1 1 11 100 12 1 18 12 1 11 12 1 1 10 12 10 12 1 1 10 12 1 1 100 1 8 1 10 10 12 1 8 1 8 1 10 100 12 1 1 10 12 1 100 1 10 10 12 1 8 1 8 1 8 1 10 12 1 10 12 1 1 10 12 1 10 100 12 1 1 1 11 100 12 1 1 100 1 10 11 10 12 1 10 12 1 10 12 1 1 9 100 12 1 1 9 12 1 1 9 12 9 12 1 9 12 1 9 12 1 8 10 12 1 1 10 7 12 1 1 1 10 12 1 1 10 12 1 1 10 12 1 10 10 12 1 11 12 1 1 10 100 12 1 1 1 100 1 10 12 1 10 12 1 10 12 1 1 1 1 1 1 1 1 1 1 1 1 1 1 1 1 1 1 1 1 1 1 1 1 1 1 1 1 100 1 1 1 1 1 1 1 1 1 1 1 1 1 1 1 1 1 1 1 1 1 100 1 1 1 1 1 1 1 1 1 1 100 1 1 1 1 1 1 1 1 1 1 1 1 1 1 1 1 1 1 1 1 1 1 1 1 1 1 1 1 1 1 1 1 1 1 1 1 1 1 1 1 1 100 1 1 1 1 1 1 1 1 1 1 1 1 1 1 1 1 1 1 100 1 1 1 1 1 1 1 1 1 1 1 1 1 1 1 1 1 1 1 1 1 1 1 1 1 1 1 1 1 1 1 1 1 1 1 1 1 1 1 1 1 1 1 1 1 1 1 1 1 1 1 100 1 1 1 1 1 1 1 1 1 1 1 1 1 1 1 1 1 1 1 1 1 1 1 1 1 1 1 1 1 1 1 1 1 1 1 1 1 1 1 1 1 1 1 1 1 1 15 10 100 12 1 1 1 16 1 15 10 12 16 1 16 15 10 12 16 1 16 1 15 10 12 16 15 10 12 16 15 10 12 16 1 1 100 1 100 1 1
staticfield java/lang/ClassLoader nocerts [Ljava/security/cert/Certificate; 0 [Ljava/security/cert/Certificate;
staticfield java/lang/ClassLoader $assertionsDisabled Z 1
ciInstanceKlass jdk/internal/reflect/DelegatingClassLoader 1 1 18 10 7 12 1 1 1 100 1 1 1 1 1 1 1 1 1 1
instanceKlass java/net/URLClassLoader
instanceKlass jdk/internal/loader/BuiltinClassLoader
ciInstanceKlass java/security/SecureClassLoader 1 1 102 10 7 12 1 1 1 7 1 10 12 1 9 7 12 1 1 1 10 12 1 10 12 1 10 12 1 1 10 12 1 1 10 12 1 7 1 10 7 1 10 12 1 7 1 10 12 1 11 7 12 1 1 1 7 1 11 12 1 10 12 1 1 1 1 1 1 1 1 1 1 1 1 1 1 1 1 1 1 1 1 1 1 1 1 1 1 1 1 1 1 1 1 1 1 1 1 100 1 1 1 1
instanceKlass jdk/internal/loader/ClassLoaders$BootClassLoader
instanceKlass jdk/internal/loader/ClassLoaders$PlatformClassLoader
instanceKlass jdk/internal/loader/ClassLoaders$AppClassLoader
ciInstanceKlass jdk/internal/loader/BuiltinClassLoader 1 1 737 9 7 12 1 1 1 10 7 12 1 1 1 10 7 12 1 1 1 9 12 1 1 9 12 1 1 7 1 10 12 1 9 12 1 10 12 1 9 12 1 10 7 12 1 1 1 10 7 12 1 1 1 10 7 12 1 1 1 11 7 12 1 1 1 100 1 100 1 10 10 12 1 1 8 1 10 12 1 10 12 7 1 10 12 1 10 12 1 1 11 7 12 1 1 1 11 7 12 1 1 1 11 12 1 1 7 1 8 1 8 1 10 9 12 1 1 10 7 12 1 1 11 12 1 1 10 12 1 1 10 12 1 1 10 12 1 1 10 7 12 1 1 1 10 12 1 10 100 12 1 1 1 10 12 1 1 11 7 12 1 1 1 10 100 12 1 1 100 1 10 7 12 1 1 1 10 12 1 100 1 8 1 10 12 1 1 10 8 1 10 12 1 1 10 12 1 1 10 12 1 1 11 7 12 1 1 11 12 1 100 1 10 11 12 1 1 11 10 12 1 1 100 1 10 12 1 10 7 12 1 10 12 1 7 1 10 12 1 10 7 12 1 1 1 100 1 10 12 1 1 11 12 1 100 1 100 1 10 12 1 10 12 1 1 100 1 100 1 10 12 1 10 12 1 18 12 1 1 10 12 1 10 12 1 1 18 100 1 10 100 12 1 1 1 7 1 10 10 12 1 1 10 12 1 1 10 12 1 1 10 12 1 9 12 1 1 100 1 10 10 12 1 1 10 12 1 1 10 12 1 10 12 10 12 1 1 10 12 1 1 10 12 1 1 10 12 1 10 12 1 1 18 12 1 7 1 10 12 1 1 10 12 1 10 12 1 1 10 12 1 100 1 10 12 1 100 1 10 12 1 10 7 12 1 1 1 10 12 1 11 12 1 100 1 10 12 1 7 1 100 1 10 12 1 10 12 1 11 12 1 1 10 12 1 1 10 12 1 1 10 12 1 1 10 12 1 1 10 12 1 10 12 1 10 12 1 10 12 1 8 1 10 12 1 1 10 7 12 1 1 10 12 1 100 1 8 1 8 1 10 10 12 1 8 1 8 1 10 7 12 1 1 1 11 7 12 1 1 1 9 7 12 1 1 1 10 7 12 1 1 1 9 12 1 9 12 1 9 12 1 9 12 1 9 12 1 9 12 1 10 7 12 1 1 1 8 1 10 12 1 7 1 10 12 1 1 10 12 1 7 1 10 11 12 1 1 10 12 10 12 1 10 12 1 100 1 10 12 1 10 12 1 10 10 12 1 10 7 12 1 1 8 1 10 7 12 1 1 10 12 1 1 1 1 1 1 1 1 1 1 1 1 1 1 1 1 1 1 1 1 1 1 1 1 1 1 1 1 1 1 1 1 1 1 1 1 1 1 1 1 1 1 1 1 1 1 1 1 1 1 1 1 1 1 1 1 100 1 1 1 1 1 1 1 1 1 1 1 1 1 1 1 1 1 1 100 1 100 1 1 1 1 1 1 1 1 1 1 1 1 1 1 1 1 1 1 1 1 1 1 1 1 1 1 1 1 1 1 1 1 1 1 1 1 1 1 1 1 1 1 1 1 1 1 1 1 1 1 1 100 1 1 15 10 100 12 1 1 1 16 15 10 12 16 15 10 12 16 15 10 12 16 1 1 1 100 1 1 1 1 1 100 1 100 1 1
staticfield jdk/internal/loader/BuiltinClassLoader packageToModule Ljava/util/Map; java/util/concurrent/ConcurrentHashMap
staticfield jdk/internal/loader/BuiltinClassLoader $assertionsDisabled Z 1
ciInstanceKlass java/security/AccessController 1 1 295 10 100 12 1 1 1 10 7 12 1 1 1 10 7 12 1 1 1 10 12 1 1 10 12 1 1 10 7 12 1 1 1 10 12 1 1 10 12 1 10 12 1 1 10 12 1 100 1 8 1 10 12 1 10 12 1 10 12 1 1 10 12 1 100 1 100 1 10 12 1 1 10 12 1 10 12 1 10 12 1 1 10 7 12 1 1 1 10 12 1 1 9 100 12 1 1 1 10 100 12 1 1 1 10 12 1 10 12 1 9 100 12 1 1 1 10 12 1 10 12 1 1 9 12 1 1 10 100 1 10 11 7 12 1 1 1 10 7 12 1 1 11 7 1 100 1 10 12 1 10 12 1 10 12 1 8 1 10 12 1 1 8 1 10 100 12 1 1 1 8 1 100 1 10 10 12 1 1 10 12 1 10 7 12 1 1 1 10 12 1 8 1 10 100 12 1 1 8 1 8 1 10 12 1 8 1 10 12 1 10 12 1 1 10 12 1 1 1 1 1 1 1 1 1 1 1 1 1 1 1 1 1 1 1 1 1 1 1 1 1 1 1 1 100 1 1 1 1 1 1 1 1 1 1 1 1 1 1 1 1 1 1 1 1 1 1 1 1 1 1 1 1 1 1 1 1 1 1 100 1 100 1 1 1 1 1 1 1 1 1 3 1 1 1
staticfield java/security/AccessController $assertionsDisabled Z 1
instanceKlass jdk/internal/reflect/GeneratedConstructorAccessor4
instanceKlass jdk/internal/reflect/GeneratedConstructorAccessor3
instanceKlass jdk/internal/reflect/GeneratedConstructorAccessor2
instanceKlass jdk/internal/reflect/BootstrapConstructorAccessorImpl
instanceKlass jdk/internal/reflect/GeneratedConstructorAccessor1
instanceKlass jdk/internal/reflect/DelegatingConstructorAccessorImpl
instanceKlass jdk/internal/reflect/NativeConstructorAccessorImpl
ciInstanceKlass jdk/internal/reflect/ConstructorAccessorImpl 1 1 27 10 7 12 1 1 1 100 1 100 1 1 1 1 1 1 1 1 1 100 1 100 1 100 1 1 1
instanceKlass jdk/internal/reflect/FieldAccessorImpl
instanceKlass jdk/internal/reflect/ConstructorAccessorImpl
instanceKlass jdk/internal/reflect/MethodAccessorImpl
ciInstanceKlass jdk/internal/reflect/MagicAccessorImpl 1 1 16 10 7 12 1 1 1 100 1 1 1 1 1 1 1 1
instanceKlass jdk/internal/reflect/GeneratedMethodAccessor1
instanceKlass jdk/internal/reflect/DelegatingMethodAccessorImpl
instanceKlass jdk/internal/reflect/NativeMethodAccessorImpl
ciInstanceKlass jdk/internal/reflect/MethodAccessorImpl 1 1 25 10 7 12 1 1 1 100 1 100 1 1 1 1 1 1 1 1 1 100 1 100 1 1 1
ciInstanceKlass java/lang/Module 1 1 959 10 7 12 1 1 1 9 7 12 1 1 1 10 7 12 1 1 1 9 12 1 9 12 1 1 9 12 1 1 10 12 1 1 10 12 1 10 12 1 1 10 7 12 1 1 1 7 1 10 7 12 1 1 1 10 12 1 1 11 7 12 1 1 1 10 12 1 1 10 7 12 1 1 1 10 12 1 1 10 7 12 1 1 1 9 100 12 1 1 1 10 100 12 1 1 1 10 12 1 8 1 10 7 12 1 1 1 10 7 12 1 1 1 9 12 1 1 9 12 1 1 10 12 1 9 12 1 1 11 12 1 9 7 12 1 1 10 7 12 1 1 1 10 100 12 1 1 1 10 12 1 1 100 1 100 1 10 10 12 1 1 8 1 10 12 1 10 12 10 12 1 10 12 1 1 10 12 1 1 10 12 1 1 9 7 12 1 1 1 10 12 1 1 10 12 1 1 9 12 1 10 12 1 10 12 1 9 12 1 1 11 7 12 1 1 10 12 1 1 9 12 1 9 12 1 10 12 1 10 12 1 100 1 8 1 10 10 12 1 1 10 12 1 8 1 10 12 1 1 8 1 8 1 10 12 1 1 10 12 1 10 12 1 1 18 12 1 1 10 12 1 1 11 12 1 9 12 1 11 12 10 100 12 1 1 100 1 8 1 10 7 1 11 12 1 1 10 12 1 10 12 1 10 12 1 1 11 12 1 1 11 7 12 1 1 11 12 1 1 9 12 1 11 12 1 10 12 1 1 10 12 1 1 9 12 1 10 12 10 7 12 1 1 10 7 12 1 1 10 7 1 18 12 1 1 11 100 12 1 1 1 18 12 1 11 12 1 1 10 100 12 1 1 1 11 12 1 1 10 7 12 1 1 4 7 1 11 12 1 7 1 7 1 10 10 7 12 1 1 1 10 11 7 12 1 8 1 10 10 12 1 1 10 7 12 1 1 10 12 1 10 12 1 7 1 10 12 1 10 11 12 1 1 10 12 10 12 1 1 9 12 1 100 1 10 10 12 1 1 11 100 1 10 12 1 1 11 12 1 10 10 12 1 11 10 12 1 1 10 12 1 1 10 12 1 1 10 7 12 1 1 10 12 1 10 12 1 1 10 10 12 1 1 10 12 1 18 12 1 11 12 1 18 12 1 10 12 1 10 12 1 10 12 7 1 10 12 1 10 12 1 10 12 1 9 12 1 7 1 10 10 10 10 12 1 10 12 1 10 12 1 10 12 1 1 10 12 1 1 10 12 1 9 12 1 18 12 1 1 10 100 12 1 1 1 100 1 8 1 10 12 1 1 10 12 1 1 10 100 12 1 1 100 1 10 12 1 1 100 1 8 1 100 1 10 100 1 100 1 3 10 12 1 100 1 10 12 1 10 12 1 1 10 12 1 1 100 1 10 12 1 10 12 1 1 100 1 100 1 10 12 8 1 10 12 1 1 10 12 1 1 10 100 12 1 1 10 12 1 1 10 12 1 10 12 10 12 1 1 100 1 10 10 12 1 1 10 100 12 1 1 1 100 1 8 1 10 12 1 1 10 100 12 1 1 8 1 10 12 1 8 1 10 12 1 10 12 10 12 1 8 1 10 10 100 12 1 1 7 1 10 10 12 1 10 7 12 1 1 9 12 1 9 12 1 9 12 1 9 12 1 10 12 11 12 1 10 12 1 100 1 1 1 1 1 1 1 1 1 1 1 1 1 1 1 1 100 1 1 1 1 1 1 1 1 1 1 1 1 1 1 1 1 1 1 1 1 1 1 1 1 1 1 1 1 1 1 1 1 1 1 1 1 1 1 1 1 1 1 1 1 1 1 1 1 1 1 1 1 1 1 1 1 1 1 1 1 1 1 1 1 1 1 1 1 1 1 1 1 1 1 1 1 1 1 1 1 1 1 1 100 100 1 1 1 1 1 1 1 1 1 1 1 1 1 1 1 1 1 1 1 1 1 1 1 1 1 1 1 1 1 1 1 1 1 1 100 1 100 1 100 1 1 1 1 1 1 1 1 1 1 1 1 1 1 1 1 1 1 1 1 1 1 1 1 1 1 1 1 15 10 7 12 1 1 1 16 15 10 12 16 16 15 10 12 16 16 15 10 16 1 15 10 12 16 1 15 10 12 16 1 16 15 10 12 16 1 1 1 1 1 1 1 100 1 100 1 1
staticfield java/lang/Module ALL_UNNAMED_MODULE Ljava/lang/Module; java/lang/Module
staticfield java/lang/Module ALL_UNNAMED_MODULE_SET Ljava/util/Set; java/util/ImmutableCollections$Set12
staticfield java/lang/Module EVERYONE_MODULE Ljava/lang/Module; java/lang/Module
staticfield java/lang/Module EVERYONE_SET Ljava/util/Set; java/util/ImmutableCollections$Set12
staticfield java/lang/Module $assertionsDisabled Z 1
instanceKlass org/jetbrains/kotlin/com/intellij/util/containers/NotNullList
instanceKlass org/jetbrains/kotlin/com/intellij/util/containers/Stack
instanceKlass org/jetbrains/kotlin/config/MavenComparableVersion$ListItem
ciInstanceKlass java/util/ArrayList 1 1 492 10 7 12 1 1 1 7 1 9 7 12 1 1 1 9 12 1 100 1 100 1 10 8 1 10 12 1 1 10 12 1 10 12 1 1 10 12 1 9 12 1 11 7 12 1 1 1 9 12 1 1 10 12 1 1 7 10 7 12 1 1 1 9 12 1 10 12 1 10 12 1 1 10 7 12 1 1 1 10 7 12 1 1 1 10 12 1 1 10 12 1 1 10 12 1 1 10 12 1 10 12 1 1 100 1 100 1 10 12 1 10 7 12 1 1 1 10 7 12 1 1 10 12 1 10 12 10 12 1 1 10 12 1 1 10 12 1 1 7 1 10 12 1 1 10 12 1 1 10 12 1 100 1 10 11 12 1 1 11 100 12 1 1 1 11 12 1 10 12 1 10 12 1 10 12 1 1 100 1 10 12 1 1 10 10 12 1 1 10 12 1 8 1 8 1 8 1 8 1 10 12 1 1 10 12 1 1 11 12 1 100 1 10 100 12 1 1 10 12 1 10 12 1 1 10 100 12 1 1 10 12 1 10 100 12 1 1 1 11 100 12 1 1 1 10 12 1 100 1 8 1 10 7 1 10 12 1 7 1 10 12 1 10 12 1 1 7 1 10 12 1 10 12 1 1 11 100 12 1 1 100 1 10 12 1 10 12 1 1 11 7 12 1 1 10 12 1 1 10 12 1 1 10 12 1 1 10 12 1 1 11 7 12 1 1 10 12 1 1 100 1 100 1 100 1 1 1 1 5 0 1 3 1 1 1 1 1 1 1 1 1 1 1 1 1 1 1 1 1 1 1 1 1 1 1 1 1 1 1 1 1 1 1 1 1 1 1 1 1 1 1 1 1 1 1 1 1 1 1 1 1 1 1 1 1 1 1 1 1 1 1 1 1 1 1 1 1 1 1 1 1 1 1 1 1 1 1 1 1 1 1 1 1 1 1 1 1 1 1 1 1 1 1 1 1 1 1 1 100 1 1 1 1 100 1 1 1 1 1 1 1 1 1 1 1 1 1 1 1 1 1 1 1 1 1 1 1 1 1 1 1 1 1 100 1 1 1 1 1 1 1 1 1 1 1 1 1 1 1 1 1 1 100 1 100 1 1 1 1 1 1
staticfield java/util/ArrayList EMPTY_ELEMENTDATA [Ljava/lang/Object; 0 [Ljava/lang/Object;
staticfield java/util/ArrayList DEFAULTCAPACITY_EMPTY_ELEMENTDATA [Ljava/lang/Object; 0 [Ljava/lang/Object;
ciInstanceKlass java/util/concurrent/ConcurrentHashMap 1 1 1210 7 1 7 1 3 10 12 1 1 3 100 1 10 7 12 1 1 1 100 1 10 100 12 1 1 1 100 1 11 12 1 1 11 12 1 11 12 1 1 9 12 1 1 9 12 1 1 9 12 1 10 7 12 1 1 1 7 1 10 12 1 1 10 12 1 1 10 7 12 1 1 1 4 10 12 1 9 12 1 10 12 1 1 100 1 10 5 0 10 12 1 10 12 1 1 5 0 10 12 1 1 10 12 1 9 12 1 1 10 12 1 1 9 12 1 9 12 1 1 10 12 1 1 9 12 1 10 12 1 1 9 12 1 1 10 12 1 1 100 1 10 100 1 10 12 1 10 12 1 1 10 12 1 1 10 12 1 1 10 12 1 10 12 1 1 10 12 1 1 100 1 10 12 1 1 7 1 100 1 8 1 10 12 1 10 12 1 1 10 12 1 1 11 100 12 1 1 10 12 1 1 11 12 1 1 11 100 12 1 1 1 11 100 12 1 1 1 11 12 1 100 1 11 12 1 11 12 1 10 12 1 1 10 12 1 1 9 12 1 1 10 100 12 1 1 1 9 10 12 1 1 9 12 1 10 12 1 1 5 0 9 12 1 1 7 1 10 12 1 9 12 1 1 7 1 10 12 1 9 12 1 100 1 10 100 1 10 10 12 1 1 8 1 10 12 1 10 12 1 1 11 100 1 10 12 1 10 100 12 1 1 1 8 1 10 100 12 1 1 1 8 1 10 12 1 8 1 10 12 1 10 12 1 1 10 100 12 1 1 10 12 1 10 12 1 10 12 1 9 12 1 9 10 12 1 9 12 1 1 11 100 12 1 1 1 11 100 12 1 1 1 100 1 10 12 11 100 12 1 1 10 11 7 12 1 10 12 1 100 1 10 12 1 100 1 10 10 9 7 12 1 1 1 10 12 3 10 100 12 1 1 9 12 1 10 12 1 1 9 12 1 1 9 12 1 10 12 1 1 10 100 12 1 1 9 12 1 9 7 12 1 1 10 12 1 1 10 12 1 3 9 12 1 9 12 1 10 12 1 1 7 1 9 3 9 12 1 100 1 10 12 1 9 12 1 10 12 1 9 12 1 10 12 1 9 12 1 10 100 12 1 1 1 100 10 12 1 100 1 5 0 10 100 12 1 1 100 1 10 12 1 1 10 12 1 10 12 1 100 1 10 12 1 10 100 1 100 1 10 10 12 1 10 100 1 10 12 1 10 100 1 10 12 1 10 100 1 10 12 1 1 100 1 10 12 1 10 10 12 1 100 1 10 12 1 10 10 12 1 100 1 10 12 1 10 100 1 10 12 1 10 100 1 10 12 1 10 100 1 10 12 1 10 100 1 10 12 1 10 100 1 10 12 1 10 100 1 10 12 1 10 100 1 10 12 1 10 100 1 10 10 100 1 10 10 100 1 10 10 100 1 10 12 1 10 100 1 10 12 1 10 100 1 10 12 1 10 100 1 10 12 1 10 100 1 10 12 1 10 100 1 10 10 100 1 10 10 100 1 10 10 100 1 10 12 1 10 100 1 10 12 1 10 100 1 10 12 1 10 100 1 10 12 1 10 100 1 10 12 1 10 10 12 1 10 7 12 1 1 1 10 12 1 7 1 7 1 10 12 1 9 12 1 1 9 12 1 1 10 12 1 1 8 10 12 1 1 8 8 8 8 7 10 12 1 1 10 12 1 100 1 8 1 10 7 1 100 1 100 1 1 1 5 0 1 1 3 1 3 1 1 1 1 3 1 3 1 3 1 1 1 1 1 3 1 3 1 3 1 1 1 1 1 1 1 1 1 1 1 1 1 1 1 1 1 1 1 1 1 1 1 1 1 100 1 1 1 1 1 1 1 1 1 1 1 1 1 1 1 1 1 1 1 1 1 1 1 1 1 1 1 1 1 1 1 1 1 1 1 1 1 1 1 1 1 1 1 1 1 1 1 1 1 1 1 1 1 1 1 1 1 1 1 1 1 1 1 1 1 1 1 1 1 1 1 1 1 1 1 1 1 1 1 1 1 1 1 1 100 1 1 1 1 1 1 1 1 1 1 1 100 1 1 1 1 1 1 1 1 1 1 1 1 1 1 1 1 1 1 1 1 1 1 1 1 1 1 1 1 1 1 1 1 1 1 1 1 1 1 1 1 1 1 1 1 1 1 1 1 1 1 1 1 1 1 1 1 1 1 1 1 1 1 1 1 1 1 1 1 1 1 1 1 1 1 1 1 1 1 1 1 1 1 1 1 1 1 1 1 1 1 1 1 1 1 1 1 1 1 1 1 1 1 1 1 1 1 1 1 1 1 1 1 1 1 1 1 1 1 1 1 1 1 1 1 1 1 1 1 1 1 1 1 1 1 1 1 1 1 1 1 1 1 1 1 1 1 1 1 1 1 1 1 1 1 1 1 1 1 1 1 1 1 1 1 1 1 1 1 1 1 1 1 1 1 1 1 1 1 1 1 1 1 1 1 1 1 1 1 1 1 1 1 1 1 1 1 1 1 1 1 1 1 1 1 1 1 1 1 1 1 1 1 1 1 1 1 1 1 1 1 1 1 1 100 1 100 1 100 1 100 1 100 1 100 1 100 1 100 1 100 1 1 1 1 1 1 1 1 1 1 1 1 1 1 1 1 1 1 1 1 1 1 1 1 1 1 1 1 1 1 1 1 1 1 1 1 1 1 1 1 1 1 1 1 1 1 1 1 1 1 1 1 1 1 1 1 1 1
staticfield java/util/concurrent/ConcurrentHashMap NCPU I 8
staticfield java/util/concurrent/ConcurrentHashMap serialPersistentFields [Ljava/io/ObjectStreamField; 3 [Ljava/io/ObjectStreamField;
staticfield java/util/concurrent/ConcurrentHashMap U Ljdk/internal/misc/Unsafe; jdk/internal/misc/Unsafe
staticfield java/util/concurrent/ConcurrentHashMap SIZECTL J 20
staticfield java/util/concurrent/ConcurrentHashMap TRANSFERINDEX J 32
staticfield java/util/concurrent/ConcurrentHashMap BASECOUNT J 24
staticfield java/util/concurrent/ConcurrentHashMap CELLSBUSY J 36
staticfield java/util/concurrent/ConcurrentHashMap CELLVALUE J 144
staticfield java/util/concurrent/ConcurrentHashMap ABASE I 16
staticfield java/util/concurrent/ConcurrentHashMap ASHIFT I 2
ciInstanceKlass java/lang/String 1 1 1396 10 7 12 1 1 1 8 1 9 7 12 1 1 1 9 12 1 1 9 12 1 1 10 12 1 10 12 1 1 10 12 1 1 9 12 1 1 10 7 12 1 1 1 10 7 1 10 7 12 1 1 1 10 12 1 1 10 12 1 1 10 12 1 10 12 1 1 10 12 1 10 7 12 1 1 1 9 7 12 1 1 1 10 7 12 1 1 1 10 12 1 1 10 12 1 1 10 12 1 1 10 12 1 1 10 12 1 1 9 7 12 1 1 10 12 9 7 12 1 1 3 10 7 12 1 1 1 7 1 11 12 1 1 11 12 1 11 12 1 1 10 100 12 1 1 1 10 12 1 1 9 100 12 1 1 1 10 12 1 1 10 12 1 11 12 1 1 10 12 1 1 10 12 10 12 1 1 10 100 12 1 1 1 10 7 12 1 1 1 10 12 1 1 100 1 100 1 10 12 1 10 12 1 10 12 1 1 100 1 10 12 1 1 100 1 10 12 1 1 10 12 1 1 10 10 12 1 100 1 100 1 100 1 10 12 1 10 12 1 1 10 12 1 1 10 12 1 10 12 1 1 10 12 1 1 10 100 12 1 1 100 1 11 11 12 1 11 12 1 10 12 1 1 10 12 1 10 12 10 12 1 1 10 10 100 12 1 1 1 10 100 12 1 1 10 12 1 1 10 100 12 1 1 10 12 1 10 12 1 1 10 12 1 1 10 12 1 10 12 1 10 12 1 1 100 1 10 12 1 1 10 12 10 12 1 10 12 1 1 10 100 12 1 1 1 10 12 1 10 12 1 1 10 12 1 10 12 1 3 3 10 12 1 10 12 1 1 10 12 1 1 10 12 1 1 10 12 1 10 12 1 1 10 12 1 1 10 12 1 10 12 1 10 12 1 10 12 1 1 10 12 1 10 12 1 10 12 1 10 12 1 10 12 1 10 12 1 10 100 1 10 8 1 10 12 1 1 10 12 1 8 1 10 12 1 1 10 12 10 12 1 8 1 10 10 12 1 1 10 12 1 1 10 12 1 10 12 1 1 10 12 10 100 1 10 10 12 1 10 12 1 10 12 1 10 10 12 1 10 12 1 1 10 12 1 100 1 10 10 12 1 100 1 10 10 12 1 10 12 1 1 10 12 1 10 12 1 1 10 10 12 1 1 10 100 1 10 10 12 1 10 12 1 1 10 12 1 1 10 100 1 10 12 1 10 12 1 10 12 1 10 12 1 1 10 12 1 11 7 1 11 12 10 12 1 10 12 1 1 10 12 1 1 10 10 12 1 10 12 1 9 12 1 1 11 7 12 1 1 1 10 10 12 1 10 12 1 1 10 10 12 1 10 12 1 10 12 1 1 9 12 1 10 12 1 1 10 10 12 1 1 10 12 10 10 12 1 10 12 10 10 12 10 10 12 1 10 12 1 10 12 10 10 12 10 12 1 10 12 10 12 10 10 12 1 10 12 1 1 10 12 1 10 10 12 1 10 7 12 1 1 1 10 12 1 1 10 10 7 12 1 1 1 11 10 12 1 10 12 1 1 10 12 1 1 10 100 12 1 1 1 10 12 1 10 10 12 1 10 12 1 10 12 1 10 100 12 1 1 10 12 1 100 1 100 1 8 1 10 10 10 12 1 8 1 10 12 1 3 3 7 1 10 10 12 1 10 12 1 10 12 1 1 10 12 1 1 11 7 12 1 1 1 7 1 10 12 1 1 10 12 1 10 12 1 1 10 12 1 1 8 1 10 12 1 1 10 12 1 11 100 12 1 1 1 11 100 12 1 1 11 12 1 1 10 12 1 10 12 1 1 10 10 7 12 1 1 1 10 12 1 10 12 1 10 10 12 10 12 1 1 10 10 12 1 10 10 12 1 10 10 12 1 10 10 12 1 10 12 1 1 10 10 12 1 8 1 10 12 1 1 18 12 1 1 11 100 12 1 1 1 7 1 3 18 12 1 18 12 1 8 1 10 100 12 1 1 1 11 12 1 1 10 12 10 10 12 1 10 11 12 1 1 10 12 1 1 11 12 1 18 3 11 10 12 1 11 11 10 12 1 10 12 1 1 8 1 10 12 1 10 12 1 10 12 1 1 10 10 12 1 11 100 12 1 100 1 100 1 10 12 1 100 1 10 10 100 12 1 1 1 100 1 10 100 1 10 10 12 1 10 10 12 1 8 1 10 10 12 1 8 1 8 1 10 12 1 10 12 1 10 10 12 10 100 12 1 1 10 100 12 1 1 10 100 12 1 1 8 1 10 12 1 10 12 1 1 10 10 12 8 1 8 1 10 8 1 8 1 8 1 8 1 10 12 1 10 12 1 8 1 10 100 12 1 1 1 10 12 10 12 1 1 10 12 10 10 12 10 12 7 1 9 12 1 1 7 1 10 100 1 100 1 100 1 100 1 1 1 1 1 1 5 0 1 1 1 1 1 3 1 3 1 1 1 1 1 1 1 1 1 1 1 1 1 1 1 100 1 1 1 100 1 1 1 1 1 1 1 1 1 1 1 1 1 1 1 1 1 1 1 1 1 1 1 1 1 1 1 100 1 1 1 1 1 1 1 1 1 100 1 1 1 1 1 1 1 1 1 1 1 1 1 1 1 1 1 1 1 1 1 1 1 1 1 1 1 1 1 1 1 1 1 1 1 1 1 1 1 1 1 1 1 1 1 1 1 1 1 1 1 1 1 1 1 1 1 1 1 1 1 1 1 1 1 1 1 1 1 1 1 1 1 1 1 1 1 1 1 1 1 1 1 1 1 1 1 1 1 1 1 1 1 1 1 1 1 1 1 1 1 1 1 1 1 1 1 1 1 1 1 1 1 1 1 1 1 1 1 1 1 1 1 1 1 1 1 1 1 1 1 1 1 1 1 1 1 1 1 1 1 1 1 1 1 1 1 1 1 1 1 1 1 1 1 1 1 1 1 1 1 1 1 1 1 1 1 1 1 100 1 1 1 1 1 1 1 1 1 1 1 1 1 1 1 1 1 1 1 1 1 1 1 1 100 1 1 1 1 1 1 1 1 1 1 1 1 1 100 1 1 1 1 1 1 1 1 1 1 1 1 1 1 1 15 10 100 12 1 1 1 16 15 10 12 16 15 10 12 15 10 12 15 10 12 1 1 1 1 100 1 100 1 1 1
staticfield java/lang/String COMPACT_STRINGS Z 1
staticfield java/lang/String serialPersistentFields [Ljava/io/ObjectStreamField; 0 [Ljava/io/ObjectStreamField;
staticfield java/lang/String CASE_INSENSITIVE_ORDER Ljava/util/Comparator; java/lang/String$CaseInsensitiveComparator
ciInstanceKlass java/security/ProtectionDomain 1 1 324 10 7 12 1 1 1 9 7 12 1 1 1 7 1 10 9 12 1 1 9 12 1 1 9 12 1 1 10 7 12 1 1 7 1 9 12 1 9 12 1 1 7 1 9 12 1 1 9 12 1 10 100 12 1 1 10 100 12 1 1 1 10 12 1 1 10 12 1 9 12 1 9 100 12 1 1 10 12 1 1 10 100 1 10 12 1 1 8 1 100 1 8 1 10 12 1 10 10 100 12 1 1 1 10 12 1 1 8 1 11 8 1 10 12 1 8 1 8 1 10 12 1 1 10 12 1 10 12 1 1 10 12 1 8 1 10 12 1 8 1 8 1 10 100 12 1 1 1 9 100 12 1 1 1 10 12 1 1 9 100 12 1 1 1 10 100 12 1 1 1 100 1 100 1 10 12 1 10 100 12 1 1 1 10 100 1 10 12 1 10 12 1 1 11 100 12 1 1 11 12 1 100 1 11 100 12 1 1 1 10 12 1 10 11 12 1 1 11 12 1 1 10 12 1 10 7 12 1 1 10 100 12 1 1 11 12 1 10 12 8 1 8 1 10 7 12 1 1 1 7 1 10 10 7 12 1 1 1 1 1 1 1 1 1 1 100 1 1 100 1 1 1 1 1 1 1 1 1 1 1 1 1 1 1 1 1 1 1 1 1 1 1 1 1 1 1 1 1 1 1 1 1 1 1 1 1 1 1 1 1 1 100 1 1 1 1 1 100 1 1 1 1 1
staticfield java/security/ProtectionDomain filePermCompatInPD Z 0
ciInstanceKlass java/security/CodeSource 1 1 395 10 7 12 1 1 1 9 7 12 1 1 1 9 12 1 1 9 12 1 1 9 12 1 1 10 7 12 1 1 1 9 12 1 1 10 100 12 1 1 10 100 10 100 12 1 1 1 10 100 12 1 1 1 10 12 1 1 100 1 10 10 100 12 1 1 1 10 100 12 1 1 1 10 12 1 1 10 12 1 100 1 10 12 1 1 10 12 1 1 10 12 1 1 10 12 1 10 10 10 12 1 1 10 100 12 1 1 1 10 12 1 10 12 1 10 12 1 8 1 10 12 1 10 12 1 10 12 1 1 10 12 1 8 1 10 12 1 1 10 100 1 10 10 12 1 1 8 1 10 12 1 10 12 1 10 12 1 8 1 8 1 9 12 1 1 100 1 8 1 10 12 1 10 12 1 1 8 1 10 12 1 8 1 8 1 8 1 10 100 12 1 1 10 12 1 1 10 12 1 10 12 1 1 10 12 1 1 10 12 1 1 100 1 100 1 10 12 1 10 12 10 12 1 1 10 100 12 1 1 10 12 1 100 1 10 12 10 8 1 10 12 1 10 12 1 10 12 1 1 100 1 10 12 1 1 100 1 100 1 8 1 8 1 10 10 12 1 1 10 100 12 1 1 1 100 1 10 12 10 12 1 1 11 100 12 1 1 10 10 12 1 11 10 12 1 8 1 100 1 10 12 1 10 12 1 1 10 12 1 11 12 1 1 11 100 1 1 1 1 5 0 1 1 1 1 1 1 1 1 1 1 1 1 1 1 1 1 1 1 1 1 1 1 1 1 1 1 1 1 1 1 1 1 1 1 1 1 1 1 1 1 1 1 1 1 1 1 1 1 1 1 1 1 1 1 1 1 1 1 1 1 1 1 1 1 1 100 1 1 1 1 1 1 1
ciInstanceKlass java/lang/StringBuilder 1 1 409 10 7 12 1 1 1 10 12 1 10 12 1 10 12 1 1 10 7 12 1 1 1 10 7 12 1 1 1 10 12 1 10 12 1 10 12 1 10 12 1 10 12 1 10 12 1 10 12 1 10 12 1 10 12 1 10 12 1 10 12 1 10 12 1 10 12 1 10 12 1 1 10 12 1 10 12 1 1 10 12 1 1 10 12 1 10 12 1 10 12 1 10 12 1 10 12 1 10 12 1 10 12 1 10 12 10 12 1 10 12 1 10 12 1 10 12 1 1 10 12 1 10 12 1 10 12 10 12 1 1 10 12 1 1 9 12 1 1 9 12 1 1 10 7 12 1 1 1 10 7 1 10 100 12 1 1 1 10 12 1 10 12 1 1 10 12 1 1 10 10 12 1 1 10 100 12 1 1 10 12 1 10 12 1 1 100 1 100 1 8 1 10 10 12 1 1 10 12 1 1 10 12 1 10 12 1 10 12 1 10 12 1 10 12 1 10 12 1 10 12 1 10 12 1 10 12 1 10 12 1 10 12 1 10 12 1 10 12 1 10 12 1 10 12 1 1 10 12 1 1 10 12 1 10 12 1 10 12 1 10 12 10 12 10 12 1 10 12 1 10 12 1 10 12 10 12 1 10 12 1 10 12 1 10 12 1 10 12 1 10 12 1 10 12 1 10 12 1 10 12 1 1 10 12 1 10 12 1 1 10 12 1 10 12 1 1 10 12 1 10 12 1 1 10 12 1 10 12 1 10 12 1 10 10 12 1 10 12 1 100 1 100 1 100 1 1 1 1 5 0 1 1 1 1 1 1 1 1 1 1 1 1 1 1 1 1 1 1 1 1 1 1 1 1 1 1 1 1 1 1 1 1 1 1 1 1 1 1 1 1 1 1 1 100 1 1 1 100 1 1 1 1 1 1 1 1 1 1
ciInstanceKlass jdk/internal/loader/ClassLoaders 1 1 183 10 100 12 1 1 1 10 7 12 1 1 1 10 12 1 1 10 100 12 1 1 1 9 7 12 1 1 1 9 12 1 1 9 12 1 1 7 1 11 100 12 1 1 1 100 1 11 12 1 1 11 12 1 1 10 100 12 1 1 1 10 100 12 1 1 1 100 1 100 1 10 7 12 1 1 1 9 12 1 1 10 12 1 1 7 1 10 12 1 1 10 12 1 7 1 8 1 10 7 12 1 1 1 10 12 1 1 7 1 10 12 1 10 12 1 10 12 1 8 1 10 7 12 1 1 8 1 8 1 10 12 1 7 1 10 12 1 10 12 1 10 12 1 1 1 1 1 1 1 1 1 1 1 1 1 1 1 1 1 1 1 1 100 1 1 1 1 1 1 1 1 1 1 1 1 1 1 1 1 1 1 1
staticfield jdk/internal/loader/ClassLoaders JLA Ljdk/internal/access/JavaLangAccess; java/lang/System$2
staticfield jdk/internal/loader/ClassLoaders BOOT_LOADER Ljdk/internal/loader/ClassLoaders$BootClassLoader; jdk/internal/loader/ClassLoaders$BootClassLoader
staticfield jdk/internal/loader/ClassLoaders PLATFORM_LOADER Ljdk/internal/loader/ClassLoaders$PlatformClassLoader; jdk/internal/loader/ClassLoaders$PlatformClassLoader
staticfield jdk/internal/loader/ClassLoaders APP_LOADER Ljdk/internal/loader/ClassLoaders$AppClassLoader; jdk/internal/loader/ClassLoaders$AppClassLoader
ciInstanceKlass jdk/internal/misc/Unsafe 1 1 1285 10 7 12 1 1 1 9 7 12 1 1 1 9 12 1 1 10 12 1 1 10 7 12 1 1 1 10 12 1 1 10 12 1 1 10 12 1 1 10 12 1 1 10 12 1 1 10 12 1 1 10 12 1 1 10 12 1 1 10 12 1 1 10 12 1 1 10 12 1 1 10 12 1 1 10 12 1 1 10 12 1 10 12 1 100 1 10 10 12 1 1 10 12 1 1 5 0 10 12 1 1 10 12 1 1 10 7 12 1 1 1 10 12 1 1 10 12 1 10 12 1 10 12 1 1 10 12 1 1 10 12 1 10 12 1 100 1 100 1 10 8 1 10 12 1 1 10 12 1 8 1 10 12 1 1 10 12 1 10 12 1 10 12 1 1 10 12 1 10 12 1 1 10 12 1 1 10 12 1 10 12 1 10 12 1 10 12 1 1 10 12 1 10 12 1 10 12 1 1 10 12 1 5 0 5 0 5 0 10 12 1 10 12 1 10 12 1 10 12 1 10 12 1 10 12 1 10 12 1 10 12 1 10 12 1 1 10 12 1 10 12 1 100 1 8 1 10 100 1 10 10 12 1 1 10 12 1 1 10 12 1 10 12 1 1 10 12 1 1 10 12 1 10 12 1 1 10 12 1 9 7 12 1 1 9 12 1 100 1 10 10 12 1 1 8 1 10 8 1 8 1 10 12 1 1 9 7 12 1 1 1 9 100 1 9 7 1 9 100 1 9 9 100 1 9 100 1 9 100 1 10 12 1 1 10 12 1 1 10 12 1 1 10 12 1 1 5 0 5 0 9 12 1 1 10 12 1 10 12 1 10 12 1 1 10 12 1 1 10 12 1 8 1 3 10 12 1 1 10 12 1 1 10 12 1 10 12 1 1 10 12 1 1 10 12 1 10 12 1 10 12 1 10 12 1 10 12 1 10 12 1 1 10 12 1 1 10 12 1 10 12 1 10 12 1 10 12 1 10 12 1 10 12 1 1 10 12 1 1 10 12 1 10 12 1 10 12 1 10 12 1 10 12 1 10 12 1 1 10 12 1 1 10 12 1 1 10 12 1 1 10 12 1 10 12 1 10 12 1 10 12 1 10 12 1 10 12 1 10 12 1 1 10 12 1 1 10 12 1 10 12 1 10 12 1 10 12 1 10 12 1 10 12 1 10 12 1 1 10 12 1 1 10 12 1 10 12 1 10 12 1 10 12 1 10 12 1 10 12 1 10 12 1 10 12 1 1 10 12 1 10 12 1 10 12 1 10 12 1 10 12 1 1 10 12 1 10 12 1 10 12 1 10 12 1 10 12 1 10 12 1 10 12 1 10 12 1 1 10 12 1 10 12 1 10 12 1 10 12 1 10 12 1 10 12 1 1 10 12 1 10 12 1 10 12 1 1 10 12 1 10 12 1 10 12 1 10 12 1 10 12 1 10 12 1 10 12 1 10 12 1 10 12 1 10 12 1 10 12 1 10 12 1 10 12 1 10 12 1 10 12 1 10 12 1 10 12 1 10 12 1 10 12 1 10 12 1 10 12 1 10 12 1 100 1 10 100 1 10 9 12 1 5 0 10 12 1 1 5 0 10 12 1 5 0 10 12 1 10 12 1 10 12 1 1 10 12 1 1 10 12 1 10 12 1 10 12 1 10 12 1 1 10 12 1 10 12 1 10 12 1 10 12 1 10 12 1 1 10 12 1 10 12 1 10 12 1 10 12 1 1 10 12 1 10 12 1 10 12 1 1 10 12 1 10 12 1 10 12 1 10 12 1 1 10 12 1 10 10 12 1 1 10 12 1 10 12 1 1 10 12 1 10 12 5 0 5 0 5 0 10 12 1 1 10 12 1 10 12 1 10 12 10 7 12 1 1 8 1 7 1 11 12 1 1 8 1 11 12 1 1 10 7 12 1 1 10 12 1 10 12 1 10 12 1 10 12 1 10 12 1 1 10 12 1 10 12 1 10 12 1 10 12 1 10 12 1 10 12 1 10 7 1 10 12 1 9 12 1 7 1 9 12 1 7 1 9 12 1 7 1 9 12 1 7 1 9 12 1 7 1 9 12 1 7 1 9 12 1 7 1 9 12 1 7 1 9 12 1 10 12 1 9 12 1 9 12 1 9 12 1 9 12 1 9 12 1 9 12 1 9 12 1 9 12 1 9 12 1 9 12 1 1 1 3 1 1 1 1 1 1 1 1 1 1 1 1 1 1 1 1 1 1 1 1 1 1 1 1 1 1 1 1 1 1 1 1 1 1 1 1 1 1 1 1 1 1 1 1 1 1 1 1 1 1 1 1 1 1 1 1 1 1 1 1 1 1 1 1 1 1 1 1 1 1 1 1 1 1 1 1 1 1 1 1 1 1 1 1 1 1 1 1 1 100 1 1 1 1 1 1 1 1 1 1 1 1 1 1 1 1 1 1 1 1 1 1 1 1 1 1 1 1 1 1 1 1 1 1 1 1 1 1 1 1 1 1 1 1 1 1 1 1 1 1 1 1 1 1 1 1 1 1 1 1 1 1 1 1 1 1 1 1 1 1 1 1 1 1 1 1 1 1 1 1 1 1 1 1 1 1 1 1 1 1 1 1 1 1 1 1 1 1 1 1 1 1 1 1 1 1 1 1 1 1 1 1 1 1 1 1 1 1 1 1 1 1 1 1 1 1 1 1 1 1 1 1 1 1 1 1 1 1 1 1 1 1 1 1 1 1 1 1 1 1 1 1 1 1 1 1 1 1 1 1 1 1 1 1 1 1 1 1 1 1 1 1 1 1 1 1 1 1 1 1 1 1 1 1 1 1 1 1 1 1 1 1 1 1 1 1 1 1 1 1 1 1 1 1 1 1 1 3 1 1 1 1 1 1 1 1 1 1 1 1 1 1 1 1 1 1 1 1 1
staticfield jdk/internal/misc/Unsafe theUnsafe Ljdk/internal/misc/Unsafe; jdk/internal/misc/Unsafe
staticfield jdk/internal/misc/Unsafe ARRAY_BOOLEAN_BASE_OFFSET I 16
staticfield jdk/internal/misc/Unsafe ARRAY_BYTE_BASE_OFFSET I 16
staticfield jdk/internal/misc/Unsafe ARRAY_SHORT_BASE_OFFSET I 16
staticfield jdk/internal/misc/Unsafe ARRAY_CHAR_BASE_OFFSET I 16
staticfield jdk/internal/misc/Unsafe ARRAY_INT_BASE_OFFSET I 16
staticfield jdk/internal/misc/Unsafe ARRAY_LONG_BASE_OFFSET I 16
staticfield jdk/internal/misc/Unsafe ARRAY_FLOAT_BASE_OFFSET I 16
staticfield jdk/internal/misc/Unsafe ARRAY_DOUBLE_BASE_OFFSET I 16
staticfield jdk/internal/misc/Unsafe ARRAY_OBJECT_BASE_OFFSET I 16
staticfield jdk/internal/misc/Unsafe ARRAY_BOOLEAN_INDEX_SCALE I 1
staticfield jdk/internal/misc/Unsafe ARRAY_BYTE_INDEX_SCALE I 1
staticfield jdk/internal/misc/Unsafe ARRAY_SHORT_INDEX_SCALE I 2
staticfield jdk/internal/misc/Unsafe ARRAY_CHAR_INDEX_SCALE I 2
staticfield jdk/internal/misc/Unsafe ARRAY_INT_INDEX_SCALE I 4
staticfield jdk/internal/misc/Unsafe ARRAY_LONG_INDEX_SCALE I 8
staticfield jdk/internal/misc/Unsafe ARRAY_FLOAT_INDEX_SCALE I 4
staticfield jdk/internal/misc/Unsafe ARRAY_DOUBLE_INDEX_SCALE I 8
staticfield jdk/internal/misc/Unsafe ARRAY_OBJECT_INDEX_SCALE I 4
staticfield jdk/internal/misc/Unsafe ADDRESS_SIZE I 8
ciInstanceKlass java/util/Map 1 1 259 11 7 12 1 1 1 11 12 1 1 10 100 12 1 1 11 12 1 1 11 7 12 1 1 1 11 100 12 1 1 1 11 12 1 1 7 1 11 12 1 11 12 1 100 1 100 1 10 12 1 1 11 100 12 1 1 1 11 100 12 1 1 1 11 12 1 11 12 1 10 12 1 1 11 12 1 11 100 12 1 9 7 12 1 1 1 100 1 10 12 7 1 7 1 10 12 1 7 1 10 7 1 11 12 1 1 7 1 11 12 1 1 1 1 1 1 1 1 1 1 1 1 1 1 1 1 1 1 1 1 1 1 1 1 1 1 1 1 1 1 1 1 1 1 1 1 1 1 1 1 1 1 1 1 1 1 1 1 1 1 1 1 1 1 1 1 1 1 1 1 1 1 1 1 1 1 1 1 1 1 1 1 1 1 1 1 1 1 1 1 1 1 1 1 1 1 1 1 1 1 1 1 1 1 1 1 1 1 1 1 1 1 1 1 1 1 1 1 1 1 1 1 1 1 1 1 1 1 1 1 1 1 1 1 1 1 1 1 1 100 1 1 1 1 1 1 1 1 1 1 1 1 1 1 1 1 1 1
ciInstanceKlass java/lang/ThreadGroup 1 1 293 10 7 12 1 1 1 9 7 12 1 1 1 8 1 9 12 1 1 7 1 9 12 1 9 12 1 1 10 12 1 1 10 12 1 1 10 12 1 10 12 1 1 10 12 1 9 12 1 1 10 12 1 1 10 12 1 9 12 1 10 100 12 1 1 1 9 12 1 9 12 1 1 10 7 12 1 1 1 100 10 12 1 1 10 7 12 1 1 1 10 100 12 1 9 12 1 10 12 1 1 10 12 1 1 9 12 1 1 10 12 1 1 10 12 1 10 12 1 10 12 1 1 10 12 1 1 10 12 1 10 12 1 10 10 12 1 10 12 1 10 100 1 10 10 12 1 10 12 1 10 12 1 7 10 12 1 9 12 1 1 10 12 1 1 8 1 10 100 12 1 1 1 10 12 1 1 10 12 1 1 10 12 1 1 11 100 1 100 1 9 12 1 100 1 10 8 1 10 12 1 1 10 12 1 1 8 1 10 12 1 10 100 12 1 1 1 10 12 1 1 10 100 1 8 1 10 8 1 10 12 1 8 1 1 1 1 1 1 1 1 1 1 1 1 1 1 1 1 1 3 1 1 1 1 1 1 1 1 1 1 1 1 1 1 1 1 1 1 1 1 1 1 1 1 1 1 1 1 1 1 1 1 1 1 1 1 1 1 1 1 1 1
ciInstanceKlass java/util/Properties 1 1 651 10 7 12 1 1 1 100 1 10 7 12 1 1 7 1 10 12 1 9 12 1 1 9 12 1 1 9 12 1 1 10 7 12 1 1 1 10 12 1 1 8 1 10 100 12 1 1 1 100 1 10 12 1 10 12 1 1 8 1 10 12 1 100 1 10 12 10 12 1 1 9 12 1 1 10 12 1 1 7 1 10 12 1 10 12 1 10 12 1 1 100 1 8 1 10 12 1 10 12 1 10 12 1 1 10 12 1 100 1 3 10 10 100 12 1 1 1 10 12 1 10 12 1 1 8 1 10 12 1 10 12 1 1 8 1 10 100 12 1 1 10 12 1 1 10 12 1 10 12 1 1 100 1 10 12 1 10 12 1 1 100 1 9 100 12 1 1 1 10 12 1 10 12 1 1 100 1 10 10 10 12 1 1 11 100 12 1 1 1 11 100 12 1 1 1 11 12 1 1 100 1 11 12 1 11 12 1 10 12 1 1 8 1 10 12 1 10 12 1 100 1 10 10 12 1 1 10 100 12 1 1 9 100 12 1 1 10 12 1 1 10 100 12 1 1 1 100 1 100 1 100 1 10 8 1 8 1 10 12 1 10 12 1 10 12 1 1 10 10 12 1 1 10 12 1 1 100 1 10 10 12 1 11 100 12 1 1 10 100 12 1 1 1 8 1 10 100 12 1 1 11 8 1 10 100 1 11 10 12 1 10 12 1 10 12 1 10 12 1 1 10 12 1 1 10 12 1 1 10 12 1 10 12 1 10 10 12 1 10 12 1 10 12 1 10 10 12 1 1 10 12 1 1 100 1 10 10 12 1 10 12 1 10 12 1 10 12 1 10 12 1 1 10 12 1 1 10 12 1 10 12 1 10 12 1 1 10 12 10 12 1 1 10 12 1 1 10 12 1 10 12 1 1 10 12 1 1 10 12 100 1 10 11 100 12 1 1 4 11 10 12 1 1 10 100 12 1 1 11 12 1 10 12 1 1 10 100 12 1 1 10 12 1 100 1 8 1 10 12 1 10 10 100 12 1 1 1 100 1 6 0 10 12 1 1 11 100 12 1 1 1 10 12 1 10 12 1 1 1 1 1 5 0 1 1 1 1 1 1 1 1 1 1 1 1 1 1 1 1 1 1 1 1 1 1 1 1 1 1 1 1 1 1 1 1 1 1 1 1 1 1 1 1 100 1 1 1 1 1 1 1 1 1 1 1 1 1 1 1 1 1 1 1 1 100 1 1 1 1 1 1 1 100 1 100 1 1 1 1 100 1 1 1 1 1 1 1 1 1 1 1 1 1 1 1 1 1 1 1 1 1 1 1 1 1 1 1 1 1 1 1 1 1 1 1 1 1 1 1 1 1 1 1 1 1 1 1 1 1 1 1 1 1 1 1 1 1 1 1 1 1 1 1 1 1 1 1 1 1 1 1 1 1 1 1 1 100 1 1 1 1 1 1 1 1 1 100 1 1 1
staticfield java/util/Properties UNSAFE Ljdk/internal/misc/Unsafe; jdk/internal/misc/Unsafe
instanceKlass java/util/Hashtable
ciInstanceKlass java/util/Dictionary 1 1 36 10 7 12 1 1 1 100 1 1 1 1 1 1 1 1 1 1 1 1 1 1 1 1 1 1 1 1 1 1 1 1 1 1 1 1
instanceKlass java/util/Properties
ciInstanceKlass java/util/Hashtable 1 1 512 100 1 10 7 12 1 1 1 9 7 12 1 1 1 100 1 100 1 10 8 1 10 12 1 1 10 12 1 10 12 1 1 10 12 1 10 7 12 1 1 1 8 1 10 12 1 9 12 1 1 7 1 9 12 1 1 4 10 7 12 1 1 1 9 12 1 4 10 12 1 11 100 12 1 1 1 10 12 1 1 10 12 1 1 9 12 1 10 12 1 1 100 1 10 9 12 1 1 10 7 12 1 1 1 9 12 1 1 10 12 1 10 12 1 3 9 12 1 9 12 1 3 10 12 1 10 12 1 10 12 1 1 11 12 1 1 11 100 12 1 1 1 11 100 12 1 1 1 11 12 1 100 1 11 12 1 11 12 1 10 12 1 1 10 12 1 1 10 12 1 9 12 1 1 9 12 9 12 1 1 10 100 1 100 1 10 12 1 10 8 1 10 10 12 1 8 1 10 8 1 10 100 12 1 1 1 100 1 10 12 1 10 12 1 100 1 10 12 1 10 12 1 1 100 1 10 100 1 10 10 12 1 1 11 12 1 1 11 12 1 100 1 10 10 10 100 12 1 1 11 100 12 1 1 1 100 1 10 11 100 12 1 1 11 100 12 1 10 12 1 10 12 1 1 10 100 12 1 1 10 12 1 1 10 12 1 1 10 12 1 1 10 100 12 1 1 1 8 10 100 12 1 1 100 1 8 1 10 4 10 12 4 10 12 1 8 1 10 12 10 100 12 1 1 1 100 1 11 100 12 1 1 1 10 100 12 1 1 1 10 12 1 10 12 1 1 10 100 1 100 1 1 1 1 1 1 5 0 1 1 1 1 1 3 1 3 1 3 1 1 1 1 1 1 1 1 1 1 1 1 1 1 1 1 1 1 1 1 1 1 1 1 1 100 1 1 1 1 1 1 1 1 1 1 1 1 1 1 1 1 1 1 1 1 1 1 1 1 1 1 1 1 1 100 1 1 1 1 1 1 1 1 1 1 1 1 1 1 1 1 1 1 1 1 1 1 1 1 1 1 1 1 1 1 1 1 1 1 1 1 1 1 1 1 1 1 1 1 1 1 1 1 1 1 1 1 1 1 1 1 1 1 100 1 1 1 100 1 1 1 1 1 100 1 1 1 1 1 1 1 1 1 1 1 1 1 1 1 1 1 1
instanceKlass org/jetbrains/kotlin/protobuf/RopeByteString$RopeInputStream
instanceKlass org/jetbrains/kotlin/com/intellij/util/io/UnsyncByteArrayInputStream
instanceKlass org/jetbrains/kotlin/com/fasterxml/aalto/in/MergedStream
instanceKlass java/util/zip/ZipFile$ZipFileInputStream
instanceKlass java/io/FilterInputStream
instanceKlass java/io/FileInputStream
instanceKlass java/io/ByteArrayInputStream
ciInstanceKlass java/io/InputStream 1 1 184 100 1 10 7 12 1 1 1 100 1 10 10 7 12 1 1 1 10 7 12 1 1 1 10 12 1 100 1 3 10 12 1 1 100 1 8 1 10 12 1 10 100 12 1 1 1 3 100 1 8 1 10 10 100 12 1 1 1 100 1 10 11 100 12 1 1 1 10 12 1 1 11 12 1 1 11 100 12 1 1 1 11 12 1 1 100 1 10 100 12 1 1 1 5 0 10 12 1 10 12 1 1 100 1 10 8 1 10 8 1 8 1 10 12 1 1 10 100 12 1 1 1 100 1 1 1 1 3 1 3 1 1 1 1 1 1 1 1 1 1 1 1 1 1 1 1 1 1 1 1 1 1 1 1 1 1 1 1 1 1 1 1 1 1 1 1 1 1 1 1 1 1 1 1 1 1 1 1 1 1 1 1 1
ciInstanceKlass java/io/ByteArrayInputStream 1 1 96 10 7 12 1 1 1 9 7 12 1 1 1 9 12 1 1 9 12 1 9 12 1 10 100 12 1 1 1 10 7 12 1 1 1 10 7 12 1 1 1 10 100 12 1 1 1 10 12 1 1 10 100 12 1 1 1 1 1 1 1 1 1 1 1 1 1 1 1 1 1 1 1 1 1 1 1 1 1 1 1 100 1 1 1 1 1 1 1 1 1 1 1 1 1 1
instanceKlass jdk/internal/misc/InnocuousThread
instanceKlass java/lang/ref/Finalizer$FinalizerThread
instanceKlass java/lang/ref/Reference$ReferenceHandler
ciInstanceKlass java/lang/Thread 1 1 612 9 7 12 1 1 1 9 12 1 1 10 12 1 1 9 12 1 1 9 12 1 1 100 1 8 1 10 12 1 1 3 8 1 100 1 5 0 10 12 1 1 10 7 12 1 1 9 12 1 1 9 12 1 9 12 1 1 9 12 1 100 1 8 1 10 9 12 1 1 10 7 12 1 1 1 10 100 12 1 1 1 10 10 7 12 1 1 10 12 1 1 10 12 1 1 9 100 12 1 1 1 10 12 1 1 10 12 1 9 12 1 1 10 12 1 1 10 12 1 1 9 12 1 10 12 1 1 9 12 1 1 10 7 12 1 1 1 9 12 1 1 9 12 1 1 10 12 1 1 10 100 12 1 1 1 9 12 1 10 12 1 1 9 12 1 100 1 10 100 1 10 8 1 10 12 1 1 10 12 1 10 12 1 10 12 1 1 10 12 1 10 12 1 9 12 1 100 1 10 10 12 1 1 10 12 1 10 12 1 100 1 11 7 12 1 1 9 100 12 1 1 1 10 12 1 10 12 1 10 12 9 12 1 1 10 9 12 1 10 12 1 100 1 10 10 12 1 1 9 12 1 10 12 1 11 100 12 1 1 10 12 1 9 12 1 10 12 1 10 12 1 10 10 12 1 10 12 1 10 12 1 10 12 1 10 12 1 1 100 1 10 10 12 1 10 12 1 10 12 1 9 100 12 1 1 1 10 12 1 1 10 12 1 100 1 8 1 10 10 12 1 10 12 8 1 10 12 1 8 1 10 8 1 8 1 10 100 12 1 1 10 100 12 1 1 1 100 1 8 1 10 9 12 1 9 12 1 1 10 12 1 1 10 10 12 1 1 9 12 1 10 12 1 1 100 1 10 12 11 100 12 1 1 1 9 100 12 1 1 1 9 12 1 1 10 12 1 1 100 1 10 12 1 11 100 12 1 1 1 100 1 10 12 1 10 12 1 1 11 12 1 10 12 1 100 1 10 12 1 10 12 1 1 10 100 12 1 1 1 8 1 9 12 1 10 12 1 1 11 100 12 1 1 1 10 100 12 1 1 1 11 12 1 10 12 1 7 1 1 1 1 3 1 3 1 3 1 1 1 1 1 1 1 1 1 1 1 1 1 1 1 1 1 1 1 100 1 1 1 1 1 1 1 1 1 1 1 1 100 1 100 1 1 1 1 1 1 1 1 1 1 1 1 1 1 1 1 1 1 1 1 1 1 1 1 1 1 1 1 1 1 1 1 1 1 1 1 1 1 1 1 1 1 1 100 100 1 1 1 1 1 1 1 1 1 100 1 1 1 1 1 1 1 1 1 1 1 1 1 1 1 1 1 1 1 1 1 1 1 1 1 1 1 1 100 1 1 1 1 1 1 100 1 1 100 1 1 1 1 1 1
staticfield java/lang/Thread EMPTY_STACK_TRACE [Ljava/lang/StackTraceElement; 0 [Ljava/lang/StackTraceElement;
ciInstanceKlass java/lang/Math 1 1 395 10 100 12 1 1 1 10 7 12 1 1 1 10 12 1 10 12 1 10 12 1 10 12 1 10 12 1 7 1 6 0 6 0 10 12 1 10 12 1 10 12 1 10 12 1 10 12 1 10 12 1 1 10 12 1 10 12 1 10 12 1 10 12 1 10 12 1 10 7 12 1 1 1 100 1 3 3 3 10 7 12 1 1 1 100 1 5 0 5 0 5 0 5 0 5 0 9 100 12 1 1 1 10 100 12 1 1 1 100 1 8 1 10 12 1 8 1 10 12 1 1 10 12 1 1 100 1 5 0 5 0 100 1 3 5 0 3 5 0 10 12 1 10 12 1 8 1 10 12 1 8 1 9 12 1 1 9 12 1 10 12 1 1 6 0 10 12 1 9 12 1 1 100 1 10 10 12 1 100 1 10 12 1 10 12 1 1 10 12 1 10 12 1 10 12 1 10 12 1 1 10 12 1 1 10 12 1 1 10 12 6 0 10 12 1 1 10 12 1 1 10 12 10 12 1 4 10 12 1 1 10 12 1 10 12 1 10 12 10 12 1 10 12 1 10 12 1 10 12 1 10 12 1 10 12 1 10 12 1 5 0 6 0 4 6 0 4 6 0 4 10 12 1 1 9 12 1 1 10 12 1 9 12 1 10 7 12 1 1 1 4 6 0 1 1 6 0 1 6 0 1 1 1 1 1 1 1 1 1 1 1 1 1 1 1 1 1 1 1 1 1 1 1 1 1 1 1 1 1 1 1 1 1 1 1 1 1 1 1 1 1 1 1 1 1 1 1 1 1 1 1 1 1 1 1 1 1 1 1 1 1 1 1 1 1 1 1 1 1 1 1 1 1 1 1 1 1 1 1 1 1 1 1 1 1 1 1 1 1 1 1 1 1 1
staticfield java/lang/Math negativeZeroFloatBits J -2147483648
staticfield java/lang/Math negativeZeroDoubleBits J -9223372036854775808
staticfield java/lang/Math $assertionsDisabled Z 1
ciInstanceKlass java/util/Arrays 1 1 988 10 7 12 1 1 1 10 100 12 1 1 1 10 7 12 1 1 1 10 12 1 10 12 1 10 12 1 10 12 1 10 12 1 10 12 1 10 100 12 1 1 1 100 1 100 1 10 8 1 10 12 1 1 10 12 1 8 1 8 1 10 12 1 1 10 12 1 100 1 10 12 1 9 100 12 1 1 1 10 7 12 1 1 100 1 10 12 1 1 10 7 12 1 1 10 7 12 1 1 1 100 1 10 12 1 10 12 1 1 7 1 9 7 12 1 1 1 10 12 1 1 10 100 12 1 1 10 12 1 10 12 1 1 10 12 1 10 12 1 1 100 1 11 12 1 1 10 12 1 10 7 12 1 1 1 10 12 10 12 1 10 12 1 10 12 10 12 1 11 100 12 1 1 1 10 7 12 1 1 1 100 1 10 12 1 10 100 1 10 12 1 10 100 1 10 12 1 10 100 1 10 12 1 10 10 12 1 1 10 12 1 10 12 1 10 12 1 10 12 1 10 12 1 10 100 12 1 1 1 10 12 1 10 100 12 1 1 1 10 12 1 10 12 1 10 7 12 1 1 1 10 12 1 10 12 1 10 12 1 10 12 1 10 12 1 10 12 1 10 12 1 10 12 1 10 12 1 10 12 1 10 12 1 10 12 1 10 12 1 10 12 1 10 12 1 10 12 1 1 10 12 1 1 10 7 12 1 1 1 10 12 1 8 1 7 1 10 12 10 12 1 10 12 1 1 10 12 1 1 9 100 12 1 1 1 100 1 10 12 1 9 100 1 100 1 10 12 1 9 100 1 100 1 10 12 1 9 100 1 100 1 10 12 1 9 100 1 100 1 10 12 1 9 100 1 100 1 10 12 1 9 100 1 10 12 1 100 1 10 12 1 10 12 1 9 12 1 100 1 10 10 12 1 1 10 12 1 10 12 1 10 12 1 10 12 1 10 12 1 10 12 1 10 12 1 10 12 1 10 12 1 8 1 8 1 10 12 1 10 12 1 8 1 10 12 1 10 12 1 10 12 1 10 100 12 1 1 1 3 10 100 1 10 10 12 1 1 11 100 12 1 1 10 12 1 1 10 12 1 10 12 1 10 12 1 10 12 1 10 12 1 10 12 1 10 12 1 10 12 1 11 12 1 8 1 10 11 12 1 11 100 12 1 1 1 11 100 12 1 1 1 11 12 1 1 18 12 1 1 11 12 1 1 11 100 12 1 1 1 18 12 1 11 100 12 1 1 1 18 12 1 11 100 12 1 1 1 18 12 1 100 1 10 7 12 1 1 1 10 12 1 10 12 1 10 12 1 10 12 1 10 12 1 10 12 1 10 12 1 10 12 1 1 10 12 1 10 100 12 1 1 10 12 1 10 12 1 10 12 1 1 10 12 1 10 12 1 10 12 1 1 10 12 1 10 12 1 10 12 1 1 10 12 1 10 12 1 10 12 1 10 12 1 10 12 10 12 1 10 12 10 12 10 12 1 10 12 10 12 1 10 12 1 10 12 1 1 1 1 3 1 3 1 1 1 1 1 1 1 1 1 1 1 1 1 1 1 1 1 1 1 1 1 1 1 1 1 1 1 1 1 1 1 1 1 1 1 1 1 1 1 1 1 1 1 1 1 1 1 1 1 1 1 1 1 1 1 1 1 1 1 1 1 1 1 1 1 1 1 1 1 1 1 1 1 1 1 1 1 1 1 1 1 1 1 1 1 1 1 1 1 1 1 1 1 1 1 1 1 1 1 1 1 1 1 1 1 1 1 1 1 1 1 1 1 1 1 1 1 1 1 1 1 1 1 1 1 1 1 1 1 1 1 1 1 1 1 1 1 1 1 1 1 1 1 1 1 1 1 1 1 1 1 1 1 1 1 1 1 1 1 1 1 1 1 1 1 1 1 1 1 1 1 1 1 1 1 1 1 1 1 1 1 1 1 1 1 1 1 1 1 1 1 1 1 1 1 1 1 1 1 1 1 1 1 1 1 1 1 1 1 1 1 1 1 1 1 1 1 1 1 1 1 1 1 1 1 1 1 1 1 1 1 1 1 1 1 1 1 1 1 1 1 1 1 1 1 1 1 1 1 1 1 1 1 1 1 1 1 1 1 1 1 100 1 1 15 10 100 12 1 1 1 16 15 10 12 15 10 12 15 10 12 15 10 12 1 1 100 1 100 1 1 1 1 100 1 1 1 1 1 1 100 1 1 100 1 1 100 1 1 1 100 1 100 1 1
staticfield java/util/Arrays $assertionsDisabled Z 1
instanceKlass org/jetbrains/kotlin/load/java/structure/impl/classFiles/BinaryClassSignatureParser$ClsFormatException
instanceKlass java/lang/Exception
instanceKlass java/lang/Error
ciInstanceKlass java/lang/Throwable 1 1 393 10 7 12 1 1 1 9 7 12 1 1 1 9 12 1 1 9 12 1 9 12 1 1 9 12 1 10 12 1 1 9 12 1 1 10 12 1 1 10 12 1 100 1 7 1 10 8 1 10 12 1 1 8 1 10 100 12 1 1 10 10 12 1 100 1 8 1 10 10 12 1 1 10 7 12 1 1 10 12 1 8 1 9 100 12 1 1 1 10 12 1 1 100 1 10 12 10 12 1 100 1 10 10 7 12 1 1 1 11 100 12 1 1 1 10 100 12 1 1 1 10 12 1 1 10 12 1 1 8 1 10 12 1 10 12 1 1 8 1 8 1 10 12 1 1 10 12 1 8 1 8 1 9 12 1 1 10 100 12 1 1 100 1 10 11 12 1 8 1 8 1 10 7 12 1 1 8 1 10 12 1 8 1 100 1 10 12 1 9 12 1 1 10 12 1 10 100 12 1 9 12 1 1 10 12 1 1 100 1 8 1 10 12 1 10 100 12 1 1 10 12 1 1 100 1 10 100 12 1 1 1 10 12 1 11 100 12 1 1 1 11 100 12 1 1 1 11 12 1 8 1 10 12 1 1 8 1 10 10 9 100 12 1 1 1 8 1 10 12 1 1 10 100 1 8 1 10 11 12 1 1 8 1 9 12 1 10 100 12 1 1 11 9 12 1 1 11 12 1 1 100 10 12 1 10 12 1 1 100 1 1 1 1 5 0 1 1 1 1 1 1 1 1 1 1 1 1 1 100 1 1 1 1 1 1 1 1 1 1 1 1 1 1 1 1 1 1 1 1 1 1 1 1 1 1 1 1 1 1 1 1 1 1 1 1 1 1 1 1 1 1 100 1 100 1 1 1 1 1 1 1 1 1 1 1 1 1 1 1 1 1 1
staticfield java/lang/Throwable UNASSIGNED_STACK [Ljava/lang/StackTraceElement; 0 [Ljava/lang/StackTraceElement;
staticfield java/lang/Throwable SUPPRESSED_SENTINEL Ljava/util/List; java/util/Collections$EmptyList
staticfield java/lang/Throwable EMPTY_THROWABLE_ARRAY [Ljava/lang/Throwable; 0 [Ljava/lang/Throwable;
staticfield java/lang/Throwable $assertionsDisabled Z 1
instanceKlass org/jetbrains/kotlin/com/google/common/collect/RegularImmutableMap$BucketOverflowException
instanceKlass org/jetbrains/kotlin/container/InvalidCardinalityException
instanceKlass org/jetbrains/kotlin/container/ContainerConsistencyException
instanceKlass java/util/concurrent/TimeoutException
instanceKlass org/jetbrains/kotlin/com/intellij/psi/scope/MethodProcessorSetupFailedException
instanceKlass java/text/ParseException
instanceKlass javax/xml/stream/XMLStreamException
instanceKlass org/jetbrains/kotlin/com/intellij/util/cls/ClsFormatException
instanceKlass sun/nio/fs/WindowsException
instanceKlass java/net/URISyntaxException
instanceKlass java/lang/CloneNotSupportedException
instanceKlass kotlin/reflect/full/IllegalPropertyDelegateAccessException
instanceKlass kotlin/reflect/full/IllegalCallableAccessException
instanceKlass java/lang/InterruptedException
instanceKlass java/io/IOException
instanceKlass java/lang/ReflectiveOperationException
instanceKlass java/lang/RuntimeException
ciInstanceKlass java/lang/Exception 1 1 40 10 7 12 1 1 1 10 12 1 10 12 1 10 12 1 10 12 1 100 1 1 1 1 5 0 1 1 1 1 1 1 1 1 1 1 1 1 1 1
instanceKlass java/lang/reflect/InvocationTargetException
instanceKlass java/lang/InstantiationException
instanceKlass java/lang/IllegalAccessException
instanceKlass java/lang/NoSuchFieldException
instanceKlass java/lang/NoSuchMethodException
instanceKlass java/lang/ClassNotFoundException
ciInstanceKlass java/lang/ReflectiveOperationException 1 1 34 10 7 12 1 1 1 10 12 1 10 12 1 10 12 1 100 1 1 1 1 5 0 1 1 1 1 1 1 1 1 1 1 1
instanceKlass org/jetbrains/kotlin/com/intellij/psi/impl/compiled/ClsElementImpl$InvalidMirrorException
instanceKlass org/jetbrains/kotlin/com/intellij/psi/impl/compiled/OutOfOrderInnerClassException
instanceKlass org/jetbrains/kotlin/com/intellij/psi/text/BlockSupport$ReparsedSuccessfullyException
instanceKlass org/jetbrains/kotlin/lexer/KotlinLexerException
instanceKlass org/jetbrains/kotlin/protobuf/UninitializedMessageException
instanceKlass org/jetbrains/kotlin/com/intellij/openapi/util/RecursionManager$CachingPreventedException
instanceKlass org/jetbrains/kotlin/com/intellij/core/CoreJavaCodeStyleManager$1CancelException
instanceKlass org/jetbrains/kotlin/com/intellij/openapi/util/StackOverflowPreventedException
instanceKlass org/jetbrains/kotlin/com/intellij/openapi/vfs/InvalidVirtualFileAccessException
instanceKlass org/jetbrains/kotlin/com/intellij/psi/PsiInvalidElementAccessException
instanceKlass org/jetbrains/kotlin/com/fasterxml/aalto/UncheckedStreamException
instanceKlass java/util/concurrent/RejectedExecutionException
instanceKlass java/io/UncheckedIOException
instanceKlass org/jetbrains/kotlin/com/intellij/openapi/extensions/SortingException
instanceKlass org/jetbrains/kotlin/com/intellij/diagnostic/ImplementationConflictException
instanceKlass java/util/EmptyStackException
instanceKlass org/jetbrains/kotlin/com/intellij/openapi/diagnostic/RuntimeExceptionWithAttachments
instanceKlass org/jetbrains/kotlin/com/intellij/diagnostic/PluginException
instanceKlass org/jetbrains/kotlin/com/intellij/openapi/project/IndexNotReadyException
instanceKlass java/lang/SecurityException
instanceKlass org/jetbrains/kotlin/com/intellij/openapi/editor/ReadOnlyModificationException
instanceKlass org/jetbrains/kotlin/com/intellij/openapi/editor/ReadOnlyFragmentModificationException
instanceKlass org/jetbrains/kotlin/com/intellij/util/lang/CompoundRuntimeException
instanceKlass org/jetbrains/kotlin/com/intellij/util/pico/PicoException
instanceKlass org/jetbrains/kotlin/com/intellij/openapi/extensions/ExtensionNotApplicableException
instanceKlass java/util/MissingResourceException
instanceKlass java/nio/file/FileSystemNotFoundException
instanceKlass org/jetbrains/kotlin/util/ServiceLoaderLite$ServiceLoadingException
instanceKlass org/jetbrains/kotlin/compiler/plugin/PluginProcessingException
instanceKlass org/jetbrains/kotlin/compiler/plugin/CliOptionProcessingException
instanceKlass org/jetbrains/kotlin/utils/WrappedValues$WrappedProcessCanceledException
instanceKlass kotlin/KotlinNothingValueException
instanceKlass org/jetbrains/kotlin/com/intellij/util/IncorrectOperationException
instanceKlass org/jetbrains/kotlin/cli/pipeline/SuccessfulPipelineExecutionException
instanceKlass org/jetbrains/kotlin/cli/pipeline/PipelineStepException
instanceKlass java/util/ConcurrentModificationException
instanceKlass java/lang/reflect/UndeclaredThrowableException
instanceKlass java/util/NoSuchElementException
instanceKlass kotlin/NoWhenBranchMatchedException
instanceKlass java/lang/IndexOutOfBoundsException
instanceKlass java/lang/UnsupportedOperationException
instanceKlass kotlin/UninitializedPropertyAccessException
instanceKlass java/lang/IllegalStateException
instanceKlass org/jetbrains/kotlin/cli/jvm/compiler/CompileEnvironmentException
instanceKlass org/jetbrains/kotlin/utils/KotlinExceptionWithAttachments
instanceKlass org/jetbrains/kotlin/analyzer/CompilationErrorException
instanceKlass org/jetbrains/kotlin/com/intellij/openapi/progress/ProcessCanceledException
instanceKlass java/lang/IllegalArgumentException
instanceKlass java/lang/ArithmeticException
instanceKlass java/lang/NullPointerException
instanceKlass java/lang/IllegalMonitorStateException
instanceKlass java/lang/ArrayStoreException
instanceKlass java/lang/ClassCastException
ciInstanceKlass java/lang/RuntimeException 1 1 40 10 100 12 1 1 1 10 12 1 10 12 1 10 12 1 10 12 1 100 1 1 1 1 5 0 1 1 1 1 1 1 1 1 1 1 1 1 1 1
instanceKlass org/jetbrains/kotlin/utils/exceptions/KotlinIllegalArgumentExceptionWithAttachments
instanceKlass java/nio/charset/UnsupportedCharsetException
instanceKlass java/nio/charset/IllegalCharsetNameException
instanceKlass org/jetbrains/kotlin/container/UnresolvedServiceException
instanceKlass java/nio/file/InvalidPathException
instanceKlass java/lang/NumberFormatException
ciInstanceKlass java/lang/IllegalArgumentException 1 1 35 10 100 12 1 1 1 10 12 1 10 12 1 10 12 1 100 1 1 1 1 5 0 1 1 1 1 1 1 1 1 1 1 1 1
instanceKlass org/jetbrains/kotlin/one/util/streamex/Internals$CancelException
instanceKlass java/io/IOError
instanceKlass kotlin/reflect/jvm/internal/KotlinReflectionInternalError
instanceKlass kotlin/jvm/KotlinReflectionNotSupportedError
instanceKlass kotlin/NotImplementedError
instanceKlass java/lang/AssertionError
instanceKlass java/lang/VirtualMachineError
instanceKlass java/lang/LinkageError
instanceKlass java/lang/ThreadDeath
ciInstanceKlass java/lang/Error 1 1 40 10 7 12 1 1 1 10 12 1 10 12 1 10 12 1 10 12 1 100 1 1 1 1 5 0 1 1 1 1 1 1 1 1 1 1 1 1 1 1
instanceKlass java/lang/StackOverflowError
instanceKlass java/lang/OutOfMemoryError
instanceKlass java/lang/InternalError
ciInstanceKlass java/lang/VirtualMachineError 1 1 34 10 100 12 1 1 1 10 12 1 10 12 1 10 12 1 100 1 1 1 1 5 0 1 1 1 1 1 1 1 1 1 1 1
ciInstanceKlass java/lang/StackOverflowError 1 1 26 10 100 12 1 1 1 10 12 1 100 1 1 1 1 5 0 1 1 1 1 1 1 1 1 1
instanceKlass java/lang/IncompatibleClassChangeError
instanceKlass java/lang/UnsatisfiedLinkError
instanceKlass java/lang/BootstrapMethodError
instanceKlass java/lang/NoClassDefFoundError
ciInstanceKlass java/lang/LinkageError 1 1 31 10 7 12 1 1 1 10 12 1 10 12 1 100 1 1 1 1 5 0 1 1 1 1 1 1 1 1 1 1 1
ciInstanceKlass java/lang/ArrayStoreException 1 1 26 10 100 12 1 1 1 10 12 1 100 1 1 1 1 5 0 1 1 1 1 1 1 1 1 1
ciInstanceKlass java/lang/ThreadDeath 0 0 21 10 100 12 1 1 1 100 1 1 1 1 5 0 1 1 1 1 1 1 1
ciInstanceKlass java/lang/StackTraceElement 0 0 224 10 100 12 1 1 1 10 100 12 1 1 9 12 1 1 9 12 1 1 9 12 1 9 12 1 8 1 10 100 12 1 1 1 100 1 9 12 1 8 1 9 12 1 9 12 1 9 12 1 1 8 1 10 12 1 1 10 12 1 100 1 10 10 12 1 1 8 1 10 12 1 1 10 12 1 8 1 8 1 8 1 10 12 1 8 1 8 1 10 12 1 8 1 8 1 10 12 1 1 10 12 1 10 12 1 1 10 12 1 9 12 1 1 10 100 12 1 1 1 10 12 1 1 100 1 10 12 1 1 10 100 12 1 1 10 100 12 1 1 1 10 100 12 1 1 10 100 12 1 1 10 10 12 1 1 10 12 1 10 12 1 1 100 1 1 1 1 1 3 1 3 1 1 5 0 1 1 1 1 1 1 1 1 1 1 1 1 1 1 1 1 1 1 1 1 1 1 1 1 1 1 100 1 100 1 1 1 1 1 1 1 1 1 1 100 1 1 1 1 1 1 1 1
instanceKlass kotlin/collections/AbstractMutableCollection
instanceKlass org/jetbrains/kotlin/com/google/common/collect/ImmutableCollection
instanceKlass org/jetbrains/kotlin/it/unimi/dsi/fastutil/ints/AbstractIntCollection
instanceKlass org/jetbrains/kotlin/it/unimi/dsi/fastutil/objects/AbstractObjectCollection
instanceKlass org/jetbrains/kotlin/com/intellij/util/containers/UnsafeWeakList
instanceKlass java/util/AbstractQueue
instanceKlass org/jetbrains/kotlin/com/google/common/collect/Multimaps$Entries
instanceKlass org/jetbrains/kotlin/com/google/common/collect/AbstractMapBasedMultimap$WrappedCollection
instanceKlass java/util/HashMap$Values
instanceKlass java/util/LinkedHashMap$LinkedValues
instanceKlass org/jetbrains/kotlin/com/intellij/util/containers/ImmutableList
instanceKlass java/util/ArrayDeque
instanceKlass java/util/AbstractSet
instanceKlass java/util/ImmutableCollections$AbstractImmutableCollection
instanceKlass java/util/AbstractList
ciInstanceKlass java/util/AbstractCollection 1 1 160 10 7 12 1 1 1 10 7 12 1 1 1 10 12 1 1 11 7 12 1 1 1 11 12 1 1 10 12 1 1 10 100 12 1 1 1 10 12 1 1 10 12 1 1 10 7 12 1 1 10 7 12 1 1 1 7 1 10 100 12 1 1 1 10 100 12 1 1 1 100 1 10 11 12 1 11 7 1 10 12 1 10 12 1 10 7 12 1 1 1 11 8 1 7 1 10 10 12 1 1 8 1 10 12 1 10 12 1 1 1 1 1 1 1 1 1 1 1 1 1 1 1 1 1 1 1 1 1 1 1 1 1 1 1 1 1 1 1 1 1 1 1 1 1 1 1 1 1 1 1 1 1 1 1 1 1 1 1 1
ciInstanceKlass java/lang/Boolean 1 1 151 10 7 12 1 1 1 9 7 12 1 1 1 10 12 1 1 10 12 1 8 1 10 7 12 1 1 9 12 1 1 9 12 1 8 1 10 12 1 1 10 12 1 1 10 7 12 1 1 1 100 1 100 1 10 12 1 1 9 100 12 1 1 9 12 10 100 12 1 1 1 10 12 1 1 8 1 10 7 12 1 1 1 9 12 1 1 100 1 100 1 100 1 1 1 1 1 1 5 0 1 1 1 1 1 1 1 1 1 1 3 1 1 1 1 1 1 1 1 1 1 1 1 1 1 1 1 1 1 1 1 100 1 1 1 1 1 1 1 1 1 1 100 1 1 1 1 1 1 1 1
staticfield java/lang/Boolean TRUE Ljava/lang/Boolean; java/lang/Boolean
staticfield java/lang/Boolean FALSE Ljava/lang/Boolean; java/lang/Boolean
staticfield java/lang/Boolean TYPE Ljava/lang/Class; java/lang/Class
instanceKlass java/util/concurrent/locks/AbstractQueuedSynchronizer
ciInstanceKlass java/util/concurrent/locks/AbstractOwnableSynchronizer 1 1 32 10 7 12 1 1 1 9 7 12 1 1 1 100 1 1 1 1 5 0 1 1 1 1 1 1 1 1 1 1 1 1
instanceKlass java/lang/LiveStackFrameInfo
ciInstanceKlass java/lang/StackFrameInfo 0 0 132 10 100 12 1 1 1 9 100 12 1 1 1 9 100 1 9 12 1 1 11 100 12 1 1 1 9 12 1 1 11 12 1 1 10 12 1 1 10 100 12 1 1 1 10 12 1 11 12 1 11 12 1 1 11 12 1 10 12 1 1 9 12 1 1 10 12 1 1 10 100 12 1 1 10 12 1 1 11 12 1 1 10 12 1 9 12 1 1 10 12 1 1 100 1 8 1 10 12 1 10 100 12 1 1 1 100 1 1 1 1 1 1 1 1 1 1 1 1 1 1 1 1 1 1 100 1 1 1 1 1 1
ciInstanceKlass java/lang/LiveStackFrameInfo 0 0 97 10 100 12 1 1 1 9 100 12 1 1 1 9 12 1 9 12 1 9 12 1 9 12 1 1 100 1 10 12 1 1 10 12 1 8 1 10 12 1 1 8 1 8 1 8 1 10 100 1 10 12 1 100 1 10 12 1 100 1 100 1 1 1 3 1 3 1 1 1 1 1 1 1 1 1 1 1 1 1 1 1 1 1 1 1 1 1 1 1 1 1 1 1 100 1 1
ciInstanceKlass java/lang/Character 1 1 576 7 1 100 1 100 1 9 12 1 1 8 1 9 12 1 1 100 1 9 12 1 1 10 100 12 1 1 1 10 100 12 1 1 1 10 100 12 1 1 1 10 7 12 1 1 1 9 7 12 1 1 1 10 12 1 10 12 1 1 10 12 1 1 10 7 12 1 1 10 12 1 1 3 3 3 3 3 10 12 1 1 10 12 1 3 11 7 12 1 1 1 11 12 1 1 10 12 1 1 10 12 1 1 100 1 10 10 12 1 3 10 12 1 1 10 12 1 10 12 1 1 100 1 8 1 10 12 1 1 10 12 1 10 12 1 10 12 1 10 12 1 10 12 1 1 10 12 1 10 7 12 1 1 10 10 12 1 10 10 12 1 10 12 1 1 10 12 1 10 10 12 1 10 12 1 10 12 1 10 12 1 10 12 1 10 12 1 10 12 1 10 12 10 10 12 10 10 12 1 10 10 12 1 10 10 12 1 10 10 12 1 10 10 12 1 10 10 12 1 10 10 12 1 1 10 10 12 1 10 5 0 10 12 1 10 12 1 10 10 12 1 10 10 12 1 1 10 10 12 1 10 10 12 1 9 12 1 1 100 1 10 10 12 1 10 12 1 1 3 10 100 12 1 1 1 10 12 1 10 100 12 1 1 100 1 10 10 12 1 1 10 12 1 1 10 12 1 1 8 1 10 12 1 9 100 12 1 1 1 10 12 1 10 10 12 1 10 12 1 1 10 12 1 10 10 12 1 1 10 10 12 1 1 100 1 8 1 10 12 1 1 10 7 12 1 1 1 8 1 10 12 1 1 9 12 1 1 100 1 100 1 100 1 1 1 1 3 1 3 1 3 1 3 1 1 1 1 1 3 1 1 3 1 3 1 3 1 3 1 3 1 3 1 3 1 3 1 3 1 3 1 3 1 3 1 3 1 3 1 3 1 3 1 3 1 3 1 3 1 3 1 3 1 3 1 3 1 3 1 3 1 3 1 3 1 3 1 1 1 1 1 1 1 1 1 1 1 1 1 1 1 1 1 1 1 3 1 1 1 1 1 1 1 3 1 1 3 1 1 1 1 1 3 1 1 5 0 1 1 1 1 1 1 1 1 1 1 1 1 1 1 1 1 1 1 1 1 1 1 1 1 1 1 1 1 1 1 1 1 1 1 1 1 1 1 1 1 1 1 1 1 1 1 1 1 1 1 1 1 1 1 1 1 1 1 1 1 1 1 1 1 1 1 1 1 1 1 1 1 1 1 1 1 1 1 1 1 1 1 1 1 1 1 1 1 1 100 1 100 1 1 1 1 1 1
staticfield java/lang/Character TYPE Ljava/lang/Class; java/lang/Class
staticfield java/lang/Character $assertionsDisabled Z 1
ciInstanceKlass java/lang/Float 1 1 223 7 1 100 1 10 7 12 1 1 1 10 100 12 1 1 1 4 100 1 10 12 1 1 10 12 1 1 8 1 8 1 10 100 12 1 1 1 10 12 1 1 10 12 1 1 10 4 4 4 10 7 12 1 1 9 12 1 1 10 12 1 1 10 12 1 10 12 1 10 12 1 1 10 12 1 10 12 1 3 10 12 1 1 10 12 1 1 10 12 1 10 100 12 1 1 1 10 12 1 1 10 12 1 1 8 1 10 7 12 1 1 1 9 12 1 1 100 1 100 1 100 1 1 1 1 1 4 1 1 1 4 1 1 3 1 3 1 3 1 3 1 1 1 1 5 0 1 1 1 1 1 1 1 1 1 1 100 1 1 1 1 1 1 1 1 1 1 1 1 1 3 1 1 1 1 1 1 1 1 1 1 1 1 1 1 1 1 1 1 1 1 1 1 1 1 1 1 1 1 1 1 1 1 1 1 1 1 1 1 100 1 1 1 1 1 1 1 100 1 100 1 1
staticfield java/lang/Float TYPE Ljava/lang/Class; java/lang/Class
instanceKlass java/math/BigInteger
instanceKlass java/util/concurrent/atomic/AtomicLong
instanceKlass java/util/concurrent/atomic/AtomicInteger
instanceKlass java/lang/Long
instanceKlass java/lang/Integer
instanceKlass java/lang/Short
instanceKlass java/lang/Byte
instanceKlass java/lang/Double
instanceKlass java/lang/Float
ciInstanceKlass java/lang/Number 1 1 37 10 7 12 1 1 1 10 100 12 1 1 1 100 1 1 1 1 5 0 1 1 1 1 1 1 1 1 1 1 1 1 1 1 1 1 1
ciMethod java/lang/Number intValue ()I 0 0 1 0 -1
ciMethod java/lang/Float isNaN (F)Z 512 0 5206 0 0
ciInstanceKlass java/lang/Double 1 1 285 7 1 100 1 10 7 12 1 1 1 10 12 1 1 10 12 1 100 1 10 12 1 1 10 100 12 1 1 1 6 0 8 1 10 12 1 1 8 1 10 12 1 1 8 1 6 0 10 12 1 1 100 1 5 0 5 0 8 1 8 1 10 100 12 1 1 1 10 100 12 1 1 1 8 1 10 12 1 1 8 1 8 1 8 1 10 12 1 1 10 12 1 10 12 1 1 10 12 1 10 12 1 10 12 1 1 10 12 1 10 6 0 6 0 6 0 10 7 12 1 1 9 12 1 1 10 12 1 10 12 1 10 12 1 10 12 1 5 0 10 12 1 1 10 12 1 10 12 1 10 100 12 1 1 1 10 12 1 1 10 12 1 1 8 1 10 7 12 1 1 1 9 12 1 1 100 1 100 1 100 1 1 1 1 1 6 0 1 1 1 6 0 1 1 3 1 3 1 3 1 3 1 1 1 1 5 0 1 1 1 1 1 1 1 1 1 1 1 1 1 1 1 1 100 1 1 1 1 1 1 1 1 1 1 1 1 3 1 1 1 1 1 1 1 1 1 1 1 1 1 1 1 1 1 1 1 1 1 1 1 1 1 1 1 1 1 1 1 1 1 1 100 1 1 1 1 1 1 1 100 1 100 1 1
staticfield java/lang/Double TYPE Ljava/lang/Class; java/lang/Class
ciInstanceKlass java/lang/Byte 1 1 215 7 1 100 1 10 100 12 1 1 1 9 12 1 1 8 1 9 12 1 1 100 1 10 12 1 1 10 12 1 1 10 100 12 1 1 1 10 100 12 1 1 1 9 7 12 1 1 1 10 12 1 1 100 1 100 1 10 12 1 1 8 1 10 12 1 1 8 1 10 12 1 10 12 1 10 12 1 10 12 1 1 10 12 1 10 12 1 10 12 1 1 10 8 1 8 1 10 7 1 9 12 1 1 10 12 1 10 12 1 1 10 12 1 1 10 12 1 1 10 12 1 5 0 10 12 1 1 8 1 10 7 12 1 1 1 9 12 1 1 100 1 100 1 1 1 3 1 3 1 1 1 1 3 1 3 1 1 5 0 1 1 1 1 1 1 1 1 1 1 1 1 1 1 1 1 1 1 1 1 1 1 1 1 1 1 1 1 1 1 1 1 1 1 1 1 1 1 1 1 1 1 1 1 1 1 1 1 1 1 1 1 1 1 1
staticfield java/lang/Byte TYPE Ljava/lang/Class; java/lang/Class
ciInstanceKlass java/lang/Short 1 1 224 7 1 100 1 100 1 10 100 12 1 1 1 10 12 1 1 100 1 100 1 10 12 1 1 8 1 10 12 1 1 8 1 10 12 1 10 12 1 10 12 1 10 12 1 1 10 12 1 1 10 12 1 9 12 1 1 8 1 9 12 1 1 100 1 10 12 1 1 10 12 1 10 100 12 1 1 1 10 100 12 1 1 1 9 7 12 1 1 1 10 12 1 10 12 1 1 10 8 1 8 1 10 7 1 9 12 1 1 10 12 1 10 12 1 1 10 12 1 1 10 12 1 1 10 12 1 3 3 5 0 10 12 1 1 8 1 10 7 12 1 1 1 9 12 1 1 100 1 100 1 1 1 3 1 3 1 1 1 1 3 1 3 1 1 5 0 1 1 1 1 1 1 1 1 1 1 1 1 1 1 1 1 1 1 1 1 1 1 1 1 1 1 1 3 1 1 1 1 1 1 1 1 1 1 1 1 1 1 1 1 1 1 1 1 1 1 1 1 1 1 1 1 1
staticfield java/lang/Short TYPE Ljava/lang/Class; java/lang/Class
ciInstanceKlass java/lang/Integer 1 1 445 7 1 100 1 7 1 7 1 10 12 1 1 9 12 1 1 9 12 1 1 10 100 12 1 1 1 10 12 1 1 10 100 12 1 1 1 10 10 12 1 1 10 100 12 1 1 1 10 12 1 10 12 1 1 10 7 12 1 1 1 10 12 1 1 10 12 1 1 10 12 1 10 12 1 10 12 1 1 10 10 12 1 9 12 1 1 9 12 1 100 1 8 1 10 12 1 100 1 10 12 1 8 1 10 12 1 1 10 12 1 8 1 10 12 1 8 1 10 12 1 1 3 10 12 1 1 3 10 12 1 1 10 12 1 1 10 7 12 1 1 1 11 7 1 100 1 10 11 10 12 1 1 8 1 10 12 1 1 8 1 100 1 10 12 1 1 10 12 1 1 5 0 8 1 10 12 1 10 12 1 10 12 1 10 12 1 1 7 1 9 12 1 1 9 12 1 1 10 12 1 10 7 1 9 12 1 10 12 1 10 12 1 10 12 1 1 10 7 12 1 1 1 100 1 100 1 10 12 1 1 10 12 1 1 8 1 8 1 10 12 1 1 8 1 8 1 8 1 8 1 8 1 8 1 10 12 1 10 12 1 10 12 1 5 0 3 3 3 3 10 12 1 3 10 12 1 10 100 12 1 1 1 10 12 1 1 10 12 1 1 8 1 10 7 12 1 1 1 9 12 1 1 3 3 3 3 3 3 9 12 1 1 100 1 100 1 100 1 1 1 1 1 1 1 3 1 3 1 1 5 0 1 1 1 1 1 1 1 1 1 100 1 1 1 1 1 1 1 1 1 1 1 1 1 1 1 1 1 1 1 1 1 1 1 1 1 1 1 1 1 1 1 1 1 1 1 1 1 1 1 3 1 1 1 1 1 1 1 1 1 1 1 1 1 1 1 1 100 1 1 1 1 1 1 1 1 1 1 1 1 1 1 1 1 1 1 1 1 1 1 1 1 1 1 1 1 1 1 1 100 1 1 1 1 1 1 1 1 1 100 1 100 1 1
staticfield java/lang/Integer TYPE Ljava/lang/Class; java/lang/Class
staticfield java/lang/Integer digits [C 36
staticfield java/lang/Integer DigitTens [B 100
staticfield java/lang/Integer DigitOnes [B 100
staticfield java/lang/Integer sizeTable [I 10
ciMethod java/lang/Integer numberOfLeadingZeros (I)I 34 0 5227 0 -1
ciMethod java/lang/Integer valueOf (I)Ljava/lang/Integer; 1024 0 123135 0 -1
ciInstanceKlass java/lang/Long 1 1 506 7 1 100 1 7 1 7 1 10 12 1 1 9 12 1 1 9 7 12 1 1 1 10 100 12 1 1 1 10 12 1 1 10 100 12 1 1 1 10 10 12 10 12 1 10 12 1 10 12 1 5 0 5 0 100 1 10 12 1 1 10 12 1 1 10 12 1 10 12 1 10 12 1 10 12 1 1 10 100 12 1 1 10 12 1 10 12 1 1 10 12 1 1 10 12 1 1 10 12 1 1 10 100 12 1 1 1 10 12 1 1 10 12 1 10 12 1 10 12 1 10 12 1 1 10 10 12 1 5 0 5 0 9 12 1 1 9 12 1 5 0 100 1 8 1 10 12 1 8 1 10 12 1 8 1 8 1 10 12 1 1 5 0 10 12 1 1 5 0 10 12 1 1 10 12 1 1 10 100 12 1 1 1 11 100 1 100 1 10 11 10 12 1 1 8 1 10 12 1 1 8 1 100 1 10 12 1 1 10 12 1 8 1 8 1 11 12 1 1 10 12 1 10 12 1 10 12 1 5 0 5 0 9 7 12 1 1 1 10 12 1 10 12 1 1 8 1 8 1 10 12 1 1 8 1 8 1 8 1 8 1 8 1 8 1 10 12 1 10 12 1 10 12 1 1 10 7 1 9 12 1 1 10 12 1 10 12 1 1 10 7 12 1 1 1 100 1 100 1 10 12 1 1 10 12 1 1 5 0 10 12 1 10 12 1 5 0 5 0 5 0 10 12 1 1 5 0 5 0 10 12 1 10 12 1 10 100 12 1 1 1 10 12 1 1 10 12 1 1 8 1 10 7 12 1 1 1 9 12 1 1 100 1 100 1 100 1 1 1 1 5 0 1 1 1 1 3 1 3 1 5 0 1 1 1 1 1 1 1 1 1 100 1 1 1 1 1 1 1 1 1 1 1 1 1 1 1 1 1 1 1 1 1 1 1 1 1 1 1 1 1 1 1 1 1 1 1 1 1 1 1 1 1 1 1 1 1 1 1 1 1 1 1 1 1 1 3 1 1 1 1 1 1 1 1 1 1 1 1 1 1 1 100 1 1 1 1 1 1 1 1 1 1 1 1 1 1 1 1 1 1 1 1 1 1 1 1 1 1 1 100 1 1 1 1 1 1 1 1 1 100 1 100 1 1
staticfield java/lang/Long TYPE Ljava/lang/Class; java/lang/Class
instanceKlass java/lang/ref/PhantomReference
instanceKlass java/lang/ref/FinalReference
instanceKlass java/lang/ref/WeakReference
instanceKlass java/lang/ref/SoftReference
ciInstanceKlass java/lang/ref/Reference 1 1 195 9 7 12 1 1 1 9 7 12 1 1 10 12 1 1 10 12 1 1 9 12 1 1 10 12 1 1 9 12 1 1 9 12 1 1 7 1 10 12 1 10 7 12 1 1 10 12 1 10 12 1 1 10 12 1 9 12 1 10 12 1 1 10 12 1 10 12 1 9 12 1 100 1 100 1 10 12 1 9 12 1 9 12 1 100 1 10 10 12 1 10 10 7 12 1 1 10 7 12 1 1 1 10 12 1 1 10 7 12 1 1 7 1 8 1 10 12 1 10 12 1 1 10 12 1 1 10 12 1 7 1 10 10 7 12 1 1 1 1 1 1 1 1 1 1 1 1 1 1 1 1 1 1 1 100 1 1 1 100 1 1 1 1 1 1 1 1 1 1 1 1 1 1 1 1 1 1 1 1 1 1 1 1 1 1 1 1 1 1 1 1 1 1 1
staticfield java/lang/ref/Reference processPendingLock Ljava/lang/Object; java/lang/Object
staticfield java/lang/ref/Reference $assertionsDisabled Z 1
instanceKlass org/jetbrains/kotlin/com/intellij/util/containers/ConcurrentSoftKeySoftValueHashMap$SoftKey
instanceKlass org/jetbrains/kotlin/com/intellij/util/containers/ConcurrentSoftValueHashMap$MySoftReference
instanceKlass org/jetbrains/kotlin/com/intellij/util/containers/ConcurrentWeakKeySoftValueHashMap$SoftValue
instanceKlass org/jetbrains/kotlin/com/intellij/util/containers/SoftKeySoftValueHashMap$ValueReference
instanceKlass org/jetbrains/kotlin/com/intellij/reference/SoftReference
instanceKlass java/lang/invoke/LambdaFormEditor$Transform
ciInstanceKlass java/lang/ref/SoftReference 1 1 47 10 7 12 1 1 1 9 7 12 1 1 1 9 12 1 10 12 1 10 12 1 1 1 1 1 1 1 1 1 1 1 1 1 1 1 1 1 1 1 1 100 1 1 1 1 1
instanceKlass org/jetbrains/kotlin/com/intellij/util/containers/ConcurrentWeakValueHashMap$MyWeakReference
instanceKlass org/jetbrains/kotlin/com/intellij/util/containers/ConcurrentWeakKeySoftValueHashMap$WeakKey
instanceKlass org/jetbrains/kotlin/com/intellij/util/containers/UnsafeWeakList$MyReference
instanceKlass org/jetbrains/kotlin/com/intellij/util/containers/IntKeyWeakValueHashMap$MyReference
instanceKlass java/lang/WeakPairMap$WeakRefPeer
instanceKlass java/lang/ClassValue$Entry
instanceKlass java/util/logging/Level$KnownLevel
instanceKlass java/lang/invoke/MethodType$ConcurrentWeakInternSet$WeakEntry
instanceKlass java/lang/ThreadLocal$ThreadLocalMap$Entry
instanceKlass java/util/WeakHashMap$Entry
ciInstanceKlass java/lang/ref/WeakReference 1 1 31 10 7 12 1 1 1 10 12 1 100 1 1 1 1 1 1 1 1 1 1 1 1 1 1 1 1 1 1 1 1
instanceKlass java/lang/ref/Finalizer
ciInstanceKlass java/lang/ref/FinalReference 1 1 47 10 100 12 1 1 1 10 100 12 1 1 1 10 12 1 1 100 1 8 1 10 12 1 1 1 1 1 1 1 1 1 1 1 1 1 1 1 1 1 1 1 1 1 1 1 1
ciInstanceKlass java/lang/ref/Finalizer 1 1 152 9 7 12 1 1 1 10 100 12 1 1 1 9 12 1 1 9 12 1 1 9 12 1 9 12 1 10 12 1 10 12 1 1 9 12 1 1 100 1 10 12 1 100 1 11 100 12 1 1 100 1 10 12 1 100 1 10 12 1 10 100 12 1 1 1 10 100 12 1 1 1 100 1 10 10 12 1 10 7 12 1 1 1 7 1 10 7 1 10 10 7 12 1 1 1 10 12 1 1 10 7 12 1 1 7 1 10 12 1 10 12 1 1 10 12 1 1 10 12 1 1 1 1 1 1 1 1 1 1 1 1 1 1 1 1 1 1 1 1 1 1 1 1 1 1 1 1 1 1 1 1
staticfield java/lang/ref/Finalizer lock Ljava/lang/Object; java/lang/Object
staticfield java/lang/ref/Finalizer $assertionsDisabled Z 1
instanceKlass jdk/internal/ref/PhantomCleanable
instanceKlass jdk/internal/ref/Cleaner
ciInstanceKlass java/lang/ref/PhantomReference 1 1 39 10 100 12 1 1 1 10 7 12 1 1 1 1 1 1 1 1 1 1 1 1 1 1 1 1 1 1 1 1 1 1 1 1 1 1 1 1 1
instanceKlass java/lang/reflect/Executable
instanceKlass java/lang/reflect/Field
ciInstanceKlass java/lang/reflect/AccessibleObject 1 1 398 10 7 12 1 1 1 9 100 12 1 1 1 10 100 12 1 1 1 10 7 12 1 1 10 7 12 1 1 1 10 100 12 1 1 1 10 12 1 1 10 12 1 1 9 12 1 1 100 1 10 7 12 1 1 1 11 12 1 100 1 10 12 1 7 1 100 1 10 12 1 10 12 1 1 7 1 10 7 12 1 1 1 10 12 1 1 7 1 10 12 1 1 7 1 10 10 10 7 12 1 1 1 10 12 1 1 10 12 1 10 12 1 10 12 1 1 10 12 1 8 1 100 1 10 10 12 1 1 8 1 10 12 1 10 12 1 8 1 8 1 8 1 8 1 8 1 8 1 100 1 10 12 1 10 12 1 9 12 1 1 10 12 1 1 10 12 1 10 11 100 1 100 1 8 1 10 10 12 1 10 12 1 1 8 1 10 12 1 8 1 10 12 1 1 10 100 1 8 1 10 11 7 12 1 1 10 12 1 1 10 12 1 1 10 12 1 1 9 12 1 1 100 1 10 12 1 7 1 10 12 1 10 12 1 1 10 100 1 10 12 1 10 12 10 12 1 10 12 1 1 10 12 1 10 12 1 1 10 12 1 9 12 1 10 100 12 1 1 8 1 10 100 12 1 1 1 8 1 10 100 12 1 1 1 9 12 1 100 1 10 7 1 10 10 7 12 1 1 1 7 1 10 10 7 12 1 1 1 7 1 9 12 1 1 1 1 1 1 1 1 1 1 1 1 1 1 1 1 1 1 1 1 1 1 1 1 1 1 1 1 1 1 1 1 1 1 1 1 1 1 1 1 1 1 1 1 1 1 1 1 1 1 1 1 1 1 1 1 1 1 1 1 1 1 1 1 1 1 1 1 1 1 1 1 1 1 1 1 1 1 1 1 1 1 1 1 1
staticfield java/lang/reflect/AccessibleObject reflectionFactory Ljdk/internal/reflect/ReflectionFactory; jdk/internal/reflect/ReflectionFactory
instanceKlass java/lang/reflect/Constructor
instanceKlass java/lang/reflect/Method
ciInstanceKlass java/lang/reflect/Executable 1 1 548 10 7 12 1 1 1 10 7 12 1 1 1 10 7 12 1 1 1 11 7 12 1 1 1 10 7 12 1 1 1 10 12 1 1 10 7 12 1 1 1 10 100 12 1 1 1 10 12 1 8 1 10 10 12 1 1 10 12 1 1 10 100 12 1 1 1 18 12 1 1 11 100 12 1 1 1 8 1 8 1 8 1 10 100 12 1 1 1 11 12 1 1 100 1 8 1 8 1 10 12 1 100 1 8 1 10 12 1 8 1 11 100 12 1 1 1 100 1 10 12 1 1 11 12 1 8 1 18 8 1 10 12 1 10 12 1 1 18 8 1 10 12 1 100 1 10 12 1 10 12 1 11 100 12 1 1 10 12 1 1 8 1 8 1 10 12 1 1 10 12 1 1 10 10 12 1 100 1 10 10 12 1 10 12 1 1 10 100 12 1 1 10 12 1 10 12 1 10 12 1 1 10 100 12 1 1 10 12 1 10 12 1 10 100 12 1 1 1 10 12 1 8 1 10 12 1 10 12 1 3 100 1 8 1 10 12 1 10 12 1 10 10 12 1 10 12 1 1 8 1 8 1 8 1 9 12 1 10 12 1 100 1 8 1 9 12 1 10 12 1 10 12 1 1 10 12 1 1 10 12 1 10 12 10 12 1 100 1 10 12 1 10 12 1 1 100 1 10 100 12 1 1 1 100 1 10 7 12 1 1 1 10 12 1 1 11 7 12 1 1 10 7 12 1 1 10 100 12 1 1 1 10 12 1 1 9 12 1 10 12 1 1 10 12 1 10 12 1 1 9 100 12 1 1 1 10 100 12 1 1 1 10 12 1 10 12 1 1 9 12 1 10 10 10 10 100 12 1 1 1 10 12 1 9 12 1 10 12 1 1 9 12 1 100 1 100 1 1 1 1 1 1 1 1 1 1 1 1 1 1 1 1 1 1 1 1 1 1 1 1 1 1 1 1 1 1 1 1 1 1 100 1 1 1 1 1 1 1 1 100 1 1 1 1 1 1 1 1 1 1 1 1 100 1 1 1 1 1 1 1 1 1 1 1 1 1 1 1 1 1 1 1 1 1 1 1 1 1 1 1 1 1 1 1 1 1 1 1 1 1 1 1 1 1 100 1 1 1 1 1 1 1 1 1 1 1 1 1 1 1 1 1 1 1 1 1 100 1 100 1 1 15 10 100 12 1 1 1 16 15 16 1 16 1 15 10 12 16 1 100 1 1 100 1 100 1 1
ciInstanceKlass java/lang/reflect/Constructor 1 1 429 10 100 12 1 1 1 10 100 12 1 1 9 7 12 1 1 1 10 12 1 1 10 12 1 1 10 100 12 1 1 9 12 1 1 10 7 12 1 1 1 9 12 1 1 9 12 1 1 9 12 1 9 12 1 1 9 12 1 9 12 1 1 9 12 1 1 9 12 1 100 1 8 1 10 12 1 10 12 1 9 12 1 1 10 7 12 1 1 10 7 12 1 1 1 10 12 1 1 10 12 1 1 10 12 1 7 1 100 1 8 1 10 10 12 1 10 12 1 10 12 1 1 10 12 1 1 100 1 10 7 12 1 1 10 12 1 1 10 12 1 10 12 1 1 10 100 12 1 1 1 10 100 12 1 1 10 12 1 1 10 12 1 10 100 12 1 1 1 8 1 10 10 12 1 100 1 8 1 10 12 1 10 12 1 1 10 12 1 1 10 12 1 10 12 1 10 12 1 1 10 12 1 1 9 12 1 1 10 12 1 1 10 12 1 1 10 12 1 8 1 10 12 1 1 11 7 12 1 1 1 10 12 1 1 10 12 1 10 12 1 9 12 1 1 10 7 12 1 1 1 10 12 1 1 10 12 1 1 10 12 1 1 10 12 1 1 10 12 1 9 100 12 1 1 10 12 1 10 12 1 10 12 1 100 1 8 1 10 10 12 1 1 10 12 1 10 10 12 1 1 10 12 1 1 10 100 12 1 1 1 11 100 12 1 1 1 10 12 1 1 9 100 12 1 1 1 10 100 12 1 1 1 10 12 1 1 1 1 1 1 1 1 1 1 1 1 1 1 1 1 1 1 1 1 1 1 1 1 1 1 1 1 1 1 1 1 1 1 1 1 1 1 1 1 1 1 1 1 1 1 1 1 1 1 1 100 1 100 1 100 1 100 1 1 1 1 1 1 1 1 1 1 1 1 1 1 1 1 1 1 1 1 1 1 1 1 1 1 1 1 1 1 1 1 1 100 1 1
ciInstanceKlass java/lang/reflect/Method 1 1 446 9 7 12 1 1 1 10 100 12 1 1 1 10 100 12 1 1 9 12 1 1 10 12 1 1 10 12 1 1 10 100 12 1 1 10 7 12 1 1 1 9 12 1 1 9 12 1 9 12 1 1 9 12 1 9 12 1 9 12 1 1 9 12 1 9 12 1 1 9 12 1 9 12 1 9 12 1 1 100 1 8 1 10 12 1 10 12 1 9 12 1 1 8 1 10 7 12 1 1 10 7 12 1 1 1 10 12 1 1 10 12 1 1 10 12 1 10 12 1 1 10 12 1 1 100 1 10 12 1 1 10 12 10 7 12 1 1 10 12 1 1 10 12 1 10 12 1 10 12 1 10 7 12 1 1 1 10 12 1 1 10 7 1 10 100 12 1 1 1 10 7 12 1 1 10 12 1 1 10 12 1 1 10 12 1 10 7 12 1 1 1 10 12 1 10 8 1 10 12 1 10 12 1 7 1 8 1 8 1 8 1 10 12 1 10 12 1 1 10 12 1 1 10 10 12 1 1 10 12 1 11 100 1 9 12 1 1 10 12 1 1 10 12 1 10 12 1 1 10 12 1 1 11 7 12 1 1 1 10 12 1 10 12 1 10 12 1 10 12 1 10 12 1 9 12 1 1 10 7 12 1 1 1 10 12 1 1 10 7 12 1 1 1 10 7 12 1 1 1 10 7 12 1 1 1 11 7 12 1 1 1 10 7 12 1 1 1 7 1 100 1 100 1 10 12 1 10 12 1 1 10 12 1 100 1 8 1 10 12 1 10 10 12 1 1 10 12 1 1 10 12 1 1 10 12 1 1 8 1 10 12 1 1 1 1 1 1 1 1 1 1 1 1 1 1 1 1 1 1 1 1 1 1 1 1 1 1 1 1 1 1 1 1 1 1 1 1 1 1 1 1 1 1 1 1 1 1 1 1 1 1 1 1 1 100 1 100 1 100 1 1 1 1 1 1 1 1 1 1 1 1 1 1 1 1 1 1 1 1 1 1 1 1 1 1
ciInstanceKlass java/lang/reflect/Field 1 1 437 9 7 12 1 1 1 10 12 1 1 10 100 12 1 1 1 10 100 12 1 1 9 12 1 1 10 12 1 1 10 12 1 1 10 100 12 1 1 10 7 12 1 1 1 9 12 1 1 9 12 1 9 12 1 9 12 1 1 9 12 1 1 9 12 1 9 12 1 1 9 12 1 1 100 1 8 1 10 12 1 10 12 1 9 12 1 1 9 12 1 10 12 1 10 7 12 1 1 10 12 1 1 10 12 1 1 10 12 1 10 12 1 1 100 1 10 12 1 1 10 12 1 1 10 12 1 1 10 12 1 10 12 1 10 7 1 10 100 12 1 1 100 1 10 8 1 10 12 1 1 10 12 1 1 8 1 10 12 10 12 1 8 1 8 1 10 11 100 1 9 12 1 10 12 1 1 10 12 1 1 11 7 12 1 1 1 11 12 1 1 11 12 1 1 11 12 1 1 11 12 1 1 11 12 1 1 11 12 1 1 11 12 1 1 11 12 1 1 11 12 1 1 11 12 1 1 11 12 1 1 11 12 1 1 11 12 1 1 11 12 1 1 11 12 1 1 11 12 1 1 11 12 1 1 10 12 1 10 100 12 1 1 10 12 1 10 12 1 1 10 12 9 12 1 1 10 7 12 1 1 1 10 12 1 1 10 7 12 1 1 10 12 1 1 11 7 1 10 12 1 7 1 10 100 12 1 1 1 10 7 12 1 1 1 9 12 1 10 7 12 1 1 1 11 7 12 1 1 1 10 12 1 1 10 12 1 1 9 100 12 1 1 1 10 100 12 1 1 1 10 12 1 1 100 1 1 1 1 1 1 1 1 1 1 1 1 1 1 1 1 1 1 1 1 1 1 1 1 1 1 1 1 1 1 1 1 1 1 1 100 1 1 1 1 1 1 1 1 1 1 1 1 1 1 1 1 1 1 1 1 1 1 1 1 1 1 1 1 1 1 1 1 1 1 100 1 1 1 1 1 1 1 1 100 1 1
ciInstanceKlass java/lang/reflect/Parameter 0 0 226 10 100 12 1 1 1 9 100 12 1 1 1 9 12 1 1 9 12 1 1 9 12 1 10 12 1 1 10 12 1 1 10 100 12 1 1 1 100 1 10 10 12 1 1 11 100 12 1 1 1 10 12 1 10 100 12 1 1 1 10 12 1 1 10 12 1 10 12 1 8 1 8 1 10 100 12 1 1 1 10 12 1 10 12 10 12 1 8 1 10 12 1 9 12 1 1 10 12 1 1 9 12 1 1 10 12 1 1 10 12 1 1 10 12 1 1 10 12 1 10 10 12 1 10 100 12 1 1 1 10 12 1 1 11 100 12 1 1 10 100 12 1 1 100 1 10 100 12 1 1 1 10 12 1 1 10 12 1 1 10 12 1 1 10 12 1 1 9 12 1 100 1 10 11 12 1 1 11 12 1 1 100 1 1 1 1 1 1 1 1 1 1 1 1 1 1 1 1 1 1 1 1 1 1 1 1 1 1 1 1 1 1 1 1 1 1 1 1 1 1 100 1 1 1 1
ciInstanceKlass java/lang/StringBuffer 1 1 470 10 7 12 1 1 1 10 12 1 10 12 1 10 12 1 1 9 7 12 1 1 1 10 12 1 1 10 12 1 10 12 1 1 9 12 1 1 10 12 1 10 12 1 1 10 12 1 1 10 12 1 10 12 1 1 10 12 1 10 12 1 1 10 12 1 1 10 100 12 1 1 1 10 12 1 1 10 12 1 10 12 1 10 12 1 10 12 1 10 12 1 10 12 1 10 12 1 10 12 1 10 12 1 10 12 1 10 12 1 10 12 1 10 12 1 10 12 1 1 10 12 1 10 12 1 1 10 12 1 1 10 10 12 1 1 10 12 1 10 12 1 10 12 1 10 12 1 10 12 1 10 12 1 10 12 10 12 1 10 12 1 10 12 1 10 12 1 1 10 12 1 10 12 1 10 10 12 1 1 10 12 1 1 9 12 1 1 10 7 12 1 1 1 10 100 1 10 10 100 12 1 1 1 10 10 12 1 10 8 10 100 12 1 1 1 8 10 12 1 8 1 10 12 1 10 12 1 10 100 12 1 1 1 10 100 12 1 1 1 7 1 10 12 100 1 8 1 10 10 12 1 1 10 12 1 1 10 12 1 1 10 12 1 10 12 1 10 12 1 10 12 1 10 12 1 10 12 1 10 12 1 10 12 1 10 12 1 10 12 1 10 12 1 10 12 1 10 12 1 10 12 1 10 12 1 10 12 1 10 12 10 12 10 12 1 10 12 1 10 12 1 10 12 10 12 1 10 12 1 10 12 1 10 12 1 10 12 1 10 12 1 10 12 1 10 12 1 10 12 1 10 12 1 10 12 1 7 1 10 12 1 9 7 12 1 1 1 9 7 1 9 12 1 1 100 1 100 1 100 1 1 1 1 5 0 1 1 1 1 1 1 1 1 1 1 1 1 1 1 1 1 1 1 1 1 1 1 1 1 1 1 1 1 1 1 1 1 1 1 1 1 1 1 1 1 1 1 1 1 1 1 1 1 1 1 1 1 1 1 1 1 1 1 1 1 100 1 1 1 1 1 100 1 1 1 1 1 1 1 1 1 1 1 1 1 1 1 1 1
staticfield java/lang/StringBuffer serialPersistentFields [Ljava/io/ObjectStreamField; 3 [Ljava/io/ObjectStreamField;
instanceKlass java/lang/StringBuilder
instanceKlass java/lang/StringBuffer
ciInstanceKlass java/lang/AbstractStringBuilder 1 1 547 7 1 7 1 10 7 12 1 1 1 9 7 12 1 1 1 9 12 1 9 12 1 1 9 12 1 1 10 7 12 1 1 1 10 12 1 1 3 3 10 12 1 10 12 1 1 11 7 1 100 1 100 1 10 8 1 10 12 1 10 12 1 10 12 1 1 10 12 1 10 12 1 10 12 1 9 12 1 1 10 12 1 1 10 7 12 1 1 1 10 10 12 1 10 12 1 10 12 1 1 10 12 1 1 10 7 12 1 1 1 10 7 12 1 1 1 100 1 8 1 10 10 12 1 1 100 1 10 12 10 12 1 1 10 10 12 1 1 10 12 1 1 10 12 1 1 10 12 1 1 100 1 10 10 12 1 10 100 12 1 1 1 10 12 1 1 10 12 1 10 12 1 1 10 10 12 1 1 10 12 10 12 1 10 12 1 1 10 12 1 1 10 12 1 1 10 12 1 10 10 12 1 1 10 12 1 10 12 1 1 8 1 10 12 1 1 10 12 1 10 12 1 10 12 1 10 12 1 10 12 1 10 12 1 10 7 12 1 1 10 12 1 10 12 1 10 100 12 1 1 1 10 12 1 10 12 1 10 12 1 10 12 1 10 12 1 1 10 12 1 10 12 1 1 10 12 1 1 10 10 7 12 1 1 1 10 12 1 10 12 1 10 12 1 1 10 12 1 10 12 1 10 12 1 10 12 1 10 12 1 10 12 1 10 12 1 10 12 1 10 12 1 1 10 12 1 10 12 1 10 12 10 12 1 1 18 12 1 1 100 1 10 100 12 1 1 1 18 10 12 1 1 10 12 1 10 12 1 1 11 12 1 10 12 1 10 12 1 10 10 12 1 10 8 1 8 1 8 1 10 10 100 1 10 12 1 100 1 10 100 1 10 100 1 1 1 3 1 1 1 1 1 1 1 1 1 1 100 1 1 1 1 1 1 1 1 1 1 1 1 1 1 1 1 1 1 1 1 1 1 1 1 1 1 1 1 1 1 1 1 1 1 1 1 1 1 1 1 1 1 1 1 1 1 1 1 1 1 1 1 1 1 1 1 1 1 1 1 1 1 1 1 1 1 1 1 1 1 1 1 1 1 1 1 1 1 1 1 1 1 1 1 1 1 1 1 1 1 1 1 1 1 1 1 1 100 1 1 100 1 1 1 1 1 100 1 1 1 1 1 1 15 10 100 12 1 1 1 16 1 15 10 12 16 15 10 12 1 1 1 1 100 1 100 1 1
staticfield java/lang/AbstractStringBuilder EMPTYVALUE [B 0
ciInstanceKlass java/lang/SecurityManager 0 0 576 10 100 12 1 1 1 9 100 12 1 1 1 10 100 12 1 1 1 100 1 8 1 10 12 1 10 12 1 1 10 100 12 1 1 1 10 100 1 10 100 1 10 9 100 12 1 1 1 10 100 12 1 1 1 10 12 1 1 10 100 12 1 1 100 1 8 1 10 9 12 1 1 9 12 1 8 1 9 12 1 100 1 10 8 1 10 12 1 1 10 12 1 10 12 1 1 100 1 10 10 12 1 1 100 1 8 1 10 12 1 8 1 8 1 8 1 8 1 8 1 8 1 10 12 1 8 1 8 1 8 1 8 1 8 1 10 100 12 1 1 1 10 12 1 1 8 1 100 1 8 1 10 8 1 8 1 8 1 8 1 8 1 10 100 12 1 1 8 1 100 1 8 1 8 1 10 8 1 10 12 1 100 1 8 1 10 10 12 1 1 10 12 1 10 12 1 10 12 1 10 100 12 1 1 1 10 12 1 10 100 12 1 1 11 100 12 1 1 1 18 12 1 1 11 100 12 1 1 1 18 12 1 1 11 12 1 1 18 18 11 12 1 18 12 1 11 12 1 1 9 12 1 1 9 12 1 9 12 1 9 12 1 100 1 10 100 12 1 1 10 12 1 10 12 1 18 12 1 18 10 100 12 1 1 1 18 12 1 10 12 1 18 18 8 1 10 12 1 9 12 1 1 11 100 12 1 1 1 8 1 100 1 10 12 1 10 12 1 1 10 12 1 1 9 12 1 1 10 12 1 10 12 1 1 8 1 100 1 10 9 12 1 8 1 10 12 1 8 1 100 1 10 10 100 12 1 1 10 100 1 9 100 12 1 1 1 11 12 1 1 10 12 1 11 12 1 10 12 1 100 1 10 10 12 1 1 10 12 1 1 1 1 1 1 1 1 1 1 1 100 1 1 1 1 1 1 1 1 1 1 1 1 1 1 1 1 1 1 1 1 1 1 1 1 1 1 1 1 1 1 1 1 1 1 1 1 1 1 1 1 1 1 1 1 1 1 1 1 1 1 1 1 1 1 1 1 3 1 1 1 1 1 1 1 1 1 1 100 1 1 1 1 1 1 1 1 1 1 1 1 1 1 1 1 1 1 1 1 1 1 1 1 1 1 1 1 1 1 1 1 1 1 1 1 1 1 15 10 100 12 1 1 1 16 15 10 100 12 1 1 1 16 1 16 15 10 12 16 1 15 10 12 16 15 11 100 1 16 1 16 1 15 10 12 16 15 10 12 16 15 10 12 1 16 1 15 11 12 1 15 10 12 16 15 10 16 1 1 1 1 100 1 100 1 1
ciInstanceKlass java/security/AccessControlContext 1 1 373 9 7 12 1 1 1 9 12 1 1 10 100 12 1 1 1 8 1 10 100 12 1 1 1 10 7 12 1 1 1 9 12 1 9 12 1 1 9 12 1 1 10 7 12 1 1 100 1 10 12 1 11 100 12 1 1 1 11 12 1 11 12 1 11 12 1 1 100 1 11 12 1 1 10 12 1 10 100 12 1 1 1 9 100 12 1 1 1 10 100 12 1 1 1 11 100 12 1 1 1 10 100 1 100 1 8 1 10 12 1 10 12 1 1 100 1 10 100 12 1 1 1 9 12 1 9 12 1 9 12 1 9 12 1 1 9 12 1 1 9 12 1 9 12 1 10 7 12 1 1 1 9 12 1 10 12 1 1 10 12 1 1 8 1 10 12 1 1 10 12 1 1 10 100 12 1 1 1 100 1 10 10 12 1 1 10 100 12 1 1 1 10 8 1 10 100 12 1 1 8 1 10 100 12 1 1 8 1 8 1 10 12 1 8 1 10 12 1 8 1 10 12 1 10 12 1 10 12 1 1 8 1 8 1 100 1 10 12 1 10 12 1 1 100 1 10 12 1 8 1 10 12 1 10 12 1 10 8 1 10 12 1 1 10 12 1 1 10 12 1 1 10 12 1 1 10 12 1 10 12 1 10 12 1 10 12 1 1 10 10 10 12 1 1 1 1 1 1 1 1 1 1 1 1 1 1 1 1 1 1 1 1 1 1 1 1 100 1 1 1 1 1 1 1 1 1 1 1 1 1 1 1 1 1 1 1 1 1 1 1 1 1 1 1 1 1 1 1 1 1 1 1 1 1 1 1 1 1 1 1 1 1 1 1 1 1 1 1 1 3 1 1
ciInstanceKlass java/net/URL 1 1 743 10 7 12 1 1 1 10 12 1 10 7 12 1 1 9 12 1 1 9 12 1 10 7 12 1 1 1 10 12 1 1 10 12 1 1 9 12 1 1 10 7 12 1 1 1 8 1 10 12 1 1 100 1 10 10 12 1 1 8 1 10 12 1 1 9 12 1 100 1 8 1 10 12 1 10 12 1 8 1 9 12 1 10 12 1 1 9 12 1 10 12 1 10 12 1 9 12 1 9 12 1 8 1 9 12 1 10 12 1 1 8 1 9 12 1 1 10 12 1 1 10 7 12 1 1 1 8 1 10 12 1 7 1 10 12 1 10 12 1 10 12 1 10 12 1 1 10 12 1 1 8 1 10 12 1 1 10 12 1 8 1 9 12 1 8 1 10 12 1 10 7 12 1 1 1 100 1 10 12 1 10 12 1 1 10 7 12 1 1 1 100 1 8 1 10 10 12 1 8 1 10 12 1 1 10 12 1 10 12 1 10 12 1 10 12 1 10 12 1 8 1 10 12 1 10 10 7 12 1 1 1 10 12 1 9 100 12 1 1 1 10 100 12 1 1 1 9 12 1 1 10 12 1 10 100 12 1 1 1 100 1 100 1 10 12 1 10 12 1 10 12 1 10 12 1 10 12 1 10 12 10 10 10 12 1 100 1 10 12 1 10 12 1 1 8 1 9 100 12 1 1 1 10 100 12 1 1 1 10 12 1 1 9 100 12 1 1 1 10 12 1 1 100 1 10 12 1 10 12 1 10 10 12 1 1 10 12 1 1 10 12 1 10 12 1 10 12 1 10 7 12 1 1 1 10 12 1 1 10 12 1 9 12 1 1 9 12 1 1 100 1 8 1 10 10 12 1 9 12 1 1 10 7 12 1 1 8 1 10 100 12 1 1 8 1 10 12 1 1 10 12 1 8 1 8 1 10 7 12 1 1 1 100 1 10 100 12 1 1 1 10 12 1 10 12 1 100 1 10 9 12 1 1 10 7 12 1 1 8 1 10 12 1 1 100 1 10 10 100 12 1 1 1 8 9 100 12 1 1 1 10 12 1 10 12 1 10 12 1 10 12 1 10 100 12 1 1 11 7 12 1 1 10 12 1 10 12 1 9 12 1 10 12 1 1 10 100 12 1 1 10 100 12 1 1 1 8 10 100 12 1 1 100 1 10 8 8 10 12 1 8 8 8 100 1 10 12 1 9 12 1 1 10 12 1 10 12 1 1 10 12 1 10 12 10 12 1 1 10 12 1 1 10 10 10 12 1 10 12 1 10 12 1 10 12 1 10 12 1 10 10 12 1 100 1 8 1 10 10 10 12 1 1 10 12 1 10 12 1 1 8 1 7 1 10 10 10 7 1 10 12 1 9 7 12 1 1 1 9 12 1 1 7 1 10 10 7 12 1 1 1 100 1 1 1 1 1 5 0 1 1 1 1 1 1 1 1 1 1 1 1 1 1 1 1 1 1 1 1 1 1 1 1 1 1 1 1 1 1 1 1 1 1 1 1 1 1 1 100 1 1 1 1 1 1 1 1 1 1 1 1 1 1 1 1 1 1 1 1 1 1 1 1 1 1 1 1 1 1 1 1 1 1 1 1 1 100 1 1 1 1 1 1 1 1 1 1 1 1 1 1 1 1 100 1 1 1 1 1 1 1 1 1 1 1 1 1 1 1 1 1 1
staticfield java/net/URL defaultFactory Ljava/net/URLStreamHandlerFactory; java/net/URL$DefaultFactory
staticfield java/net/URL streamHandlerLock Ljava/lang/Object; java/lang/Object
staticfield java/net/URL serialPersistentFields [Ljava/io/ObjectStreamField; 7 [Ljava/io/ObjectStreamField;
ciInstanceKlass java/util/jar/Manifest 1 1 336 10 7 12 1 1 1 7 1 10 9 7 12 1 1 1 7 1 10 9 12 1 1 9 12 1 1 10 12 1 10 12 1 1 10 12 1 1 10 12 1 1 10 12 1 1 11 7 1 11 12 1 1 10 12 1 1 10 100 12 1 1 1 100 1 100 1 10 8 1 10 12 1 1 10 12 1 1 10 12 1 10 12 1 11 100 1 10 12 1 10 12 1 1 11 12 1 1 10 12 1 11 12 1 1 11 100 12 1 1 1 11 100 12 1 1 11 12 1 1 100 1 10 12 1 8 1 11 12 1 100 1 10 12 1 1 11 12 1 10 12 1 10 12 1 10 100 12 1 1 1 8 1 10 12 1 1 10 9 100 12 1 1 1 10 12 1 1 10 100 12 1 10 12 1 10 12 1 9 100 12 1 1 1 8 1 10 12 1 8 1 8 1 7 1 10 12 1 10 12 1 10 12 1 1 100 1 8 1 10 12 1 1 8 1 10 10 12 1 1 8 1 10 12 1 1 10 100 12 1 1 1 10 12 1 10 11 12 1 1 10 12 1 10 100 12 1 1 1 10 12 1 1 10 12 1 1 11 10 12 1 11 10 12 1 100 1 1 1 1 1 1 1 1 1 1 1 1 1 1 1 1 1 1 1 1 1 1 1 1 1 1 1 1 1 1 1 1 1 1 1 1 1 1 1 1 1 1 1 100 1 1 1 1 1 1 1 1 1 1 1 1 1 1 100 1 1 1 1 1 1 1 1 1 1 1
ciInstanceKlass java/util/Objects 1 1 151 10 7 12 1 1 1 100 1 8 1 10 12 1 10 12 1 1 10 7 12 1 1 1 10 12 1 1 10 12 1 10 100 12 1 1 1 10 12 1 1 11 100 12 1 1 1 100 1 10 10 12 1 8 1 10 100 12 1 1 1 8 1 100 1 11 12 1 1 8 1 10 7 12 1 1 1 10 12 1 1 10 12 1 10 12 1 10 12 1 10 12 1 1 1 1 1 1 1 1 1 1 1 1 1 1 1 1 1 1 1 1 1 1 1 1 1 1 1 1 1 1 1 1 1 1 1 1 1 1 1 1 1 1 1 1 1 1 1 1 1 1 1 1 1 1 1 1 1 1 1
ciInstanceKlass java/lang/Iterable 1 1 62 10 7 12 1 1 1 11 7 12 1 1 1 11 7 12 1 1 1 11 12 1 1 11 7 12 1 1 1 10 100 12 1 1 1 100 1 1 1 1 1 1 1 1 1 1 1 1 1 1 1 1 1 1 1 1 1 1 1 1 1 1
instanceKlass kotlin/collections/AbstractMutableMap
instanceKlass java/util/Collections$SingletonMap
instanceKlass org/jetbrains/kotlin/protobuf/SmallSortedMap
instanceKlass org/jetbrains/kotlin/com/intellij/util/containers/ConcurrentRefHashMap
instanceKlass org/jetbrains/kotlin/com/intellij/util/containers/RefHashMap
instanceKlass java/util/EnumMap
instanceKlass java/util/TreeMap
instanceKlass java/util/IdentityHashMap
instanceKlass java/util/WeakHashMap
instanceKlass java/util/Collections$EmptyMap
instanceKlass sun/util/PreHashedMap
instanceKlass java/util/HashMap
instanceKlass java/util/ImmutableCollections$AbstractImmutableMap
instanceKlass java/util/concurrent/ConcurrentHashMap
ciInstanceKlass java/util/AbstractMap 1 1 192 10 7 12 1 1 1 10 7 12 1 1 1 11 7 12 1 1 1 10 11 12 1 1 11 7 12 1 1 1 11 12 1 1 7 1 11 12 1 10 12 1 1 11 12 1 100 1 10 11 12 1 11 7 1 10 12 1 1 11 12 1 9 12 1 1 7 1 10 12 1 9 12 1 1 100 1 10 11 11 12 1 1 11 12 1 100 1 100 1 11 12 1 8 1 100 1 10 10 12 1 1 8 1 10 12 1 10 12 1 1 10 12 1 1 1 1 1 1 1 1 1 1 1 1 1 1 1 1 1 1 1 1 1 1 1 1 1 1 1 1 1 1 1 1 1 1 1 1 1 1 1 1 100 1 1 1 1 1 1 1 1 1 1 1 1 1 1 1 1 100 1 1 1 1 1 1 1 1 1 100 1 100 1 100 1 100 1 1 1 1 1
ciInstanceKlass java/util/Collection 1 1 115 11 100 12 1 1 1 100 1 11 7 12 1 1 1 10 100 12 1 1 1 11 12 1 1 11 100 12 1 1 1 11 12 1 1 11 100 12 1 1 1 11 12 1 1 10 100 12 1 1 1 11 12 1 10 7 12 1 1 1 100 1 100 1 1 1 1 1 1 1 1 1 1 1 1 1 1 1 1 1 1 1 1 1 1 1 1 1 1 1 1 1 1 1 1 1 1 1 1 1 1 1 1 1 1 1 1 1 1 1 1 1 1 1 1
ciInstanceKlass java/util/List 1 1 217 10 100 12 1 1 1 11 100 12 1 1 1 11 100 12 1 1 1 11 12 1 1 11 100 12 1 1 11 12 1 1 11 12 1 1 10 100 12 1 1 1 100 1 100 1 10 12 1 1 100 1 10 100 12 1 1 1 9 7 12 1 1 1 7 1 10 12 10 12 1 7 1 10 12 1 1 10 12 1 10 12 1 1 100 1 1 1 1 1 1 1 1 1 1 1 1 1 1 1 1 1 1 1 1 1 1 1 1 1 1 1 1 1 1 1 1 1 1 1 1 1 1 1 1 1 1 1 1 1 1 1 1 1 1 100 1 100 1 1 1 1 1 1 1 1 1 1 1 1 1 1 1 1 1 1 1 1 1 1 1 1 1 1 1 1 1 1 1 1 1 1 1 1 1 1 1 1 1 1 1 1 1 1 1 1 1 1 1 1 1 1 1 1 1 1 1 1 1 1 1 1 1 1 1 1 1 1 1 1 100 1 1 100 1 1 1
instanceKlass org/jetbrains/kotlin/com/intellij/psi/stubs/StubList$1
instanceKlass java/util/AbstractList$SubList
instanceKlass org/jetbrains/kotlin/com/intellij/util/containers/ContainerUtilRt$EmptyList
instanceKlass org/jetbrains/kotlin/com/intellij/psi/stubs/StubList
instanceKlass org/jetbrains/kotlin/com/intellij/lang/impl/PsiBuilderImpl$1
instanceKlass org/jetbrains/kotlin/com/intellij/lang/impl/PsiBuilderImpl$RelativeTokenTypesView
instanceKlass java/util/AbstractSequentialList
instanceKlass org/jetbrains/kotlin/protobuf/UnmodifiableLazyStringList
instanceKlass org/jetbrains/kotlin/protobuf/LazyStringArrayList
instanceKlass java/util/ArrayList$SubList
instanceKlass org/jetbrains/kotlin/com/intellij/util/containers/DisposableWrapperList
instanceKlass org/jetbrains/kotlin/com/intellij/util/SmartList
instanceKlass kotlin/collections/AbstractMutableList
instanceKlass java/util/Vector
instanceKlass java/util/Collections$SingletonList
instanceKlass org/jetbrains/kotlin/utils/SmartList
instanceKlass java/util/Arrays$ArrayList
instanceKlass java/util/Collections$EmptyList
instanceKlass java/util/ArrayList
ciInstanceKlass java/util/AbstractList 1 1 218 10 7 12 1 1 1 9 7 12 1 1 1 10 12 1 1 10 12 1 1 100 1 10 10 12 1 1 11 7 12 1 1 1 11 12 1 1 11 12 1 10 100 12 1 1 1 10 12 1 11 12 1 11 12 1 11 12 1 10 12 1 1 10 12 1 1 11 100 12 1 1 1 11 100 1 11 7 1 10 12 1 7 1 10 12 1 10 12 1 1 7 1 7 1 10 12 1 7 1 10 100 1 100 1 10 8 1 10 12 1 1 10 12 1 10 12 1 1 10 12 1 8 1 100 1 8 1 8 1 8 1 10 100 1 11 10 10 12 1 11 12 1 10 12 1 1 8 1 8 1 1 1 1 1 1 1 1 1 1 1 1 1 1 1 1 1 1 1 1 1 1 1 1 1 1 1 1 1 1 1 1 1 1 1 1 1 1 1 1 1 1 1 1 1 1 1 1 1 1 1 1 1 1 1 1 1 1 100 1 100 1 1 1 1 1 1 1
ciMethod java/util/Objects checkIndex (II)I 512 0 238710 0 -1
ciInstanceKlass java/lang/AssertionStatusDirectives 0 0 24 10 100 12 1 1 1 100 1 1 1 1 1 1 1 1 1 1 1 1 1 1 1 1
ciInstanceKlass java/lang/invoke/MethodHandleNatives$CallSiteContext 1 1 49 10 7 12 1 1 1 7 1 10 10 7 12 1 1 1 10 7 12 1 1 1 10 7 12 1 1 1 100 1 1 1 1 1 1 1 1 1 1 1 1 1 1 1 1 1 100 1 1
ciInstanceKlass jdk/internal/invoke/NativeEntryPoint 0 0 92 10 100 12 1 1 1 9 100 12 1 1 1 10 100 12 1 1 1 100 1 9 12 1 9 12 1 9 12 1 1 9 12 1 1 9 12 1 1 100 1 8 1 10 12 1 11 100 12 1 1 1 10 12 1 1 10 12 1 11 100 12 1 1 11 12 1 10 12 1 1 10 12 1 1 1 1 1 1 1 1 1 1 1 1 1 1 1 1 1 1 1
instanceKlass java/lang/invoke/VolatileCallSite
instanceKlass java/lang/invoke/MutableCallSite
instanceKlass java/lang/invoke/ConstantCallSite
ciInstanceKlass java/lang/invoke/CallSite 1 1 302 10 7 12 1 1 1 10 7 12 1 1 1 9 7 12 1 1 1 10 12 1 1 9 12 1 1 10 7 12 1 1 1 10 12 1 100 1 10 12 1 1 10 12 1 1 9 100 12 1 1 1 10 100 12 1 1 10 12 1 1 100 1 100 1 10 10 100 12 1 1 1 10 12 1 1 8 1 10 12 1 10 12 1 1 10 12 1 10 12 1 1 10 12 1 1 10 10 100 12 1 1 10 12 1 1 9 12 1 9 100 12 1 1 1 8 1 10 7 12 1 1 1 10 12 1 1 100 1 10 12 1 1 9 12 1 8 1 100 1 10 12 1 10 12 1 100 1 8 1 10 10 12 1 10 12 1 1 100 1 10 12 1 1 10 12 1 10 12 1 10 12 1 1 10 12 1 1 9 12 1 1 8 10 12 1 1 9 12 1 1 100 1 10 10 12 1 10 100 12 1 1 1 10 12 1 1 10 12 1 1 10 12 1 10 7 12 1 1 1 100 1 8 1 10 10 12 10 12 1 1 100 1 100 1 100 1 8 1 10 12 1 10 7 12 1 1 1 1 1 1 1 1 1 1 1 1 1 1 1 1 1 1 1 1 1 1 1 1 1 1 1 1 1 1 1 1 1 1 1 1 1 1 1 1 1 1 1 1 1 1 1 1 1 1 1 1 1 1 1 1 1
staticfield java/lang/invoke/CallSite $assertionsDisabled Z 1
ciInstanceKlass java/lang/invoke/VolatileCallSite 0 0 37 10 100 12 1 1 1 10 12 1 10 100 12 1 1 1 10 12 1 10 12 1 1 1 1 1 1 1 1 1 1 1 1 1 1 1 1
ciInstanceKlass java/lang/invoke/MethodType 1 1 771 7 1 10 7 12 1 1 1 9 12 1 1 9 12 1 1 9 12 1 1 10 7 12 1 1 1 9 7 12 1 1 8 1 10 100 12 1 1 1 9 7 1 9 7 1 10 12 1 1 100 1 10 8 1 10 12 1 1 10 12 1 10 12 1 1 100 1 8 1 10 12 1 100 1 10 10 12 1 10 12 1 1 10 12 1 1 11 7 12 1 1 1 9 12 1 11 12 1 1 7 7 1 10 7 12 1 1 1 10 12 1 9 12 1 1 10 7 12 1 1 10 12 1 1 10 7 12 1 1 1 10 7 12 1 1 1 10 12 1 9 12 1 1 10 12 1 1 100 1 10 12 1 1 10 12 1 1 10 12 1 1 10 12 1 1 10 12 1 1 10 12 1 10 12 1 10 12 1 1 10 12 1 8 1 8 1 10 12 1 1 9 12 1 1 100 1 10 10 12 1 1 10 12 1 10 12 1 1 10 12 1 1 10 12 1 10 12 1 1 10 12 1 8 1 10 12 1 1 10 100 12 1 1 1 10 12 1 10 12 1 1 10 12 1 10 12 1 10 12 1 1 10 12 1 10 12 1 9 12 1 10 12 1 10 10 12 1 1 10 12 1 9 12 1 1 10 12 1 1 10 12 1 1 10 12 1 1 10 12 1 1 7 1 10 12 10 12 1 10 12 1 100 1 8 1 8 1 8 1 10 12 1 10 12 1 10 12 1 10 11 12 1 1 11 12 1 10 100 12 1 1 1 9 12 1 10 12 1 10 12 1 1 10 12 1 1 10 12 1 10 12 1 10 100 12 1 1 1 10 12 1 1 10 12 1 10 12 1 10 12 1 10 9 12 1 1 7 1 10 12 1 10 12 1 1 9 100 12 1 1 1 10 100 12 1 1 1 10 100 12 1 1 1 10 12 1 1 10 100 12 1 1 1 10 12 1 1 8 1 10 7 12 1 1 1 11 12 1 1 9 12 1 1 10 12 1 1 10 12 1 10 12 1 1 10 12 1 1 10 100 12 1 1 100 1 10 12 1 1 11 100 12 1 1 1 18 12 1 1 11 12 1 1 18 12 1 11 12 1 100 1 11 100 12 1 1 10 12 1 100 1 10 12 1 10 100 12 1 1 10 12 1 1 9 12 1 1 9 100 12 1 1 1 10 100 12 1 1 1 9 12 1 10 100 12 1 1 10 12 1 100 10 12 1 1 10 12 1 10 7 1 7 1 9 12 1 1 100 1 100 1 100 1 1 1 5 0 1 1 1 1 1 1 1 3 1 3 1 3 1 1 1 1 1 1 1 1 1 1 1 1 1 1 1 1 1 1 1 1 1 1 1 1 1 1 1 1 1 1 1 1 1 1 1 1 1 1 1 1 1 1 1 1 1 1 1 1 1 1 1 1 1 1 1 1 1 1 1 1 1 1 1 1 1 1 1 1 1 1 1 1 1 1 1 1 1 1 1 1 1 1 1 1 1 1 1 1 1 1 1 1 1 1 1 1 1 1 1 1 1 1 1 1 1 1 1 1 1 1 1 1 1 1 1 1 1 1 1 1 1 1 1 1 1 1 1 100 1 100 1 1 1 1 1 1 1 1 1 1 1 1 1 100 1 1 1 100 1 1 1 1 1 1 1 1 1 1 1 1 1 1 1 1 1 1 1 1 1 15 10 100 12 1 1 1 16 15 10 12 16 16 15 10 12 16 1 1 1 1 100 1 1 100 1 1 100 1 100 1 1
staticfield java/lang/invoke/MethodType internTable Ljava/lang/invoke/MethodType$ConcurrentWeakInternSet; java/lang/invoke/MethodType$ConcurrentWeakInternSet
staticfield java/lang/invoke/MethodType NO_PTYPES [Ljava/lang/Class; 0 [Ljava/lang/Class;
staticfield java/lang/invoke/MethodType objectOnlyTypes [Ljava/lang/invoke/MethodType; 20 [Ljava/lang/invoke/MethodType;
staticfield java/lang/invoke/MethodType METHOD_HANDLE_ARRAY [Ljava/lang/Class; 1 [Ljava/lang/Class;
staticfield java/lang/invoke/MethodType serialPersistentFields [Ljava/io/ObjectStreamField; 0 [Ljava/io/ObjectStreamField;
staticfield java/lang/invoke/MethodType $assertionsDisabled Z 1
ciInstanceKlass java/lang/BootstrapMethodError 0 0 45 10 100 12 1 1 1 10 12 1 10 12 1 10 100 12 1 1 1 10 100 12 1 1 1 1 1 1 5 0 1 1 1 1 1 1 1 1 1 1 1 100 1 1 1
ciInstanceKlass java/lang/Record 0 0 22 10 100 12 1 1 1 100 1 1 1 1 1 1 1 1 1 1 1 1 1 1
ciInstanceKlass java/lang/ClassNotFoundException 1 1 96 7 1 10 7 12 1 1 1 10 12 1 10 12 1 1 10 100 12 1 1 1 8 1 10 100 12 1 1 1 10 7 12 1 1 10 100 12 1 1 1 10 100 12 1 1 1 10 12 1 1 7 1 10 12 1 9 12 1 1 1 1 1 5 0 1 1 1 1 1 1 1 1 1 1 1 1 1 1 1 1 1 1 100 1 1 1 1 1 1 1 1 1 1 1 1
staticfield java/lang/ClassNotFoundException serialPersistentFields [Ljava/io/ObjectStreamField; 1 [Ljava/io/ObjectStreamField;
ciInstanceKlass jdk/internal/loader/ClassLoaders$AppClassLoader 1 1 119 8 1 10 7 12 1 1 1 10 7 12 1 1 1 10 100 12 1 1 1 10 12 1 1 10 100 12 1 1 1 10 12 1 1 10 12 1 1 7 1 8 1 10 12 10 7 12 1 1 1 10 100 12 1 1 10 12 1 1 10 12 1 1 10 7 12 1 1 1 100 1 10 12 1 1 1 1 1 1 1 1 1 1 1 1 1 1 1 1 1 1 1 1 1 100 1 1 1 1 1 1 1 1 1 1 1 1 1 1 1 1 1 1 1 100 1 1 1
ciInstanceKlass jdk/internal/loader/ClassLoaders$PlatformClassLoader 1 1 42 8 1 10 7 12 1 1 1 10 7 12 1 1 1 100 1 10 12 1 100 1 1 1 1 1 1 1 1 1 1 1 1 1 1 100 1 1 1 100 1 1
ciInstanceKlass java/lang/ArithmeticException 1 1 26 10 100 12 1 1 1 10 12 1 100 1 1 1 1 5 0 1 1 1 1 1 1 1 1 1
instanceKlass kotlin/KotlinNullPointerException
ciInstanceKlass java/lang/NullPointerException 1 1 52 10 100 12 1 1 1 10 12 1 9 100 12 1 1 1 10 12 1 1 9 12 1 1 10 12 1 1 10 12 1 1 1 1 5 0 1 1 1 1 1 1 1 1 100 1 100 1 100 1 1 1
ciInstanceKlass java/lang/IllegalMonitorStateException 1 1 26 10 100 12 1 1 1 10 12 1 100 1 1 1 1 5 0 1 1 1 1 1 1 1 1 1
ciInstanceKlass java/lang/OutOfMemoryError 1 1 26 10 100 12 1 1 1 10 12 1 100 1 1 1 1 5 0 1 1 1 1 1 1 1 1 1
ciInstanceKlass java/lang/InternalError 0 0 34 10 100 12 1 1 1 10 12 1 10 12 1 10 12 1 100 1 1 1 1 5 0 1 1 1 1 1 1 1 1 1 1 1
ciInstanceKlass java/lang/ClassCastException 1 1 26 10 100 12 1 1 1 10 12 1 100 1 1 1 1 5 0 1 1 1 1 1 1 1 1 1
ciInstanceKlass java/lang/NoClassDefFoundError 0 0 26 10 100 12 1 1 1 10 12 1 100 1 1 1 1 5 0 1 1 1 1 1 1 1 1 1
instanceKlass java/nio/CharBuffer
instanceKlass java/nio/IntBuffer
instanceKlass java/nio/LongBuffer
instanceKlass java/nio/ByteBuffer
ciInstanceKlass java/nio/Buffer 1 1 224 100 1 10 7 12 1 1 1 9 7 12 1 1 1 9 12 1 9 12 1 1 9 12 1 9 12 1 1 10 12 1 1 10 12 1 1 10 12 100 1 100 1 10 8 1 10 12 1 1 10 12 1 8 1 8 1 10 12 1 1 10 12 1 8 1 9 12 1 1 100 1 8 1 10 12 1 8 1 8 1 9 12 10 12 1 8 1 8 1 8 1 10 12 1 8 1 8 1 8 1 100 1 10 100 1 10 100 1 10 100 1 10 10 100 12 1 1 1 10 11 100 12 1 1 10 7 12 1 1 1 10 7 12 1 1 1 9 12 1 1 10 7 12 1 1 1 9 12 1 1 7 1 10 10 7 12 1 1 1 1 1 3 1 1 1 1 1 1 1 1 1 1 1 1 1 1 1 1 1 1 100 1 1 1 1 1 1 1 1 1 1 1 1 1 1 1 1 1 1 1 1 1 1 1 1 1 1 1 1 1 1 1 1 1 1 1 1 1 1 1 1 1 1
staticfield java/nio/Buffer UNSAFE Ljdk/internal/misc/Unsafe; jdk/internal/misc/Unsafe
staticfield java/nio/Buffer SCOPED_MEMORY_ACCESS Ljdk/internal/misc/ScopedMemoryAccess; jdk/internal/misc/ScopedMemoryAccess
staticfield java/nio/Buffer $assertionsDisabled Z 1
ciInstanceKlass jdk/internal/util/ArraysSupport 1 1 271 7 1 100 1 8 1 10 12 1 1 10 12 1 1 10 100 12 1 1 9 7 12 1 1 1 9 12 1 1 10 7 12 1 1 1 9 12 1 1 10 100 12 1 1 1 9 12 1 10 12 9 12 1 10 12 1 1 10 12 9 12 1 9 12 1 10 12 1 1 9 12 1 9 12 1 9 12 1 9 12 1 9 12 1 9 12 1 9 12 1 10 12 1 1 10 100 12 1 1 1 9 12 1 9 12 1 10 12 1 1 10 12 1 9 12 1 10 12 1 10 100 12 1 1 1 9 12 1 9 12 1 10 12 1 10 12 1 10 7 12 1 1 1 3 10 12 1 100 1 100 1 10 8 1 10 12 1 1 10 12 1 8 1 8 1 10 12 1 1 10 10 12 1 1 10 12 1 1 9 12 1 10 12 1 9 12 1 9 12 1 9 12 1 9 12 1 9 12 1 9 12 1 9 12 1 100 1 1 1 1 1 1 1 1 1 1 1 1 1 1 1 1 1 1 1 1 1 1 1 1 1 1 1 1 1 1 1 1 1 1 1 1 1 1 1 1 1 1 1 1 1 1 1 1 1 1 1 1 1 1 1 1 1 1 1 1 1 1 1 1
staticfield jdk/internal/util/ArraysSupport U Ljdk/internal/misc/Unsafe; jdk/internal/misc/Unsafe
staticfield jdk/internal/util/ArraysSupport BIG_ENDIAN Z 0
staticfield jdk/internal/util/ArraysSupport LOG2_ARRAY_BOOLEAN_INDEX_SCALE I 0
staticfield jdk/internal/util/ArraysSupport LOG2_ARRAY_BYTE_INDEX_SCALE I 0
staticfield jdk/internal/util/ArraysSupport LOG2_ARRAY_CHAR_INDEX_SCALE I 1
staticfield jdk/internal/util/ArraysSupport LOG2_ARRAY_SHORT_INDEX_SCALE I 1
staticfield jdk/internal/util/ArraysSupport LOG2_ARRAY_INT_INDEX_SCALE I 2
staticfield jdk/internal/util/ArraysSupport LOG2_ARRAY_LONG_INDEX_SCALE I 3
staticfield jdk/internal/util/ArraysSupport LOG2_ARRAY_FLOAT_INDEX_SCALE I 2
staticfield jdk/internal/util/ArraysSupport LOG2_ARRAY_DOUBLE_INDEX_SCALE I 3
staticfield jdk/internal/util/ArraysSupport LOG2_BYTE_BIT_SIZE I 3
ciMethod jdk/internal/util/ArraysSupport newLength (III)I 514 0 3235 0 0
ciMethod jdk/internal/util/ArraysSupport hugeLength (II)I 0 0 1 0 -1
ciInstanceKlass jdk/internal/misc/UnsafeConstants 1 1 34 10 100 12 1 1 1 9 7 12 1 1 1 9 12 1 9 12 1 1 9 12 1 9 12 1 1 1 1 1 1 1 1 1
staticfield jdk/internal/misc/UnsafeConstants ADDRESS_SIZE0 I 8
staticfield jdk/internal/misc/UnsafeConstants PAGE_SIZE I 4096
staticfield jdk/internal/misc/UnsafeConstants BIG_ENDIAN Z 0
staticfield jdk/internal/misc/UnsafeConstants UNALIGNED_ACCESS Z 1
staticfield jdk/internal/misc/UnsafeConstants DATA_CACHE_LINE_FLUSH_SIZE I 0
instanceKlass java/lang/invoke/DelegatingMethodHandle
instanceKlass java/lang/invoke/BoundMethodHandle
instanceKlass java/lang/invoke/DirectMethodHandle
ciInstanceKlass java/lang/invoke/MethodHandle 1 1 644 100 1 9 7 12 1 1 1 10 7 12 1 1 1 10 7 12 1 1 1 7 1 7 1 10 12 1 1 9 12 1 1 10 12 1 10 12 1 1 10 12 1 1 10 100 12 1 1 1 10 12 1 1 10 12 1 1 11 100 12 1 1 1 10 12 1 1 10 12 1 10 12 1 9 12 1 1 10 12 1 1 100 1 100 1 10 8 1 10 12 1 1 10 12 1 8 1 10 12 1 1 10 12 1 10 7 12 1 1 1 10 12 1 10 12 1 1 10 12 1 1 10 12 1 1 10 12 1 1 10 7 12 1 1 1 10 100 12 1 1 1 7 1 10 12 1 1 10 12 1 1 10 12 1 1 8 1 10 7 12 1 1 1 8 1 10 12 1 1 10 12 1 1 10 12 1 1 10 12 1 8 1 10 12 1 1 8 1 10 12 1 8 1 10 100 12 1 1 1 9 12 1 1 100 1 10 9 100 12 1 1 1 9 100 1 8 1 10 12 1 1 10 12 1 10 12 1 1 10 12 1 10 12 1 1 10 12 1 10 12 1 1 10 12 1 10 12 1 1 10 12 1 1 8 1 10 12 1 1 8 1 10 12 1 10 12 1 1 10 12 1 10 12 1 10 12 1 1 9 100 12 1 1 1 10 12 1 1 11 12 1 10 12 1 10 12 1 1 10 100 12 1 1 1 100 1 11 12 1 10 100 1 11 12 1 100 1 10 12 1 11 12 1 9 100 12 1 1 1 11 12 1 1 11 100 12 1 1 1 10 12 1 1 9 12 1 11 12 1 9 12 1 9 12 1 9 12 1 11 12 1 1 9 12 1 9 12 1 9 12 1 9 12 1 9 12 1 9 12 1 9 12 1 8 1 10 12 1 10 12 1 8 1 10 12 1 10 12 1 10 10 7 12 1 1 10 12 1 1 100 1 8 1 10 12 1 1 10 12 1 1 10 12 1 10 12 1 100 1 10 100 12 1 1 1 10 12 1 9 7 12 1 1 1 10 12 1 1 10 12 1 1 8 1 9 12 1 9 12 1 1 9 12 1 1 10 12 1 7 1 10 12 1 10 12 1 1 9 12 1 1 9 12 1 1 10 7 12 1 1 1 11 7 12 1 1 9 12 1 10 12 1 1 10 12 1 9 12 1 10 12 1 8 10 12 1 1 8 1 1 1 1 1 1 100 1 1 1 1 1 1 1 1 1 1 1 1 1 1 1 1 1 1 1 1 1 1 1 1 1 1 1 1 1 1 1 1 1 1 1 1 1 1 1 1 1 1 1 1 1 1 1 1 1 1 1 1 1 1 1 1 1 1 1 1 1 1 1 1 1 1 1 1 1 100 1 1 1 1 1 1 1 1 1 100 1 1 1 1 1 1 1 1 1 1 1 1 1 1 1 1 1 1 1 1 1 1 1 1 1 1 1 100 1 1 100 1 1 100 1 1 1 1
staticfield java/lang/invoke/MethodHandle FORM_OFFSET J 20
staticfield java/lang/invoke/MethodHandle UPDATE_OFFSET J 13
staticfield java/lang/invoke/MethodHandle $assertionsDisabled Z 1
ciInstanceKlass jdk/internal/reflect/CallerSensitive 0 0 17 100 1 100 1 100 1 1 1 1 1 1 1 1 1 1 1
ciInstanceKlass jdk/internal/reflect/NativeConstructorAccessorImpl 1 1 126 10 7 12 1 1 1 9 7 12 1 1 1 9 12 1 1 10 7 12 1 1 1 10 7 12 1 1 1 10 7 12 1 1 1 9 12 1 9 12 1 1 9 12 1 1 10 7 12 1 1 1 7 1 10 10 12 1 1 10 12 1 10 12 1 10 12 1 1 9 12 1 1 10 7 12 1 1 1 100 1 10 12 1 1 10 12 1 1 8 10 12 1 1 1 1 1 1 1 1 1 1 1 1 1 1 1 1 1 1 1 1 1 1 100 1 100 1 100 1 1 1 1 1 1 1
staticfield jdk/internal/reflect/NativeConstructorAccessorImpl U Ljdk/internal/misc/Unsafe; jdk/internal/misc/Unsafe
staticfield jdk/internal/reflect/NativeConstructorAccessorImpl GENERATED_OFFSET J 16
instanceKlass java/lang/ProcessEnvironment
instanceKlass java/util/LinkedHashMap
ciInstanceKlass java/util/HashMap 1 1 610 10 7 12 1 1 1 100 1 10 12 1 1 100 1 10 7 12 1 1 1 100 1 11 12 1 1 11 12 1 11 12 1 1 10 7 12 1 1 1 7 1 3 10 7 12 1 1 1 100 1 100 1 10 8 1 10 12 1 1 10 12 1 10 12 1 1 10 12 1 10 7 12 1 1 1 8 1 10 12 1 9 12 1 1 10 12 1 9 12 1 1 4 10 12 1 10 12 1 1 11 7 12 1 1 9 12 1 1 4 10 12 1 1 11 12 1 1 11 7 12 1 1 1 11 7 12 1 1 1 11 12 1 1 7 1 11 12 1 11 12 1 10 12 1 10 12 1 1 9 12 10 12 1 1 9 7 12 1 1 1 9 12 9 12 1 10 12 1 1 9 12 1 7 1 10 12 1 1 10 12 1 1 10 12 1 1 10 12 1 1 10 12 1 1 9 12 1 10 12 1 1 3 10 12 1 1 10 12 1 1 9 12 1 1 9 10 12 1 1 10 12 1 1 10 12 1 1 10 12 1 9 12 1 1 7 1 10 12 1 10 12 1 10 7 12 1 1 1 7 1 9 12 1 1 7 1 10 9 12 7 1 10 100 1 10 11 7 12 1 1 1 100 1 10 11 7 12 1 1 11 100 12 1 1 1 10 12 1 100 1 100 1 10 12 1 10 12 1 10 12 1 10 100 12 1 1 10 12 1 1 10 12 1 1 10 100 12 1 1 1 8 10 100 12 1 1 1 100 1 10 4 10 100 12 1 1 1 4 10 12 1 10 100 12 1 1 1 10 12 1 8 1 4 10 100 12 1 1 1 100 1 11 100 12 1 1 1 10 12 1 10 12 1 10 10 12 1 1 100 1 100 1 1 1 1 5 0 1 3 1 1 1 3 1 3 1 3 1 1 1 1 1 1 1 1 1 1 1 1 1 1 1 1 1 1 1 1 1 1 100 1 1 1 1 1 1 1 1 1 1 1 1 1 1 1 1 1 1 1 1 1 1 1 1 1 1 1 1 1 1 1 1 100 1 1 1 1 1 1 1 1 1 1 1 1 1 1 1 1 1 1 1 1 1 1 1 1 1 1 1 1 1 1 1 1 1 1 1 1 1 1 1 1 1 1 1 1 1 1 1 1 1 1 100 1 1 1 1 1 1 1 1 1 1 1 1 1 1 1 1 1 1 1 1 1 1 1 1 1 1 1 1 1 1 1 1 1 1 1 1 1 1 1 1 1 1 1 1 1 1 1 1 100 1 1 1 1 1 1 1 1 100 1 1 1 1 1 1 1 1 1 1 1 1 1 1 100 1 100 1 100 1 100 1 100 1 100 1 100 1 100 1 1 1 1 1 1 1 1 1 1 1 1 1 1 1 1 1 1
ciInstanceKlass java/util/LinkedHashMap 1 1 289 9 7 12 1 1 1 9 12 1 9 7 12 1 1 9 12 1 10 7 12 1 1 1 10 12 1 1 10 12 1 1 9 12 1 1 9 12 1 1 9 12 1 10 12 1 1 100 1 10 10 12 1 1 10 12 1 10 12 1 1 9 12 1 1 9 12 1 10 100 12 1 1 1 10 12 1 10 12 1 10 12 10 12 1 1 10 100 12 1 1 1 10 12 1 1 10 12 1 1 9 7 1 10 12 1 9 12 1 1 7 1 10 12 1 9 12 1 1 7 1 10 9 12 1 7 1 10 100 1 10 11 100 12 1 1 1 100 1 10 11 100 12 1 1 1 100 1 1 1 1 5 0 1 1 1 1 1 1 1 1 1 1 1 1 1 1 1 1 1 1 1 1 1 1 1 1 1 1 1 1 1 1 1 1 1 1 1 1 1 1 1 1 1 1 1 1 1 1 1 1 1 1 1 100 1 1 1 1 1 1 1 1 1 1 1 1 1 1 1 1 1 1 1 1 1 1 1 1 1 100 1 1 1 1 1 1 1 1 100 1 1 1 1 1 100 1 1 1 1 1 1 1 1 1 1 1 1 1 1 1 1 1 1 1 1 1 1 100 1 100 1 100 1 100 1 1 1 1 1 100 1 1 1 1 1 1 1 1
ciMethod java/util/HashMap put (Ljava/lang/Object;Ljava/lang/Object;)Ljava/lang/Object; 8312 0 15455 0 2048
instanceKlass java/lang/invoke/DirectMethodHandle$Special
instanceKlass java/lang/invoke/DirectMethodHandle$Interface
instanceKlass java/lang/invoke/DirectMethodHandle$Constructor
instanceKlass java/lang/invoke/DirectMethodHandle$Accessor
ciInstanceKlass java/lang/invoke/DirectMethodHandle 1 1 940 7 1 7 1 100 1 7 1 7 1 10 7 12 1 1 1 10 7 12 1 1 1 100 1 10 12 1 10 12 1 1 10 7 12 1 1 10 12 1 1 10 12 1 10 12 1 7 1 10 12 1 1 10 12 1 1 10 12 1 10 12 1 1 10 7 12 1 1 1 10 12 1 9 12 1 1 100 1 10 9 12 1 1 9 12 1 10 12 1 10 12 1 10 12 1 1 10 12 1 10 12 1 10 12 1 10 7 12 1 1 1 10 12 1 10 12 1 1 8 1 10 12 1 1 7 1 10 12 1 7 1 10 10 12 1 10 12 1 10 12 1 10 7 12 1 1 1 10 12 1 1 100 1 10 12 1 10 12 1 7 1 10 12 1 10 12 1 1 10 12 1 1 10 12 1 8 10 100 12 1 1 1 10 12 1 10 12 1 10 12 1 1 10 12 1 9 7 12 1 1 1 7 1 10 12 1 10 7 12 1 1 1 10 12 1 10 12 1 1 9 12 1 1 100 1 10 8 1 10 12 1 1 10 12 1 10 12 1 10 10 12 1 10 12 1 10 12 1 10 12 1 10 12 1 1 10 12 1 10 12 1 1 10 12 1 10 12 1 1 10 10 7 12 1 1 1 10 12 1 10 12 1 1 10 12 1 10 12 1 1 8 1 9 7 12 1 1 1 8 1 9 12 1 9 12 1 8 1 9 12 1 9 12 1 8 1 9 12 1 9 12 1 8 1 10 12 1 10 12 1 1 9 12 1 1 7 1 10 12 1 1 100 1 10 7 12 1 1 1 10 12 1 1 10 12 1 10 12 1 1 7 1 10 12 1 1 10 12 1 10 12 1 1 7 1 10 12 1 1 10 7 12 1 1 1 10 12 1 10 12 1 10 12 1 9 12 1 1 10 7 1 9 12 9 12 1 10 7 12 1 1 1 10 12 1 7 1 7 1 7 1 9 12 1 1 10 7 12 1 10 12 1 1 10 12 1 100 1 10 12 1 10 12 1 1 9 100 12 1 1 1 10 12 1 1 100 1 10 100 12 1 1 1 10 12 1 10 12 1 8 1 9 12 1 9 12 1 10 12 1 9 12 1 1 10 100 12 1 1 1 9 12 1 1 9 12 1 1 10 12 1 10 12 1 10 12 1 10 12 1 10 12 1 1 10 12 1 10 7 12 1 1 9 12 1 10 12 1 10 12 1 10 12 1 10 12 1 1 10 12 1 1 9 12 1 1 10 12 1 1 9 7 12 1 1 1 9 12 1 9 12 1 9 12 1 9 12 1 9 12 1 9 12 1 9 12 1 9 12 1 9 12 1 9 12 1 9 12 1 9 12 1 9 12 1 9 12 1 9 12 1 9 12 1 9 12 1 9 12 1 9 12 1 9 12 1 9 12 1 9 12 1 9 12 1 9 12 1 9 12 1 9 12 1 9 12 1 9 12 1 9 12 1 9 12 1 9 12 1 9 12 1 9 12 1 9 12 1 9 12 1 9 12 1 8 1 9 12 1 1 9 12 1 1 10 12 1 10 12 1 1 9 7 1 10 12 1 9 12 1 1 10 12 10 12 1 10 12 1 10 12 1 10 8 1 8 1 8 1 8 1 10 12 1 1 9 12 1 1 10 12 1 10 100 12 1 1 1 8 9 12 1 1 10 12 1 1 8 1 8 8 9 12 1 8 1 8 8 8 8 8 1 8 10 12 1 10 12 1 8 1 8 1 10 12 1 10 12 1 10 12 1 10 12 1 1 7 1 1 1 1 3 1 3 1 3 1 3 1 3 1 3 1 3 1 3 1 3 1 3 1 1 1 1 1 1 1 1 1 1 3 1 3 1 1 1 1 3 1 1 1 1 1 1 1 1 1 1 1 1 1 1 1 1 1 1 1 1 1 1 1 1 1 1 1 1 1 1 1 1 1 1 1 1 1 1 1 1 1 1 1 1 1 1 1 1 1 1 1 1 1 1 1 1 100 1 1 1 1 1 1 1 1 1 1 1 1 100 1 1 1 1 1 1 1 1 1 1 1 1 1 1 1 1 1 1 1 1 1 1 1 1 1 1 1 1 1 1 1 1 1 1 1 1 1 1 1 1 1 1 1 1 1 1 1 1 1 1 1
staticfield java/lang/invoke/DirectMethodHandle IMPL_NAMES Ljava/lang/invoke/MemberName$Factory; java/lang/invoke/MemberName$Factory
staticfield java/lang/invoke/DirectMethodHandle FT_UNCHECKED_REF I 8
staticfield java/lang/invoke/DirectMethodHandle ACCESSOR_FORMS [Ljava/lang/invoke/LambdaForm; 132 [Ljava/lang/invoke/LambdaForm;
staticfield java/lang/invoke/DirectMethodHandle ALL_WRAPPERS [Lsun/invoke/util/Wrapper; 10 [Lsun/invoke/util/Wrapper;
staticfield java/lang/invoke/DirectMethodHandle NFS [Ljava/lang/invoke/LambdaForm$NamedFunction; 12 [Ljava/lang/invoke/LambdaForm$NamedFunction;
staticfield java/lang/invoke/DirectMethodHandle OBJ_OBJ_TYPE Ljava/lang/invoke/MethodType; java/lang/invoke/MethodType
staticfield java/lang/invoke/DirectMethodHandle LONG_OBJ_TYPE Ljava/lang/invoke/MethodType; java/lang/invoke/MethodType
staticfield java/lang/invoke/DirectMethodHandle $assertionsDisabled Z 1
ciInstanceKlass java/lang/invoke/LambdaForm 1 1 1052 100 1 9 7 12 1 1 1 10 7 12 1 1 1 10 7 12 1 1 9 12 1 1 9 12 1 1 10 12 1 1 100 1 10 9 12 1 10 12 1 1 9 12 1 10 7 12 1 1 1 9 12 1 9 12 1 9 12 1 1 9 12 1 10 12 1 1 7 1 10 12 1 10 100 12 1 1 1 10 100 12 1 1 1 10 12 1 10 12 1 1 9 100 12 1 1 1 10 12 1 1 9 12 1 10 12 1 1 10 12 1 10 12 1 1 10 12 1 1 10 100 12 1 1 1 7 1 10 10 12 1 1 8 1 10 12 1 10 12 1 10 12 1 1 7 1 10 7 12 1 1 1 10 12 1 1 10 12 1 10 12 1 1 9 12 1 1 9 12 1 9 12 1 1 10 12 1 9 12 1 10 100 12 1 1 1 10 12 1 1 10 12 1 9 12 1 1 10 100 12 1 1 1 10 12 1 10 12 1 10 12 1 10 12 1 10 12 1 10 12 1 1 10 12 1 10 12 1 1 8 1 10 12 1 10 12 1 8 1 8 1 9 12 1 9 12 1 9 12 1 1 10 12 1 1 10 12 1 9 12 1 10 12 1 1 10 7 12 1 1 1 10 12 1 1 10 12 1 10 12 1 10 12 1 1 9 12 1 10 12 1 8 1 8 1 8 1 8 1 8 1 8 1 8 1 8 1 10 12 1 9 12 1 7 1 10 12 1 1 9 12 1 10 12 1 10 12 1 1 10 12 10 12 1 10 12 1 1 10 12 1 1 10 10 12 1 1 10 12 1 1 7 1 8 1 10 12 1 1 10 12 1 10 12 1 1 10 8 1 10 12 1 1 8 1 8 1 8 1 10 12 1 9 12 1 1 10 12 1 1 10 12 1 1 100 1 10 12 1 1 10 12 1 10 7 12 1 1 1 10 12 1 1 9 12 1 1 8 1 10 100 12 1 1 1 10 7 12 1 1 10 12 10 10 12 1 1 9 12 1 8 10 12 1 1 100 1 10 12 1 1 10 12 1 9 7 12 1 1 9 12 1 1 8 1 10 100 12 1 1 10 12 1 1 100 1 100 1 10 10 12 1 1 10 12 1 1 8 1 8 1 100 1 8 1 10 12 10 12 1 10 12 1 10 12 1 1 8 1 8 1 9 100 12 1 1 1 10 12 1 10 12 1 1 8 1 8 1 8 1 100 1 8 1 100 1 8 1 100 1 8 1 10 12 1 8 1 9 10 7 12 1 1 1 10 12 1 9 12 1 1 10 12 1 10 10 12 1 10 12 1 10 12 1 10 12 1 1 10 12 1 10 12 1 1 10 12 1 1 10 12 1 1 8 1 100 10 12 1 10 12 1 9 12 1 1 10 7 12 1 1 8 1 8 1 100 1 8 1 8 1 8 1 8 1 8 1 8 1 8 1 8 1 10 12 1 1 10 12 1 1 10 12 1 10 12 1 8 1 8 1 8 1 10 12 1 8 1 10 12 1 8 1 8 1 8 1 8 1 8 1 10 12 1 10 12 1 10 12 1 1 10 7 12 1 1 1 10 12 1 10 12 1 10 12 1 10 12 1 10 12 1 10 12 1 10 12 1 9 12 1 1 8 1 10 12 1 1 9 12 1 1 10 12 1 1 9 12 1 9 12 1 1 9 12 1 9 12 1 1 7 1 10 7 12 1 1 1 9 12 1 10 12 1 10 12 1 8 1 10 12 1 9 12 1 1 7 1 10 7 12 1 1 1 8 1 100 1 10 12 1 9 12 1 9 12 1 10 12 1 10 12 1 10 7 12 1 1 1 10 12 1 9 7 12 1 1 10 12 1 1 10 12 1 10 12 1 9 12 10 12 1 10 10 12 1 9 9 12 1 7 9 12 1 1 10 12 1 1 9 12 1 10 12 1 10 7 1 9 1 1 1 1 3 1 3 1 3 1 1 1 1 1 1 1 1 1 1 1 1 1 1 1 1 1 1 1 1 1 1 1 1 1 1 1 1 1 1 1 1 1 1 1 1 1 1 1 1 1 1 1 1 1 1 1 1 1 1 1 1 1 1 1 1 100 1 1 1 1 1 1 1 1 1 1 1 1 1 1 1 1 1 1 1 1 1 1 1 1 1 1 1 1 1 1 1 1 1 1 1 1 1 1 1 1 1 1 1 1 1 1 1 1 1 1 1 1 1 1 1 1 1 1 1 100 1 1 1 1 1 1 1 1 1 1 1 1 1 1 1 1 1 1 1 1 1 1 1 1 1 1 1 1 1 1 1 1 1 1 100 1 1 1 1 1 1 1 1 1 1 1 1 1 1 1 1 1 1 1 1 1 1 100 1 1 1 100 1 1 100 1 1 1 1 1 1 1 1 1 1 1
staticfield java/lang/invoke/LambdaForm COMPILE_THRESHOLD I 0
staticfield java/lang/invoke/LambdaForm INTERNED_ARGUMENTS [[Ljava/lang/invoke/LambdaForm$Name; 5 [[Ljava/lang/invoke/LambdaForm$Name;
staticfield java/lang/invoke/LambdaForm IMPL_NAMES Ljava/lang/invoke/MemberName$Factory; java/lang/invoke/MemberName$Factory
staticfield java/lang/invoke/LambdaForm LF_identity [Ljava/lang/invoke/LambdaForm; 6 [Ljava/lang/invoke/LambdaForm;
staticfield java/lang/invoke/LambdaForm LF_zero [Ljava/lang/invoke/LambdaForm; 6 [Ljava/lang/invoke/LambdaForm;
staticfield java/lang/invoke/LambdaForm NF_identity [Ljava/lang/invoke/LambdaForm$NamedFunction; 6 [Ljava/lang/invoke/LambdaForm$NamedFunction;
staticfield java/lang/invoke/LambdaForm NF_zero [Ljava/lang/invoke/LambdaForm$NamedFunction; 6 [Ljava/lang/invoke/LambdaForm$NamedFunction;
staticfield java/lang/invoke/LambdaForm createFormsLock Ljava/lang/Object; java/lang/Object
staticfield java/lang/invoke/LambdaForm DEBUG_NAME_COUNTERS Ljava/util/HashMap; null
staticfield java/lang/invoke/LambdaForm DEBUG_NAMES Ljava/util/HashMap; null
staticfield java/lang/invoke/LambdaForm TRACE_INTERPRETER Z 0
staticfield java/lang/invoke/LambdaForm $assertionsDisabled Z 1
ciInstanceKlass java/lang/invoke/MethodHandleNatives 1 1 684 100 1 10 7 12 1 1 1 9 7 12 1 1 1 10 12 1 1 100 1 10 10 12 1 1 10 12 1 10 12 1 8 1 8 1 8 1 8 1 8 1 8 1 8 1 8 1 8 1 8 1 10 12 1 1 7 1 10 7 12 1 1 1 10 100 12 1 1 1 7 1 10 10 12 1 1 8 1 10 12 1 8 1 10 12 1 1 8 1 10 12 1 1 9 100 12 1 1 1 8 1 10 100 12 1 1 1 100 1 10 12 100 1 100 1 8 1 7 1 10 10 12 1 7 1 9 7 12 1 1 10 12 1 1 10 12 1 10 7 12 1 1 1 7 1 10 12 1 1 10 7 12 1 1 1 10 12 1 10 12 1 1 10 12 1 1 9 12 1 8 1 10 12 1 8 1 10 12 1 8 1 8 1 8 1 100 1 10 12 1 8 1 10 12 1 1 10 12 1 10 100 12 1 1 1 100 1 8 1 10 100 12 1 1 1 7 1 8 1 10 12 1 8 1 8 1 8 1 8 1 8 1 10 12 1 1 10 12 1 1 10 12 1 10 12 1 1 10 12 1 1 7 1 10 12 1 100 1 100 1 10 12 1 10 12 1 8 1 8 1 10 10 12 1 1 10 12 1 1 8 1 10 100 12 1 1 1 8 1 8 1 10 12 1 1 10 7 12 1 1 1 100 1 10 12 1 1 7 1 9 12 1 1 10 7 12 1 1 1 10 10 12 1 9 12 1 10 12 1 1 9 12 1 9 12 1 10 12 1 1 10 12 1 10 12 1 1 7 1 7 1 10 12 1 1 10 12 1 10 12 1 1 10 7 12 1 1 1 10 12 1 8 1 10 12 1 10 12 1 10 12 1 1 10 12 1 10 7 12 1 1 1 10 12 1 1 100 1 8 1 10 9 7 12 1 1 1 10 12 1 1 10 12 1 1 100 1 10 12 1 1 10 12 1 1 100 1 100 1 10 10 100 1 100 1 10 100 1 10 10 12 1 1 10 100 1 10 12 1 10 12 1 10 12 1 1 10 12 1 1 10 12 1 1 10 12 1 10 12 1 1 10 8 1 100 1 10 12 1 10 12 1 10 12 1 10 12 1 10 12 1 1 10 12 1 9 12 1 1 10 7 12 1 1 1 9 12 1 1 11 7 12 1 1 1 10 12 1 10 12 1 10 10 12 1 10 7 12 1 1 1 1 1 1 1 1 1 1 1 1 1 1 1 100 1 1 1 1 1 1 1 1 1 1 1 1 1 1 1 1 1 1 1 1 1 1 1 1 1 1 1 1 1 1 1 1 1 1 1 1 1 1 1 1 1 1 1 1 1 1 1 1 1 1 1 1 1 1 1 1 1 1 1 1 1 1 1 1 1 1 1 1 1 1 1 1 1 1 1 1 1 1 1 1 1 1 1 1 1 1 1 1 1 1 1 1 1 1 1 1 1 1 100 1 1 1 1 1 1 1 1 1 1 1 1 1 1 1 1 1 1 1 1 1 1 1 1 1 1 1 1 100 1 1 1 1 1 1 1 100 1 1 1
staticfield java/lang/invoke/MethodHandleNatives JLA Ljdk/internal/access/JavaLangAccess; java/lang/System$2
staticfield java/lang/invoke/MethodHandleNatives $assertionsDisabled Z 1
ciInstanceKlass jdk/internal/reflect/ConstantPool 1 1 142 10 100 12 1 1 1 9 7 12 1 1 1 10 12 1 1 10 12 1 1 10 12 1 10 12 1 1 10 12 1 1 10 12 1 10 12 1 1 10 12 1 10 12 1 1 10 12 1 10 12 1 10 12 1 10 12 1 1 10 12 1 1 10 12 1 1 10 12 1 1 10 12 1 10 12 1 1 10 100 12 1 1 1 8 11 7 12 1 1 1 10 7 12 1 1 1 1 1 1 1 1 1 1 1 1 1 1 1 1 1 1 1 1 1 1 1 1 1 1 1 1 1 1 1 1 1 1 1 1 1 1 1 1 1 1 1 1 1 1 1 1
instanceKlass jdk/internal/reflect/UnsafeStaticIntegerFieldAccessorImpl
instanceKlass jdk/internal/reflect/UnsafeQualifiedStaticFieldAccessorImpl
ciInstanceKlass jdk/internal/reflect/UnsafeStaticFieldAccessorImpl 1 1 47 10 7 12 1 1 1 9 7 12 1 1 1 10 7 12 1 1 1 9 12 1 1 8 11 7 12 1 1 1 10 7 12 1 1 1 1 1 1 1 1 1 1 1 1 1 1
instanceKlass jdk/internal/reflect/UnsafeFieldAccessorImpl
ciInstanceKlass jdk/internal/reflect/FieldAccessorImpl 1 1 59 10 7 12 1 1 1 100 1 100 1 1 1 1 1 1 1 1 1 100 1 1 1 1 1 1 1 1 1 1 1 1 1 1 1 1 1 1 1 100 1 1 1 1 1 1 1 1 1 1 1 1 1 1 1 1 1 1 1
instanceKlass jdk/internal/reflect/UnsafeStaticFieldAccessorImpl
ciInstanceKlass jdk/internal/reflect/UnsafeFieldAccessorImpl 1 1 254 10 7 12 1 1 1 9 7 12 1 1 1 10 7 12 1 1 1 10 7 12 1 1 1 9 12 1 1 10 7 12 1 1 1 9 12 1 1 10 12 1 10 12 1 9 12 1 10 12 1 1 10 100 12 1 1 10 100 12 1 1 1 10 12 1 1 100 1 10 10 12 1 1 10 12 1 1 8 1 10 10 12 1 100 1 8 1 10 12 1 8 1 10 12 1 8 1 10 12 1 100 1 10 12 1 1 10 8 1 10 12 1 1 8 1 10 100 12 1 1 8 1 10 100 12 1 1 8 1 10 100 12 1 1 8 1 10 100 12 1 1 8 1 10 100 12 1 1 8 1 10 100 12 1 1 8 1 10 100 12 1 1 8 1 10 100 12 1 1 10 12 1 1 8 1 8 1 8 1 8 1 8 1 8 1 10 100 12 1 1 1 8 1 8 1 8 1 10 12 10 12 1 1 1 1 1 1 1 1 1 1 1 1 1 1 1 1 1 1 1 1 1 1 1 1 1 1 1 1 1 1 1 1 1 1 1 1 1 1 1 1 1 1 1 1 1 1 1 1 1 1 1 1
staticfield jdk/internal/reflect/UnsafeFieldAccessorImpl unsafe Ljdk/internal/misc/Unsafe; jdk/internal/misc/Unsafe
ciInstanceKlass java/lang/invoke/ConstantCallSite 1 1 65 10 7 12 1 1 1 9 7 12 1 1 1 9 12 1 1 10 7 12 1 1 1 10 12 1 100 1 10 12 9 12 1 1 100 1 10 10 12 1 1 10 12 1 1 1 1 1 1 1 1 1 1 1 1 1 100 1 1 1 1 1 1 1 1
staticfield java/lang/invoke/ConstantCallSite UNSAFE Ljdk/internal/misc/Unsafe; jdk/internal/misc/Unsafe
ciInstanceKlass java/lang/invoke/MutableCallSite 0 0 63 10 100 12 1 1 1 10 12 1 9 100 12 1 1 1 10 12 1 10 12 1 1 9 12 1 1 10 100 12 1 1 1 10 100 12 1 1 1 10 12 1 1 1 1 1 1 1 1 1 1 1 1 1 1 1 1 1 1 100 1 1 1
instanceKlass java/lang/invoke/VarHandleReferences$Array
instanceKlass java/lang/invoke/VarHandleInts$FieldInstanceReadOnly
instanceKlass java/lang/invoke/VarHandleReferences$FieldInstanceReadOnly
ciInstanceKlass java/lang/invoke/VarHandle 1 1 390 10 7 12 1 1 1 10 7 12 1 1 9 12 1 1 9 12 1 1 100 1 10 8 1 10 12 1 1 10 7 12 1 1 1 10 12 1 1 10 100 12 1 1 1 9 100 12 1 1 1 10 12 1 1 10 100 12 1 1 1 10 12 1 1 9 12 1 10 12 1 9 12 1 1 10 100 12 1 1 10 12 1 9 100 12 1 1 1 9 12 1 1 10 12 1 1 100 1 100 1 10 8 1 10 12 1 1 10 12 1 8 1 10 12 1 10 12 1 10 12 1 1 9 100 12 1 1 1 10 12 1 10 12 1 1 10 12 1 10 10 100 12 1 1 1 10 12 1 1 10 12 1 1 10 100 12 1 1 1 10 100 12 1 1 1 10 100 12 1 1 1 9 12 1 1 10 9 12 1 1 10 12 1 10 12 1 10 12 1 1 10 12 1 10 100 12 1 1 1 9 12 1 1 10 12 1 1 9 12 1 10 12 1 10 12 1 10 100 12 1 1 100 1 10 9 7 12 1 1 1 9 12 1 1 10 7 12 1 1 1 10 12 1 10 12 1 10 12 1 10 12 1 10 12 1 10 12 1 1 7 1 10 10 7 12 1 1 1 9 12 1 1 8 10 12 1 1 7 1 10 12 1 1 100 1 1 1 1 1 1 1 1 1 1 1 1 1 1 1 1 1 1 1 1 1 1 1 1 1 1 1 1 1 1 1 1 1 1 1 1 1 1 1 1 1 1 1 1 1 1 1 1 1 1 1 1 1 1 1 1 1 1 1 1 1 1 1 1 1 1 1 1 1 1 1 1 1 1 1 1 1 1 1 1 1 1 1 1 1 1 1 1 1 100 1 100 1 100 1 1 1 1 1 1 1 100 1 1 1
staticfield java/lang/invoke/VarHandle AIOOBE_SUPPLIER Ljava/util/function/BiFunction; jdk/internal/util/Preconditions$1
staticfield java/lang/invoke/VarHandle VFORM_OFFSET J 16
staticfield java/lang/invoke/VarHandle $assertionsDisabled Z 1
ciInstanceKlass java/lang/invoke/MemberName 1 1 757 7 1 7 1 100 1 9 12 1 1 10 7 12 1 1 1 9 12 1 1 10 12 1 1 10 12 1 1 10 12 1 1 10 12 1 10 12 1 1 10 7 12 1 1 1 10 12 1 9 100 12 1 1 10 12 1 100 1 100 1 10 12 1 8 1 10 12 1 1 10 12 1 10 12 1 1 10 12 1 9 12 1 1 8 1 10 100 12 1 1 1 7 1 10 10 12 1 1 100 1 100 1 10 12 1 1 9 12 1 1 100 1 8 1 10 12 1 10 12 1 10 12 1 10 12 1 10 12 1 1 10 12 1 10 12 1 10 12 1 1 10 12 1 1 10 12 1 8 1 8 1 8 1 10 100 12 1 1 1 10 12 1 9 12 1 1 3 10 12 1 10 12 1 10 12 1 10 10 7 12 1 1 1 10 12 1 10 12 1 10 12 1 10 12 1 7 1 8 10 12 1 1 10 12 1 1 8 1 9 100 1 8 9 100 1 10 12 1 1 10 12 1 10 12 1 8 1 10 12 1 1 10 12 1 10 12 1 10 12 1 10 12 1 1 100 1 10 12 1 1 10 12 1 8 1 10 12 1 10 12 1 8 1 10 12 1 1 10 12 1 1 100 1 10 12 1 1 10 12 8 1 8 1 100 1 10 12 1 10 100 12 1 1 1 100 1 10 12 10 12 1 10 12 1 10 12 1 10 12 1 10 10 12 1 10 12 1 10 12 1 3 10 12 1 3 10 12 1 3 3 3 3 3 3 3 100 1 10 12 1 10 7 12 1 1 1 10 12 1 3 9 12 1 10 12 1 1 3 10 12 1 10 10 7 12 1 1 1 10 12 1 1 10 100 1 10 10 12 1 10 12 1 10 12 1 10 10 12 1 1 10 12 1 10 12 1 10 12 1 100 1 10 10 10 12 100 1 10 10 10 12 1 1 10 12 1 1 10 10 12 1 8 10 100 1 10 12 1 10 100 1 10 12 1 10 12 1 10 12 1 10 10 12 1 10 12 1 1 10 12 1 1 10 12 1 10 12 1 10 12 1 100 1 10 12 1 1 100 1 8 1 10 7 1 10 12 1 10 12 10 12 1 1 10 12 1 10 12 1 8 1 8 1 8 1 8 1 10 12 1 10 12 1 10 12 1 1 8 1 8 1 10 12 1 8 1 10 10 12 1 10 12 1 8 1 8 1 10 10 12 1 8 1 10 100 12 1 1 1 8 1 10 12 1 10 12 1 1 10 12 1 8 1 8 1 8 1 8 1 100 1 10 8 1 8 1 8 1 8 1 10 12 1 100 1 100 1 100 1 10 100 1 10 100 1 10 100 12 1 1 1 9 7 12 1 1 1 100 1 100 1 1 1 1 1 1 1 3 1 3 1 3 1 3 1 3 1 3 1 1 1 1 1 1 1 1 3 1 3 1 1 1 1 3 1 1 1 1 1 1 1 1 1 1 1 1 1 1 1 1 1 1 1 1 1 1 1 1 1 1 1 1 1 1 1 1 1 1 1 1 1 1 1 1 1 1 1 1 1 1 1 1 1 1 1 1 1 1 1 1 1 1 1 1 1 1 1 1 1 1 1 1 1 1 1 1 1 1 1 1 1 1 1 1 1 1 1 1 1 1 1 1 1 1 1 1 1 1 1 1 1 1 1 1 1 1 1 1 1 1 100 1 1 1 1 1 1 1 1 1 1 1 1 1 1 1
staticfield java/lang/invoke/MemberName $assertionsDisabled Z 1
ciInstanceKlass java/lang/invoke/ResolvedMethodName 1 1 16 10 100 12 1 1 1 100 1 1 1 1 1 1 1 1
ciInstanceKlass java/lang/StackWalker 0 0 235 9 100 12 1 1 1 10 100 12 1 1 1 100 1 10 100 12 1 1 1 10 12 1 1 11 100 12 1 1 1 10 12 1 1 10 12 1 1 10 12 1 1 100 1 8 1 10 12 1 10 12 1 10 12 1 10 100 12 1 1 9 12 1 1 9 12 1 1 9 12 1 1 9 12 1 1 10 12 1 1 9 12 1 1 10 100 12 1 1 1 11 12 1 1 100 1 8 1 10 10 100 12 1 1 9 12 1 1 10 12 1 1 10 100 12 1 1 1 10 100 12 1 1 1 18 12 1 1 100 1 8 1 10 10 12 1 1 10 100 12 1 1 1 9 100 12 1 1 11 100 12 1 1 1 10 12 1 1 1 1 1 1 1 1 1 1 1 1 1 1 1 1 1 1 1 1 1 1 1 1 1 1 1 1 1 1 1 1 1 1 1 1 1 1 1 1 1 1 1 1 1 1 1 1 1 1 1 100 1 1 15 10 100 12 1 1 1 16 15 10 12 16 1 1 1 1 1 1 1 100 1 100 1 1
ciInstanceKlass java/lang/StackStreamFactory$AbstractStackWalker 1 0 306 100 1 100 1 3 10 100 12 1 1 1 10 100 12 1 1 10 100 12 1 1 1 9 12 1 1 10 12 1 1 9 12 1 1 9 12 1 1 9 12 1 1 9 12 1 9 100 12 1 1 1 10 100 12 1 1 1 10 12 1 1 9 12 1 1 10 100 12 1 1 1 10 12 1 1 9 12 1 1 9 100 12 1 1 1 100 1 10 8 1 10 12 1 1 10 12 1 8 1 10 12 1 1 10 100 12 1 1 1 100 1 8 1 10 12 1 8 1 10 12 9 100 12 1 1 1 10 100 12 1 1 9 12 1 8 1 5 0 8 1 8 1 9 12 1 1 10 12 1 1 10 12 1 1 10 12 1 9 12 1 10 12 1 10 12 1 10 12 1 10 12 1 1 10 12 1 10 12 1 1 8 1 10 12 1 10 12 1 10 12 1 10 12 1 1 8 1 10 12 1 1 10 12 1 1 10 12 1 1 10 12 1 10 12 1 10 100 12 1 1 1 9 12 1 8 1 10 12 1 10 12 1 10 12 1 10 12 1 10 12 1 10 12 1 10 12 1 1 10 12 1 1 10 12 1 1 10 12 1 8 1 1 1 1 1 1 1 1 1 1 1 1 1 1 1 1 1 1 100 1 1 1 1 100 1 1 1 1 1 1 1 1 1 1 1 1 1 1 1 1 1 1 1 1 1
ciInstanceKlass jdk/internal/module/Modules 1 1 504 10 100 12 1 1 1 9 7 12 1 1 1 11 7 12 1 1 1 11 12 1 1 11 12 1 1 11 12 1 1 11 12 1 11 12 1 11 12 1 11 12 1 11 12 1 1 10 100 12 1 1 1 10 100 12 1 1 1 18 12 1 1 10 100 12 1 1 1 100 1 10 100 12 1 1 1 10 100 12 1 1 1 10 100 12 1 1 10 12 1 1 11 12 1 9 12 1 1 11 100 12 1 1 1 10 12 1 1 10 10 12 1 10 9 12 1 1 10 100 12 1 1 10 12 1 1 10 100 12 1 1 100 1 11 100 12 1 1 1 10 100 12 1 1 1 11 100 12 1 1 10 12 1 1 10 100 12 1 1 10 100 12 1 1 1 10 12 1 1 10 12 1 1 11 12 1 1 18 12 1 1 11 100 12 1 1 10 100 12 1 1 1 11 100 12 1 1 1 100 1 11 12 1 1 11 100 12 1 1 1 11 12 1 1 10 12 1 1 10 100 12 1 1 18 12 1 1 11 12 1 1 18 12 1 1 11 12 1 1 10 12 1 18 18 10 12 1 1 9 12 1 1 11 100 12 1 1 1 100 1 10 11 12 1 11 12 1 1 11 12 1 1 10 100 1 10 12 1 1 10 100 12 1 1 10 12 1 1 11 12 10 12 1 1 100 1 10 18 12 1 10 12 1 1 100 1 8 1 10 12 1 10 100 12 1 1 18 12 1 11 11 12 10 12 1 10 10 100 1 18 12 1 10 10 10 7 12 1 1 10 7 12 1 1 1 10 12 1 1 1 1 1 1 1 1 1 1 1 1 1 1 1 1 1 1 1 1 1 1 1 1 1 1 1 1 1 1 1 1 1 100 1 1 1 1 1 1 1 1 1 1 1 1 1 1 1 1 1 1 1 1 1 1 1 1 1 1 1 1 1 1 1 1 1 1 1 100 1 1 1 1 1 1 1 1 1 1 1 1 1 1 1 1 1 1 1 1 1 1 1 15 10 100 12 1 1 1 16 15 10 12 1 16 16 15 10 12 1 16 1 16 1 15 10 12 1 16 1 16 1 15 10 12 16 1 15 10 16 1 15 10 12 16 1 15 10 12 16 15 10 12 16 15 10 12 1 1 1 100 1 100 1 1
staticfield jdk/internal/module/Modules JLA Ljdk/internal/access/JavaLangAccess; java/lang/System$2
staticfield jdk/internal/module/Modules JLMA Ljdk/internal/access/JavaLangModuleAccess; java/lang/module/ModuleDescriptor$1
staticfield jdk/internal/module/Modules $assertionsDisabled Z 1
instanceKlass java/util/LinkedHashMap$Entry
ciInstanceKlass java/util/HashMap$Node 1 1 95 10 7 12 1 1 1 9 7 12 1 1 1 9 12 1 1 9 12 1 9 12 1 1 100 1 10 10 12 1 1 8 1 10 12 1 10 12 1 1 10 7 12 1 1 1 100 1 11 12 1 1 10 12 1 1 11 12 1 1 1 1 1 1 1 1 1 1 1 1 1 1 1 1 1 1 1 1 1 1 1 1 1 1 1 1 1 1 100 1 1 1 100 1 1
instanceKlass java/util/HashMap$TreeNode
ciInstanceKlass java/util/LinkedHashMap$Entry 1 1 41 10 7 12 1 1 1 100 1 1 1 1 1 1 1 1 1 1 1 1 1 1 1 1 1 1 1 1 1 1 1 1 1 1 100 1 1 100 1 1 1
instanceKlass java/util/ArrayList$ListItr
ciInstanceKlass java/util/ArrayList$Itr 1 1 103 9 7 12 1 1 1 10 7 12 1 1 1 9 12 1 1 9 7 12 1 1 9 12 1 9 12 1 9 12 1 10 12 1 100 1 10 9 12 1 1 100 1 10 100 1 10 10 12 1 1 100 1 10 100 12 1 1 1 10 12 1 1 11 100 12 1 1 1 100 1 1 1 1 1 1 1 1 1 1 1 1 1 1 1 100 1 1 1 1 1 1 1 1 1 1 1 1 1 1 1 1 1
ciMethod java/util/ArrayList$Itr hasNext ()Z 524 0 85418 0 96
ciMethod java/util/ArrayList$Itr next ()Ljava/lang/Object; 774 0 9667 0 256
ciMethod java/util/ArrayList$Itr <init> (Ljava/util/ArrayList;)V 514 0 78903 0 0
ciMethod java/util/ArrayList$Itr checkForComodification ()V 774 0 19185 0 128
ciInstanceKlass java/util/zip/ZipFile$Source$Key 1 1 84 10 7 12 1 1 1 9 7 12 1 1 1 9 12 1 1 10 7 12 1 1 1 9 12 1 1 100 1 5 0 11 7 12 1 1 1 10 7 12 1 1 1 10 7 12 1 1 1 10 12 1 1 11 12 1 1 10 10 1 1 1 1 1 1 1 1 1 1 1 1 1 1 1 1 1 1 100 1 1 100 1 1 1
ciMethod java/util/HashMap getNode (Ljava/lang/Object;)Ljava/util/HashMap$Node; 4524 250 27945 0 -1
ciMethod java/util/HashMap putVal (ILjava/lang/Object;Ljava/lang/Object;ZZ)Ljava/lang/Object; 788 30 16835 0 -1
ciMethod java/util/HashMap tableSizeFor (I)I 512 0 8206 0 0
ciMethod java/util/HashMap hash (Ljava/lang/Object;)I 1024 0 46569 0 -1
ciMethod java/util/HashMap <init> (IF)V 92 0 5177 0 320
ciMethod java/util/HashMap <init> (I)V 84 0 45557 0 0
ciMethod java/util/LinkedHashMap get (Ljava/lang/Object;)Ljava/lang/Object; 770 0 61099 0 736
ciMethod java/util/LinkedHashMap <init> (I)V 10 0 45318 0 160
ciMethod java/util/LinkedHashMap afterNodeAccess (Ljava/util/HashMap$Node;)V 6 0 1388 0 -1
ciMethod java/util/AbstractList <init> ()V 74 0 672062 0 64
ciMethod java/util/List add (Ljava/lang/Object;)Z 0 0 1 0 -1
ciMethod java/util/List get (I)Ljava/lang/Object; 0 0 1 0 -1
ciMethod java/util/List size ()I 0 0 1 0 -1
ciMethod java/util/List iterator ()Ljava/util/Iterator; 0 0 1 0 -1
ciMethod java/util/Collection size ()I 0 0 1 0 -1
ciMethod java/util/Collection isEmpty ()Z 0 0 1 0 -1
ciMethod java/util/Collection add (Ljava/lang/Object;)Z 0 0 1 0 -1
ciMethod java/lang/Iterable iterator ()Ljava/util/Iterator; 0 0 1 0 -1
ciMethod java/util/AbstractMap <init> ()V 742 0 158664 0 64
ciMethod java/util/AbstractCollection <init> ()V 1012 0 773338 0 64
ciMethod java/util/Arrays copyOf ([Ljava/lang/Object;I)[Ljava/lang/Object; 68 0 68407 0 672
ciMethod java/util/Arrays copyOf ([Ljava/lang/Object;ILjava/lang/Class;)[Ljava/lang/Object; 194 0 12679 0 -1
ciMethod java/lang/Math max (II)I 530 0 141404 0 -1
ciMethod java/lang/Math min (II)I 552 0 91765 0 -1
ciMethod java/util/Map put (Ljava/lang/Object;Ljava/lang/Object;)Ljava/lang/Object; 0 0 1 0 -1
ciMethod java/util/Map get (Ljava/lang/Object;)Ljava/lang/Object; 0 0 1 0 -1
ciMethod java/lang/StringBuilder <init> ()V 176 0 89011 0 -1
ciMethod java/lang/StringBuilder toString ()Ljava/lang/String; 184 0 106533 0 -1
ciMethod java/lang/StringBuilder append (Ljava/lang/String;)Ljava/lang/StringBuilder; 362 0 200302 0 -1
ciMethod java/util/ArrayList iterator ()Ljava/util/Iterator; 514 0 64488 0 192
ciMethod java/util/ArrayList size ()I 256 0 128 0 0
ciMethod java/util/ArrayList isEmpty ()Z 164 0 41256 0 96
ciMethod java/util/ArrayList get (I)Ljava/lang/Object; 512 0 216646 0 192
ciMethod java/util/ArrayList add (Ljava/lang/Object;)Z 514 0 275292 0 448
ciMethod java/util/ArrayList <init> ()V 58 0 515596 0 256
ciMethod java/util/ArrayList <init> (I)V 768 0 9700 0 768
ciMethod java/util/ArrayList add (Ljava/lang/Object;[Ljava/lang/Object;I)V 516 0 275294 0 0
ciMethod java/util/ArrayList elementData (I)Ljava/lang/Object; 512 0 221797 0 -1
ciMethod java/util/ArrayList grow (I)[Ljava/lang/Object; 76 0 6249 0 1536
ciMethod java/util/ArrayList grow ()[Ljava/lang/Object; 76 0 68654 0 0
ciMethod java/util/Iterator hasNext ()Z 0 0 1 0 -1
ciMethod java/util/Iterator next ()Ljava/lang/Object; 0 0 1 0 -1
ciMethod java/lang/Class getName ()Ljava/lang/String; 512 0 28707 0 -1
ciMethod java/lang/Object getClass ()Ljava/lang/Class; 512 0 256 0 -1
ciMethod java/lang/Object <init> ()V 1024 0 4121528 0 64
ciInstanceKlass kotlin/jvm/internal/Intrinsics 1 1 278 10 7 10 10 10 10 10 10 100 10 10 10 100 10 10 100 10 8 8 10 100 10 10 100 10 10 100 10 10 8 8 8 8 10 10 10 10 10 100 10 10 10 10 8 8 10 10 10 8 10 100 10 10 10 10 100 8 8 10 8 10 10 10 100 10 7 100 1 1 1 1 1 1 1 1 1 1 1 1 1 1 1 1 1 1 1 1 1 1 1 1 1 1 1 1 1 1 1 1 1 1 1 1 1 1 1 1 1 1 1 1 1 1 1 1 1 1 1 1 1 1 1 1 1 1 100 1 1 1 1 1 1 1 1 1 1 1 1 1 1 1 1 1 1 1 1 1 1 1 1 1 1 1 1 1 1 1 1 1 100 1 1 1 1 1 1 1 1 1 1 1 1 1 1 1 1 1 100 1 1 1 12 1 12 12 12 12 12 1 12 12 1 1 1 1 12 1 12 1 1 1 1 1 1 12 12 12 100 12 12 1 100 12 100 12 100 12 12 1 1 100 12 100 12 1 12 1 12 12 12 1 1 1 12 1 12 100 100 12 12 1 1 1 1 1 1 1 1 1 1 1 1 1 1 1 1 1 1 1 1 1 1 1 1 1 1 1 1 1 1 1 1 1 1 1 1 1
ciInstanceKlass kotlin/enums/EnumEntriesList 1 1 123 1 7 1 1 7 1 100 1 100 1 1 1 1 1 8 1 7 1 1 12 10 1 12 10 1 12 9 1 1 1 1 1 1 1 1 1 12 9 1 7 1 1 12 10 1 1 1 1 1 1 8 1 100 1 12 10 1 100 1 1 12 10 1 1 1 1 1 1 1 12 10 1 1 1 100 12 10 1 12 10 1 12 10 1 12 10 12 10 1 1 1 1 1 1 3 3 3 1 1 3 1 1 1 1 1 1 1 1 1 1 1 1 1 1 1 1 1 1 1 1 1 1
instanceKlass kotlin/collections/CollectionsKt__CollectionsKt
ciInstanceKlass kotlin/collections/CollectionsKt__CollectionsJVMKt 1 1 212 1 100 1 7 1 1 1 1 1 7 1 12 10 1 8 1 7 1 1 12 10 1 1 1 1 1 1 1 1 1 1 1 8 1 12 10 1 100 1 1 12 10 1 100 1 1 12 11 1 1 12 10 1 1 1 1 12 10 1 1 1 1 7 1 1 12 10 1 7 1 1 12 10 1 1 8 12 10 1 1 1 1 1 8 1 1 12 10 1 8 1 1 1 1 1 1 1 12 10 1 1 12 10 1 1 1 1 1 1 1 8 1 12 10 1 1 1 1 1 1 1 8 1 100 1 12 10 1 1 1 1 8 12 10 1 1 1 1 1 1 1 1 1 1 12 10 7 1 1 12 10 1 7 1 1 12 10 1 8 1 1 1 1 1 1 1 12 10 1 1 1 12 10 1 12 10 1 1 1 1 3 3 3 1 3 1 3 1 1 1 1 1 1 1 1 1 1 1 1 1 1 1 1 1 1 1 1 1 1 1 1
instanceKlass kotlin/collections/CollectionsKt__IterablesKt
ciInstanceKlass kotlin/collections/CollectionsKt__CollectionsKt 1 1 411 1 100 1 100 1 1 1 1 1 8 1 7 1 1 12 10 1 7 1 1 12 10 1 7 1 1 1 1 1 1 7 1 1 12 9 1 7 1 1 1 1 8 1 7 1 12 10 1 7 12 10 1 1 1 1 1 1 7 1 12 10 1 1 1 1 12 10 1 1 1 1 1 1 12 10 1 1 1 100 1 12 10 1 1 1 1 8 1 12 10 1 100 1 1 12 10 1 100 1 1 12 11 1 1 12 10 1 1 1 1 1 1 1 1 1 1 1 1 1 1 1 1 1 8 1 12 10 1 1 12 10 1 1 12 10 1 1 1 1 1 7 1 12 11 1 12 10 1 1 1 1 1 11 1 1 1 1 1 1 1 12 11 1 1 1 1 1 1 1 1 1 1 1 1 1 8 1 100 1 12 11 1 1 1 1 1 1 12 11 1 1 1 1 1 8 1 1 12 10 1 1 12 10 1 1 1 1 1 1 1 1 12 11 1 1 1 1 1 1 12 10 1 100 1 100 1 1 12 10 1 1 1 1 1 1 1 1 1 1 1 12 10 1 1 1 8 1 100 1 1 12 11 1 1 12 10 1 1 1 1 8 1 100 1 12 10 1 12 10 1 1 1 1 1 1 1 1 8 1 100 1 12 10 1 1 100 1 100 10 1 8 1 1 12 10 1 12 10 1 8 1 8 1 1 12 10 1 12 10 1 100 1 8 10 1 8 1 8 1 1 1 100 1 8 10 1 1 8 1 1 1 1 8 1 1 12 11 1 100 1 12 11 1 12 11 1 1 100 1 1 1 8 1 1 12 10 1 1 12 10 10 1 1 1 1 3 3 3 1 3 1 3 1 1 1 1 1 1 1 1 1 1 1 1 1 1 1 1 1 1 1 1 1 1 1 1 1 1 1 1 1 1 1 1 1 1 1 1 1 1
instanceKlass kotlin/collections/CollectionsKt__IteratorsJVMKt
ciInstanceKlass kotlin/collections/CollectionsKt__IterablesKt 1 1 151 1 100 1 100 1 1 1 1 1 8 1 7 1 1 12 10 1 100 1 1 12 10 1 7 1 1 1 1 1 1 1 1 8 1 7 1 1 12 11 1 7 1 1 12 10 1 1 1 1 1 1 1 1 1 1 1 1 7 1 12 10 1 12 11 1 7 1 1 12 11 1 1 12 11 1 7 1 1 12 10 1 7 1 1 1 1 1 1 1 12 10 1 12 10 1 100 1 12 10 1 1 12 10 1 12 10 1 100 1 1 12 10 1 1 1 1 1 1 10 1 1 1 1 3 3 3 1 3 1 3 1 1 1 1 1 1 1 1 1 1 1 1 1 1 1 1 1 1 1 1
instanceKlass kotlin/collections/CollectionsKt
ciInstanceKlass kotlin/collections/CollectionsKt___CollectionsKt 1 1 1638 1 7 1 100 1 1 1 1 1 8 1 7 1 1 12 10 1 7 1 1 12 11 1 1 1 1 1 1 1 1 1 1 1 1 1 1 1 1 7 1 12 11 1 7 1 1 12 10 1 1 1 1 1 1 1 1 16 1 1 12 10 15 1 16 1 7 1 1 12 10 15 1 1 12 18 1 1 12 10 1 1 1 1 1 1 1 8 1 1 12 11 1 7 1 1 12 10 1 100 12 11 1 7 1 1 12 11 1 7 1 1 12 11 1 1 12 11 1 1 1 1 1 7 1 1 1 1 1 12 10 1 1 1 1 1 8 1 7 1 12 10 1 1 1 1 1 1 1 1 1 1 1 1 1 12 11 1 100 1 12 11 1 12 11 1 1 1 1 1 12 10 1 100 1 8 1 1 12 10 1 1 12 11 1 8 1 8 1 1 1 1 1 1 1 8 1 8 1 1 1 1 1 1 1 1 1 1 1 12 11 1 1 12 10 1 1 12 10 1 1 1 1 1 1 1 1 1 1 1 11 1 1 1 1 1 12 11 1 12 10 1 1 1 12 10 1 1 1 1 8 1 12 11 1 1 1 1 1 1 1 1 100 1 1 12 9 1 12 10 1 1 1 8 11 11 1 1 12 10 12 10 1 1 1 12 10 1 1 12 10 1 100 1 8 10 1 1 8 1 8 1 1 1 1 1 1 1 1 7 12 10 1 8 1 1 12 10 1 12 10 1 8 1 1 12 10 10 1 1 12 10 1 1 12 10 12 10 1 1 12 10 1 7 1 12 10 1 7 1 12 10 10 1 12 10 1 7 1 1 12 10 1 1 1 1 1 1 1 1 1 1 7 1 1 12 10 1 12 10 1 1 1 1 1 1 1 1 1 1 1 1 1 1 11 1 1 1 1 1 1 1 1 1 100 1 12 11 1 1 1 1 1 1 1 1 1 1 1 1 1 1 1 8 1 1 1 1 1 1 1 8 1 1 12 10 1 1 1 1 1 1 1 1 1 1 1 1 1 1 1 1 12 10 1 1 1 1 1 1 1 1 1 1 1 1 1 8 1 100 10 1 1 12 10 1 12 10 1 12 10 1 1 12 11 1 1 1 1 1 1 12 10 1 7 10 12 10 1 1 1 1 1 1 11 11 1 1 1 1 1 1 1 1 1 1 12 10 1 1 12 10 1 1 1 1 1 1 12 11 1 1 1 1 1 1 1 8 1 100 1 12 10 1 7 1 1 12 10 1 1 1 1 100 10 1 1 1 1 1 100 1 1 12 10 1 1 1 1 1 12 11 1 100 1 7 1 1 12 10 1 1 12 10 12 10 1 1 1 1 1 1 1 1 1 1 1 1 12 10 1 1 1 1 1 1 1 1 1 8 1 12 10 1 1 1 1 1 1 1 1 1 1 11 1 1 100 1 1 1 1 1 12 10 1 1 1 100 1 1 1 1 100 1 1 12 10 1 1 1 100 1 1 1 1 1 12 10 1 1 1 100 1 1 1 1 1 12 10 1 1 1 100 1 1 1 1 1 100 1 1 1 1 1 12 10 1 1 1 100 1 1 1 1 1 12 10 1 1 1 100 1 1 1 1 7 1 12 10 1 100 10 1 100 1 100 1 12 10 1 12 10 1 12 11 1 1 1 1 1 1 1 1 1 8 1 1 1 1 1 1 1 8 1 1 1 1 1 1 1 1 1 1 1 1 8 1 1 1 1 1 1 1 1 1 1 1 1 1 1 1 100 10 12 10 1 1 12 10 1 1 1 1 12 10 1 1 1 1 7 1 1 12 10 1 1 12 10 1 7 10 1 7 10 1 1 12 10 1 1 1 1 1 12 10 1 1 1 1 1 1 1 1 1 1 1 7 1 12 10 1 1 1 1 1 1 1 1 1 1 1 1 1 1 1 1 1 1 1 1 10 12 11 11 1 1 1 1 1 1 1 1 1 1 1 1 1 1 1 1 1 1 1 1 1 1 1 1 1 1 1 100 1 12 10 1 100 1 1 1 1 1 1 1 1 1 1 1 1 1 1 1 1 1 1 1 1 1 1 1 1 1 1 1 1 1 1 1 1 1 1 1 1 1 1 1 1 1 1 1 1 1 1 1 1 1 1 1 1 7 16 1 1 12 10 15 16 1 12 18 1 12 10 1 1 1 12 10 1 1 1 10 10 1 1 1 1 1 1 1 1 8 1 12 10 1 1 1 1 12 10 1 10 1 1 1 1 1 1 1 1 1 1 1 1 1 1 1 1 12 10 1 1 1 1 1 1 1 1 8 1 1 1 1 1 1 1 1 100 1 12 11 1 1 1 1 1 1 1 1 1 1 1 1 12 11 1 1 1 1 1 1 8 1 1 1 1 1 1 1 1 1 10 1 7 1 1 12 10 1 1 1 1 12 10 1 1 1 12 11 1 1 1 1 1 1 1 1 1 1 1 1 1 1 1 1 1 1 1 1 1 1 1 100 1 12 10 1 1 1 1 100 1 12 10 1 1 1 1 1 12 11 1 1 1 1 1 1 1 1 1 1 1 1 1 1 1 1 1 12 10 1 12 10 1 1 1 1 1 1 1 1 1 1 1 1 1 1 1 1 1 1 1 1 1 1 1 1 1 1 1 1 1 1 1 1 1 1 1 1 1 1 1 1 1 1 1 100 1 8 10 1 1 1 1 1 1 1 1 1 1 1 1 1 1 1 1 1 8 1 1 1 1 1 1 1 1 1 1 1 1 1 1 1 1 1 1 1 1 1 1 1 1 1 1 1 1 1 1 1 1 1 1 1 1 1 1 1 1 1 1 1 1 1 1 1 1 1 1 1 1 1 1 1 1 1 1 1 1 1 1 1 1 1 1 1 1 1 1 1 1 1 1 1 1 1 1 1 1 1 1 1 1 1 1 100 1 12 10 1 12 10 1 1 1 100 1 12 10 12 10 1 1 1 8 1 12 10 1 12 10 1 1 1 1 1 1 1 12 10 1 1 1 1 12 10 1 1 1 1 1 1 1 1 1 8 1 12 10 1 1 1 1 100 1 1 1 1 12 10 1 1 1 1 100 1 12 10 11 1 1 12 10 1 1 1 1 1 12 10 1 1 1 1 1 12 10 1 1 1 12 10 1 12 10 1 12 10 1 1 12 10 1 1 1 1 12 10 1 1 1 100 1 1 12 10 1 12 10 1 1 12 10 1 1 1 1 1 1 1 1 1 1 1 1 100 12 10 1 12 10 1 1 1 1 1 1 12 10 1 7 1 1 12 10 1 1 1 1 1 1 1 1 1 1 1 1 1 1 1 1 1 1 1 1 1 1 1 1 1 1 1 1 1 1 1 1 1 8 1 8 1 8 1 8 1 8 1 7 1 12 11 1 7 1 1 12 10 1 1 1 1 1 1 1 8 1 7 1 8 1 8 12 10 1 1 1 1 1 1 12 10 1 1 1 1 1 1 7 1 12 10 1 1 1 6 0 1 1 1 1 1 1 1 1 1 1 1 1 1 1 1 1 1 1 1 1 100 1 8 10 1 1 10 1 1 1 1 3 3 3 1 3 1 3 1 1 1 1 1 1 1 1 1 1 1 1 1 1 1 1 1 1 1 1 1 1 1 1 1 1 1 1 1 1 1 1 1 100 1 100 1 1 100 1 1 100 1 1 100 1 1 1 1 1 1 1 1 1 1 1 1 1 1 1 1 1 1
ciInstanceKlass kotlin/collections/CollectionsKt 0 0 34 1 100 1 100 1 1 12 10 1 1 1 1 3 3 3 1 3 1 3 1 1 1 1 1 1 1 1 1 1 1 1 1 1
ciInstanceKlass kotlin/collections/EmptyList 1 1 194 1 7 1 7 1 100 1 100 1 100 1 100 1 1 12 10 1 1 1 1 1 1 1 12 11 1 1 1 1 1 1 1 1 8 1 1 1 1 8 1 7 1 1 12 10 1 1 1 1 8 1 7 11 1 1 1 1 100 1 100 10 1 8 1 1 12 10 1 12 10 1 12 10 12 10 1 12 10 1 1 1 1 1 1 1 1 7 1 1 12 9 1 7 1 1 1 7 1 1 8 1 1 1 8 1 8 1 1 1 1 12 9 1 1 100 1 8 10 1 1 1 1 1 1 1 1 1 1 1 12 10 1 7 12 10 12 10 1 12 10 12 10 1 1 1 1 1 1 8 1 7 1 12 10 1 1 1 12 10 1 10 1 1 5 0 1 1 3 3 3 1 1 3 1 1 1 1 1 1 1 1 1 1 1 1 1 1 1 1 1 1 1 1
staticfield kotlin/collections/EmptyList INSTANCE Lkotlin/collections/EmptyList; kotlin/collections/EmptyList
instanceKlass kotlin/collections/ArraysKt
ciInstanceKlass kotlin/collections/ArraysKt___ArraysKt 1 1 3648 1 7 1 100 1 1 1 1 1 8 1 7 1 1 12 10 1 1 1 1 1 1 1 1 1 1 1 1 1 1 1 1 1 1 1 1 1 1 1 1 1 1 1 1 1 1 1 1 7 1 1 12 10 1 1 1 1 1 12 10 1 1 1 12 10 1 1 1 12 10 1 1 1 12 10 1 1 1 1 1 1 1 1 1 1 1 1 1 1 1 1 1 1 1 1 1 1 1 100 1 1 1 100 1 1 12 10 1 1 1 12 10 1 1 1 1 1 8 1 7 1 1 12 10 1 100 1 1 12 11 1 1 1 1 100 1 1 1 100 1 1 12 10 1 1 1 1 12 10 1 1 1 1 12 10 1 1 1 1 12 10 1 1 1 1 12 10 1 1 1 1 12 10 1 1 1 100 1 1 12 10 1 1 1 100 1 1 12 10 1 1 1 1 12 10 1 1 12 10 1 12 10 1 12 10 1 12 10 1 12 10 1 12 10 1 12 10 1 12 10 1 1 1 1 8 1 1 1 100 1 1 1 100 1 12 10 100 1 1 1 100 1 12 10 100 1 1 100 1 1 1 100 1 12 10 100 1 1 1 100 1 12 10 1 1 1 100 1 12 10 1 1 1 12 10 100 1 1 1 12 10 100 1 1 1 1 1 1 1 100 1 8 1 1 12 10 1 1 8 1 1 1 1 1 1 1 1 1 1 1 1 1 1 1 1 1 1 1 1 1 1 1 8 1 8 1 1 1 1 1 1 1 1 1 1 1 1 1 1 1 1 1 1 1 1 1 12 10 1 1 1 1 1 1 1 1 1 1 1 1 1 1 1 1 1 1 1 1 1 1 1 1 1 1 1 1 1 1 12 10 1 1 12 10 1 12 10 12 10 1 12 10 1 12 10 1 12 10 1 12 10 1 12 10 1 1 1 1 1 1 1 1 1 1 100 1 1 12 9 1 12 10 1 1 12 10 1 12 10 1 12 10 1 12 10 1 12 10 1 12 10 1 12 10 1 12 10 1 8 1 1 12 10 1 1 12 10 1 1 12 10 1 12 10 1 12 10 1 12 10 1 12 10 1 12 10 1 12 10 1 12 10 1 1 100 1 8 10 1 1 8 1 1 1 8 1 12 10 10 1 1 8 10 1 1 8 10 1 1 8 10 1 1 8 10 1 1 8 10 1 1 8 1 1 8 1 1 1 1 1 1 1 1 100 1 12 10 1 8 1 1 12 10 1 12 10 1 8 1 1 12 10 10 1 7 1 1 12 10 1 12 10 1 1 1 1 1 12 10 1 1 1 12 10 1 1 1 12 10 1 1 1 12 10 1 1 1 12 10 1 1 1 12 10 1 1 1 12 10 1 1 1 12 10 1 1 1 12 10 1 1 12 10 1 12 10 1 12 10 1 12 10 1 12 10 1 12 10 1 12 10 1 12 10 1 1 1 1 1 7 1 1 12 10 1 1 1 1 1 1 1 1 1 1 1 1 1 1 1 1 1 1 1 1 7 10 1 1 12 10 1 7 1 1 1 1 1 1 1 1 7 11 1 1 1 1 1 1 1 1 1 1 100 1 12 11 1 1 1 1 1 1 1 1 1 1 1 1 1 1 1 1 1 1 1 1 1 1 1 1 1 1 1 1 1 1 1 1 1 1 1 1 1 1 8 1 1 1 1 1 1 1 1 1 1 1 1 1 1 1 1 1 1 1 1 1 1 1 1 1 1 1 1 1 1 1 1 8 1 1 12 10 1 1 1 1 1 1 1 1 1 1 1 1 1 1 1 1 12 10 1 1 1 1 1 1 1 1 1 1 1 1 1 1 1 1 1 1 1 1 1 1 1 1 1 1 1 1 1 8 1 100 1 12 10 1 1 12 10 1 12 10 1 1 12 10 1 12 10 1 1 1 1 1 12 10 1 12 10 1 1 1 12 10 1 12 10 1 1 1 12 10 1 12 10 1 1 1 12 10 1 12 10 1 1 1 12 10 1 12 10 1 1 1 12 10 1 12 10 1 1 1 12 10 1 12 10 1 1 1 12 10 1 12 10 1 1 1 1 12 10 1 12 10 1 7 1 1 12 11 1 7 1 12 11 1 1 12 11 1 1 1 1 1 1 1 1 1 1 1 1 1 1 1 1 1 1 1 1 1 12 11 1 1 12 10 11 1 1 1 1 1 1 1 1 1 1 1 1 1 1 1 1 1 1 1 1 1 1 1 1 1 1 1 1 1 1 12 10 1 1 12 10 1 1 1 12 10 1 12 10 1 12 10 1 12 10 1 12 10 1 12 10 1 12 10 1 12 10 1 1 1 1 1 1 1 1 1 1 1 1 12 10 1 1 12 10 12 10 12 10 12 10 12 10 12 10 12 10 12 10 1 1 1 1 1 1 1 1 1 1 1 1 1 1 1 1 1 1 1 1 1 100 1 1 12 9 1 100 1 1 12 10 1 1 1 1 1 1 1 1 1 1 1 1 12 10 1 12 10 1 1 1 12 10 1 12 10 1 12 10 1 12 10 1 12 10 1 12 10 1 12 10 1 12 10 1 1 1 1 1 1 1 1 1 1 1 1 1 1 1 1 12 10 1 1 12 10 1 12 10 1 12 10 1 12 10 1 12 10 1 12 10 1 12 10 1 12 10 1 1 1 1 1 1 1 8 1 100 1 12 10 1 100 1 1 12 10 1 1 1 1 100 10 1 1 1 1 1 1 100 1 1 12 10 1 1 1 12 10 12 10 12 10 12 10 12 10 12 10 12 10 12 10 12 10 12 10 12 10 12 10 12 10 12 10 1 1 1 1 1 12 10 1 1 1 12 10 100 12 10 1 1 1 1 12 10 1 1 1 1 12 10 1 1 1 1 12 10 1 1 1 1 12 10 1 1 1 1 12 10 1 1 1 1 12 10 1 1 1 1 1 100 1 12 10 1 8 1 12 10 1 1 1 1 12 10 1 1 1 12 10 1 1 1 12 10 1 1 1 12 10 1 1 1 12 10 1 1 1 12 10 1 1 1 12 10 1 1 1 1 1 1 12 10 1 1 12 10 1 1 12 10 1 1 12 10 1 1 12 10 1 1 12 10 1 1 12 10 1 1 1 1 1 1 8 1 1 1 1 1 1 1 1 12 10 1 1 1 1 12 10 1 1 12 10 1 1 12 10 1 1 12 10 1 1 12 10 1 1 12 10 1 1 12 10 1 1 12 10 1 1 1 1 1 12 10 1 1 12 10 1 1 12 10 1 1 12 10 1 1 12 10 1 1 12 10 1 1 12 10 1 1 1 12 10 1 1 1 1 1 1 1 1 1 1 1 1 1 1 1 1 1 1 1 1 1 12 10 1 1 1 1 1 1 1 1 1 1 12 10 1 1 1 1 1 1 1 1 1 1 1 1 1 1 1 1 1 1 1 1 1 1 1 1 1 1 12 10 12 10 12 10 12 10 12 10 12 10 12 10 12 10 12 10 12 10 12 10 12 10 12 10 12 10 12 10 1 1 1 1 1 1 1 1 1 1 1 1 1 1 1 1 1 1 1 1 1 1 1 1 1 1 1 1 7 1 12 10 1 100 10 1 100 1 100 1 12 10 1 12 10 1 12 11 1 1 1 1 1 1 1 1 1 1 1 1 1 1 1 1 1 1 1 1 1 1 1 1 1 8 1 1 1 1 1 1 1 1 1 1 1 1 1 1 1 8 1 1 1 1 1 1 1 1 1 1 1 1 1 1 1 1 1 1 1 1 1 1 1 1 1 1 1 1 1 1 1 1 1 1 1 1 1 1 1 1 1 1 1 1 1 1 1 1 1 1 1 1 1 1 1 1 1 1 1 1 1 1 1 1 1 1 1 1 8 1 1 1 1 1 1 1 1 1 1 1 1 1 1 12 10 1 1 1 1 1 1 1 1 1 1 1 1 1 1 1 1 1 1 1 1 1 1 1 1 1 1 1 1 1 1 1 1 1 1 100 10 12 10 1 1 1 12 10 1 1 12 10 1 1 12 10 1 1 12 10 1 1 12 10 1 1 12 10 1 1 12 10 1 1 12 10 1 1 1 12 10 1 12 10 1 1 1 1 1 100 1 1 12 10 1 1 12 10 1 7 10 1 7 1 1 1 1 1 1 1 1 1 1 1 1 1 1 1 1 1 1 1 1 1 12 10 1 1 1 1 1 1 1 1 1 1 1 1 1 1 1 1 1 1 1 7 1 12 10 1 1 1 1 1 1 1 1 1 1 1 1 1 1 1 1 1 1 1 1 1 1 1 1 1 1 1 1 1 1 1 1 1 1 1 1 1 1 1 1 1 1 1 1 10 1 12 11 11 1 1 1 1 1 1 1 1 1 1 1 1 1 1 1 1 1 1 1 1 1 1 1 1 1 1 1 1 1 1 1 1 1 1 1 1 1 1 1 1 1 1 1 1 1 1 1 1 1 1 1 1 1 1 1 1 1 1 1 1 1 1 1 1 1 1 1 1 1 1 1 1 1 1 1 1 1 1 1 1 1 1 1 1 1 1 1 1 1 1 1 100 12 10 1 100 1 1 1 1 1 1 1 1 1 1 1 1 1 1 1 1 1 1 1 1 1 1 1 1 1 1 1 1 1 1 1 1 1 1 1 1 1 1 1 1 1 1 1 1 1 1 1 1 1 1 1 1 1 1 1 1 1 1 1 1 1 1 1 1 1 1 1 1 1 1 1 1 1 1 1 1 1 1 1 1 1 1 1 7 16 1 1 12 10 15 16 1 7 1 1 12 10 15 1 12 18 1 12 10 1 1 1 1 1 12 10 15 1 12 18 1 1 1 1 12 10 15 1 12 18 1 1 1 1 12 10 15 1 12 18 1 1 1 1 12 10 15 1 12 18 1 1 1 1 12 10 15 1 12 18 1 1 1 1 12 10 15 1 12 18 1 1 1 1 12 10 15 1 12 18 1 1 1 1 12 10 15 1 12 18 1 1 12 10 1 12 10 1 12 10 12 10 12 10 12 10 12 10 12 10 12 10 12 10 1 1 10 10 1 1 1 1 1 1 1 1 1 1 1 1 1 1 1 1 1 8 1 12 10 1 1 1 1 1 1 1 1 1 1 1 1 1 1 1 1 1 1 1 1 12 10 1 1 1 1 1 1 1 1 1 1 1 1 1 1 1 1 1 1 1 1 1 1 1 1 1 1 1 1 1 1 1 8 1 1 1 1 1 1 1 1 1 1 1 1 1 1 1 1 1 1 1 1 1 1 1 1 100 1 12 11 1 1 1 1 1 1 1 1 1 1 1 1 1 1 1 1 1 1 1 1 1 1 1 1 1 1 1 1 1 1 1 1 1 1 1 1 1 1 1 1 1 1 1 1 1 1 8 1 1 1 1 1 1 1 1 1 1 1 1 1 1 1 1 1 1 1 1 1 1 1 1 1 1 1 1 1 1 1 1 1 1 1 1 1 1 1 10 1 7 1 1 12 10 1 1 1 12 10 1 1 1 100 1 1 12 11 1 1 12 10 1 1 1 1 1 1 1 1 1 1 1 1 1 1 1 1 1 1 1 1 1 1 1 1 1 1 1 1 1 1 1 1 1 1 1 1 1 1 1 1 1 1 1 1 1 1 1 1 1 1 1 1 1 1 1 1 1 1 1 1 1 1 1 1 1 1 1 1 1 1 1 1 1 1 1 1 1 1 1 1 1 1 1 1 1 1 1 1 1 1 1 1 1 1 1 1 1 1 1 1 1 1 1 1 1 1 1 1 1 1 1 1 1 1 1 1 1 1 1 1 12 11 1 1 1 1 1 1 1 1 1 1 1 1 1 1 1 1 1 1 1 1 1 1 1 1 1 1 1 1 1 1 1 1 1 1 1 1 1 1 1 1 1 1 1 1 1 1 1 1 1 1 1 1 1 1 1 1 1 1 1 1 1 1 1 12 10 1 12 10 1 1 1 1 1 1 1 1 1 1 1 1 1 1 1 1 1 1 1 1 1 1 1 1 1 1 1 1 1 1 1 1 1 1 1 1 1 1 1 1 1 1 1 1 1 1 1 1 1 1 1 1 1 1 1 1 1 1 1 1 1 1 1 1 1 1 1 1 1 1 1 1 1 1 1 1 1 1 1 1 1 1 1 1 1 1 1 1 1 1 1 1 1 1 1 1 1 1 1 1 1 1 1 1 1 100 1 8 10 1 1 1 1 1 1 1 1 1 1 1 1 1 1 1 1 1 1 1 1 1 1 1 1 1 1 1 1 1 1 1 1 1 1 1 1 1 1 1 1 1 1 1 1 1 1 1 1 1 1 1 1 1 1 1 1 1 1 1 1 1 1 1 1 1 1 1 1 1 1 1 1 1 1 1 1 1 1 1 1 1 1 1 1 1 1 1 1 1 1 1 1 1 1 1 1 1 1 1 1 1 1 1 1 1 1 1 1 1 1 1 1 1 1 1 1 1 1 1 1 1 1 1 1 1 1 1 1 1 1 1 1 1 1 1 1 1 1 1 1 1 1 1 1 1 1 1 1 1 1 1 1 1 1 1 1 1 1 1 1 1 1 1 1 1 1 1 1 1 1 1 1 1 1 1 1 1 1 1 1 1 1 1 1 1 1 1 1 1 1 1 1 1 1 1 1 1 1 1 1 1 1 1 1 1 1 1 1 1 1 1 1 1 1 1 1 1 1 1 1 1 1 1 1 1 1 1 1 1 1 1 1 1 1 1 1 1 1 1 1 1 1 1 1 1 1 1 1 1 1 1 1 1 1 1 1 1 1 1 1 1 1 1 1 1 1 1 1 1 1 1 1 1 1 1 1 1 1 1 1 1 1 1 1 1 1 1 1 1 1 1 1 1 1 1 1 1 100 1 12 10 1 12 10 1 1 1 1 1 1 1 1 1 1 1 100 1 12 10 12 10 1 1 1 1 1 1 1 1 1 1 8 1 12 10 1 12 10 1 1 1 1 1 12 10 1 1 1 1 1 1 1 1 1 1 1 1 1 1 1 1 1 1 1 1 1 1 12 10 1 7 1 1 12 10 1 1 1 1 1 1 1 1 1 1 1 1 1 1 1 1 1 1 1 1 1 1 1 1 1 1 1 1 1 1 1 1 1 1 1 1 1 1 1 1 1 1 1 1 1 1 1 1 1 1 1 1 1 1 1 1 1 1 1 1 1 1 1 1 1 1 1 1 1 1 1 1 1 1 1 1 1 1 1 1 1 1 1 1 1 1 1 1 1 1 1 1 1 1 1 1 1 1 1 1 1 1 1 1 1 1 1 1 1 1 1 1 1 1 1 1 1 1 1 1 1 1 1 1 1 1 1 1 1 1 1 1 8 1 8 1 8 1 8 1 8 1 100 1 12 11 1 100 1 1 12 10 1 1 1 1 1 1 1 8 1 100 1 8 1 8 12 10 1 1 1 100 1 12 10 1 12 10 1 1 1 12 10 1 1 1 12 10 1 1 1 12 10 1 12 10 1 1 1 12 10 1 12 10 1 1 1 12 10 1 12 10 1 1 1 12 10 1 12 10 1 1 1 12 11 1 12 10 1 1 1 1 1 1 12 10 1 1 1 12 10 1 1 1 12 10 1 1 1 12 10 1 1 1 12 10 1 1 1 12 10 1 1 1 12 10 1 1 1 12 10 1 1 1 12 10 1 1 1 100 12 10 1 1 1 100 12 10 1 1 100 12 10 1 1 100 12 10 1 1 100 12 10 1 1 100 12 10 1 1 100 12 10 1 1 100 12 10 1 1 100 12 10 1 1 1 1 7 1 1 12 10 1 7 10 1 1 1 1 100 10 1 1 1 100 10 1 1 1 100 10 1 1 1 100 10 1 1 1 100 10 1 1 1 100 10 1 1 1 100 10 1 1 1 100 10 1 1 6 0 1 100 1 1 100 1 1 100 1 1 100 1 1 100 1 100 1 1 1 1 1 1 1 1 1 1 1 1 1 1 1 7 12 10 1 1 100 1 12 10 1 12 10 1 12 10 1 12 10 1 12 10 1 12 10 1 12 10 1 12 10 10 1 1 1 1 3 3 3 1 3 1 3 1 1 1 1 1 1 1 1 1 1 1 1 1 1 1 1 1 1 1 1 1 1 1 1 1 1 1 1 1 1 1 1 1 1 1 100 1 100 1 1 100 1 1 100 1 1 100 1 1 100 1 1 100 1 1 100 1 1 100 1 1 100 1 1 100 1 1 1 1 1 1 1 1 1 1 1 1 1 1 1 1 1 1
ciInstanceKlass kotlin/collections/ArraysKt 0 0 28 1 100 1 100 1 1 12 10 1 1 1 1 3 3 3 1 3 1 3 1 1 1 1 1 1 1 1
instanceKlass kotlin/collections/MapsKt__MapsKt
ciInstanceKlass kotlin/collections/MapsKt__MapsJVMKt 1 1 258 1 100 1 100 1 1 1 1 1 8 1 7 1 1 12 10 1 7 1 1 12 10 1 12 10 1 7 1 1 12 10 1 8 1 12 10 1 1 1 1 1 1 1 1 1 1 8 1 100 1 1 12 10 1 100 1 1 12 11 1 1 12 10 1 1 1 1 12 10 1 1 1 1 7 1 1 12 10 1 7 1 1 12 10 1 1 8 12 10 1 1 1 1 1 8 1 8 1 100 1 12 11 1 100 12 11 1 1 12 11 1 1 1 1 1 1 1 1 1 100 1 1 1 1 100 1 12 10 1 100 1 1 1 1 8 1 12 10 1 12 10 1 1 1 1 1 1 1 1 8 10 1 12 10 1 1 1 1 1 1 1 1 1 1 1 1 100 10 10 1 1 1 1 1 1 1 12 10 1 1 1 1 12 11 1 100 1 1 12 11 1 100 1 12 11 1 100 1 12 11 1 12 11 1 8 1 1 1 1 1 1 3 4 3 1 10 1 1 1 1 1 3 3 3 1 3 1 3 1 1 1 1 1 1 1 1 1 1 1 1 1 1 1 1 1 1 1 1 1 1 1 1 1 1 1 1 1
ciInstanceKlass kotlin/collections/MapsKt 0 0 29 1 100 1 100 1 1 12 10 1 1 1 1 3 3 3 1 3 1 3 1 1 1 1 1 1 1 1 1
ciInstanceKlass kotlin/collections/builders/ListBuilderKt 1 1 164 1 7 1 7 1 1 1 1 1 8 1 100 1 1 12 10 1 1 12 10 1 1 1 1 1 1 1 100 1 12 10 1 8 1 1 12 10 1 8 1 8 1 12 10 1 8 10 1 8 1 7 1 1 12 10 1 1 1 1 1 1 1 1 1 1 1 1 1 1 1 1 12 10 1 1 100 1 1 1 1 100 12 11 1 1 12 11 1 1 12 10 1 1 1 1 1 1 1 8 1 12 10 1 7 1 12 10 1 8 1 1 1 1 1 1 1 1 1 1 12 10 1 1 1 1 12 10 1 1 12 10 1 12 10 1 1 3 3 3 1 1 3 1 1 1 1 1 1 1 1 1 1 1 1 1 1 1 1 1 1 1 1 1
instanceKlass kotlin/ranges/RangesKt
ciInstanceKlass kotlin/ranges/RangesKt___RangesKt 1 1 684 1 100 1 100 1 1 1 1 1 1 1 8 1 7 1 1 12 10 1 7 1 1 12 10 1 100 1 100 1 1 12 10 1 8 1 1 12 10 1 12 10 1 8 1 1 12 10 1 12 10 1 1 12 10 1 1 1 1 100 10 1 12 10 1 1 1 100 10 1 12 10 1 1 1 1 1 7 1 1 12 10 1 1 1 100 1 12 10 1 1 100 1 12 10 1 1 12 10 1 12 10 12 10 1 1 1 1 1 1 1 100 1 1 12 9 1 7 1 12 10 1 1 1 1 12 10 1 1 1 12 10 1 1 100 8 1 100 1 1 12 10 1 12 10 1 1 1 1 1 12 10 1 100 10 10 1 12 10 1 1 1 1 12 10 1 1 1 12 10 1 1 12 10 1 7 10 1 100 10 10 1 1 1 12 10 1 12 10 1 1 1 1 1 12 10 1 12 10 1 1 1 12 10 1 12 10 1 1 1 1 1 1 1 100 1 100 1 12 11 1 1 1 1 1 1 1 1 100 1 12 10 1 1 1 1 1 1 1 1 1 1 100 1 12 10 1 1 100 1 12 10 1 1 1 1 1 1 1 100 11 1 1 1 1 12 10 1 12 10 1 1 1 12 10 1 1 1 1 1 1 12 10 1 1 1 1 12 10 1 1 1 100 1 1 12 10 1 1 1 1 1 12 10 1 1 1 12 10 1 1 12 10 1 1 12 10 1 1 1 1 1 1 1 1 12 10 1 1 1 12 10 1 1 1 1 1 1 1 1 12 10 1 1 1 12 10 1 1 1 1 12 10 1 1 1 12 10 1 1 1 1 1 1 1 1 1 12 10 1 1 1 1 1 1 12 10 1 1 1 1 1 1 1 12 10 1 12 10 1 1 1 1 12 9 1 7 1 1 12 10 1 1 1 1 12 9 5 0 1 100 1 12 10 1 1 1 1 12 9 1 100 1 12 10 1 1 1 1 1 1 1 1 1 1 1 1 1 1 1 1 12 10 1 1 12 10 1 10 1 1 1 7 1 1 12 10 1 1 1 1 12 10 1 5 0 5 0 6 0 6 0 4 4 5 0 5 0 1 6 0 6 0 4 4 6 0 6 0 1 4 4 3 1 5 0 5 0 6 0 6 0 4 4 1 1 1 12 10 1 1 1 12 10 1 1 1 1 12 10 1 12 9 1 100 1 1 12 10 1 12 10 1 3 1 12 9 1 100 1 12 10 1 1 1 1 5 0 1 12 9 1 100 1 12 10 1 1 1 1 1 1 1 1 1 1 1 8 1 1 12 11 1 1 1 1 1 1 1 1 1 8 1 1 1 1 1 8 1 8 1 12 10 10 1 1 1 12 10 1 1 1 1 12 10 1 1 12 10 1 1 12 10 1 1 1 1 8 1 100 11 1 8 1 1 12 11 1 1 12 11 1 12 11 1 1 1 12 10 11 11 11 1 1 10 1 1 10 10 1 1 1 1 3 3 3 1 3 1 3 1 1 1 1 1 1 1 1 100 1 1 1 1 1 1 1 1 1 1 1 1 1 1 1
ciInstanceKlass kotlin/ranges/RangesKt 0 0 26 1 100 1 100 1 1 12 10 1 1 1 1 3 3 3 1 3 1 3 1 1 1 1 1 1
ciInstanceKlass org/jetbrains/kotlin/config/MavenComparableVersion$ListItem 1 1 118 1 7 1 1 7 1 7 1 1 100 1 1 1 100 1 1 12 10 1 1 1 1 1 1 1 12 10 1 1 1 12 10 12 11 1 12 10 1 1 1 1 1 1 12 11 12 11 1 1 12 10 1 7 1 12 11 1 1 12 11 1 100 1 7 10 1 8 1 1 12 10 1 100 1 1 12 10 1 12 10 1 1 12 10 1 12 10 1 1 1 1 1 1 1 1 1 1 12 10 1 12 10 1 1 1 1 10 1 1 1 1 1 1 1 1 1 1
ciInstanceKlass kotlin/reflect/KProperty 1 0 51 1 100 1 1 100 1 100 1 1 1 1 1 1 1 1 1 3 3 3 1 1 3 1 1 1 1 1 1 1 1 1 1 1 1 1 1 1 1 100 1 100 1 1 100 1 1 1 1 1 1
ciInstanceKlass kotlin/jvm/internal/DefaultConstructorMarker 1 1 16 10 100 100 1 1 1 1 1 1 1 1 1 12 1 1
ciInstanceKlass kotlin/TuplesKt 1 1 82 1 100 1 100 1 1 1 1 1 7 1 1 12 10 1 1 1 1 1 1 1 8 1 100 1 1 12 10 1 1 12 10 1 12 10 1 100 1 1 12 10 1 1 1 1 1 100 10 10 1 12 10 1 1 1 1 1 1 3 3 3 1 1 3 1 1 1 1 1 1 1 1 1 1 1 1 1 1 1 1 1
ciInstanceKlass kotlin/Pair 1 1 104 1 7 1 1 7 1 100 1 1 1 1 12 10 1 1 12 9 1 12 9 1 1 1 1 1 1 1 1 1 1 1 100 10 1 1 12 10 1 12 10 1 8 1 12 10 12 10 1 1 1 1 1 12 10 1 1 12 10 1 1 12 10 1 1 1 1 1 1 7 1 1 12 10 1 1 1 1 1 3 3 3 1 1 3 1 1 1 1 1 1 1 1 1 1 1 1 1 1 1 1 1 1 1
ciInstanceKlass kotlin/jvm/functions/Function3 1 0 36 1 100 1 1 100 1 100 1 1 1 1 1 3 3 3 1 1 3 1 1 1 1 1 1 1 1 1 1 1 1 1 1 1 1 1
instanceKlass org/jetbrains/kotlin/utils/exceptions/KotlinIllegalStateExceptionWithAttachments
instanceKlass org/jetbrains/kotlin/fir/symbols/FirLazyResolveForbiddenException
instanceKlass org/jetbrains/kotlin/resolve/jvm/modules/JavaModuleInfo$FileReadingException
instanceKlass java/util/concurrent/CancellationException
ciInstanceKlass java/lang/IllegalStateException 0 0 35 10 100 12 1 1 1 10 12 1 10 12 1 10 12 1 100 1 1 1 1 5 0 1 1 1 1 1 1 1 1 1 1 1 1
ciInstanceKlass java/lang/UnsupportedOperationException 0 0 34 10 100 12 1 1 1 10 12 1 10 12 1 10 12 1 100 1 1 1 1 5 0 1 1 1 1 1 1 1 1 1 1 1
ciInstanceKlass java/util/NoSuchElementException 0 0 34 10 100 12 1 1 1 10 12 1 10 12 1 10 12 1 100 1 1 1 1 5 0 1 1 1 1 1 1 1 1 1 1 1
ciInstanceKlass java/util/ConcurrentModificationException 0 0 34 10 100 12 1 1 1 10 12 1 10 12 1 10 12 1 100 1 1 1 1 5 0 1 1 1 1 1 1 1 1 1 1 1
instanceKlass org/jetbrains/kotlin/diagnostics/impl/DeduplicatingDiagnosticReporter
instanceKlass org/jetbrains/kotlin/diagnostics/impl/BaseDiagnosticsCollector
ciInstanceKlass org/jetbrains/kotlin/diagnostics/DiagnosticReporter 1 1 50 1 100 1 7 1 1 1 3 3 3 1 1 3 1 1 1 1 1 1 1 1 1 1 1 1 1 1 1 1 12 10 1 1 1 1 1 8 1 100 1 1 12 10 1 1 1 1 1 1
ciInstanceKlass kotlin/Unit 1 1 41 1 7 1 7 1 1 12 10 1 1 1 1 1 1 8 1 10 1 12 9 1 1 3 3 3 1 1 3 1 1 1 1 1 1 1 1 1 1 1 1
staticfield kotlin/Unit INSTANCE Lkotlin/Unit; kotlin/Unit
ciInstanceKlass kotlin/collections/EmptyIterator 1 1 73 1 7 1 7 1 100 1 100 1 1 12 10 1 1 1 1 1 1 1 1 1 1 1 1 100 10 1 1 1 100 1 8 1 12 10 1 1 1 1 1 1 12 10 12 10 1 1 1 10 1 12 9 1 1 3 3 3 1 1 3 1 1 1 1 1 1 1 1 1 1 1 1
staticfield kotlin/collections/EmptyIterator INSTANCE Lkotlin/collections/EmptyIterator; kotlin/collections/EmptyIterator
ciInstanceKlass kotlin/properties/ReadOnlyProperty 1 0 34 1 100 1 1 100 1 1 1 1 1 1 3 3 3 1 1 3 1 1 1 1 1 1 1 1 1 1 1 1 1 1 1 1
instanceKlass org/jetbrains/kotlin/kotlinx/collections/immutable/implementations/immutableList/PersistentVectorBuilder
instanceKlass kotlin/collections/ArrayDeque
instanceKlass kotlin/collections/ReversedList
instanceKlass kotlin/collections/builders/ListBuilder
ciInstanceKlass kotlin/collections/AbstractMutableList 1 1 62 1 7 1 1 7 1 100 1 100 1 1 12 10 1 1 1 1 1 1 1 1 1 1 1 1 12 10 1 1 1 1 1 12 10 1 1 1 1 1 3 3 3 1 1 3 1 1 1 1 1 1 1 1 1 1 1 1 1 1 1 1
ciInstanceKlass kotlin/collections/builders/ListBuilder 1 1 376 1 7 1 1 7 1 7 1 100 1 100 1 100 1 1 1 12 10 1 7 1 1 12 10 1 1 12 9 1 1 1 1 1 12 10 1 1 1 1 1 12 10 1 1 12 9 1 12 9 1 12 9 1 1 1 100 1 7 1 12 10 1 100 1 8 1 12 10 1 1 1 1 1 1 1 1 7 1 1 12 9 1 7 1 1 12 10 1 1 1 1 1 1 1 1 1 1 7 1 1 12 10 1 1 1 1 1 1 1 12 10 1 7 1 1 1 1 12 10 1 7 1 12 10 1 7 1 1 1 1 1 12 10 1 1 1 1 1 8 1 1 12 10 1 12 11 1 1 12 10 1 1 1 1 1 1 12 10 1 1 12 10 1 12 10 12 10 1 1 1 1 12 10 1 1 1 1 1 1 12 10 1 100 1 12 10 1 1 1 1 1 1 8 1 7 1 1 12 10 1 7 1 1 12 10 1 8 1 12 10 1 7 1 1 12 10 1 100 1 1 12 10 1 1 12 10 1 1 1 1 12 10 1 1 1 1 12 10 1 1 1 1 12 10 1 1 12 9 1 100 10 1 1 12 10 1 100 10 1 1 12 10 1 1 12 10 1 1 1 1 1 12 10 1 1 12 10 12 10 12 10 1 12 11 1 12 11 1 1 1 1 1 12 10 1 1 12 10 1 1 1 1 12 11 1 1 100 12 10 1 1 1 1 1 1 1 1 1 1 1 1 1 1 1 1 1 1 1 1 7 1 12 10 1 12 9 1 1 1 1 3 3 3 1 1 3 1 1 1 1 1 1 1 1 1 1 1 1 1 1 1 1 1 1 1 1 1 1 1 1 1 1 1 1 1
staticfield kotlin/collections/builders/ListBuilder Companion Lkotlin/collections/builders/ListBuilder$Companion; kotlin/collections/builders/ListBuilder$Companion
staticfield kotlin/collections/builders/ListBuilder Empty Lkotlin/collections/builders/ListBuilder; kotlin/collections/builders/ListBuilder
instanceKlass kotlin/ranges/IntRange
ciInstanceKlass kotlin/ranges/IntProgression 1 1 130 1 7 1 1 7 1 100 1 100 1 1 1 12 10 1 100 1 8 1 12 10 3 1 8 1 1 12 9 1 7 1 1 12 10 1 12 9 1 12 9 1 1 1 1 1 1 1 1 1 1 1 1 7 12 10 1 7 1 1 1 1 1 12 10 1 1 1 1 1 1 100 10 1 1 12 10 1 8 1 12 10 1 8 12 10 1 8 1 100 1 12 10 1 7 1 1 7 1 12 10 1 1 12 9 1 1 3 3 3 1 1 3 1 1 1 1 1 1 1 1 1 1 1 1 1 1 1 1 1
staticfield kotlin/ranges/IntProgression Companion Lkotlin/ranges/IntProgression$Companion; kotlin/ranges/IntProgression$Companion
ciInstanceKlass kotlin/ranges/IntRange 1 1 154 1 7 1 1 7 1 100 1 100 1 1 1 12 10 1 1 1 1 1 1 1 1 1 1 12 10 1 7 1 1 12 10 1 1 12 10 1 3 1 100 1 8 1 100 1 1 12 10 1 12 10 1 1 1 1 1 1 1 1 1 1 1 1 1 1 1 1 1 1 1 12 10 1 1 1 1 100 12 10 1 1 12 10 1 8 1 12 10 10 1 12 10 1 100 12 10 12 10 1 1 100 1 12 10 12 10 1 1 1 1 12 9 1 1 7 1 12 10 1 1 12 9 12 10 1 1 3 3 3 1 1 3 1 1 1 1 1 1 1 1 1 1 1 1 1 1 1 1 1 1 1 1 1
staticfield kotlin/ranges/IntRange Companion Lkotlin/ranges/IntRange$Companion; kotlin/ranges/IntRange$Companion
staticfield kotlin/ranges/IntRange EMPTY Lkotlin/ranges/IntRange; kotlin/ranges/IntRange
ciInstanceKlass kotlin/internal/ProgressionUtilKt 1 1 58 1 7 1 100 1 1 1 1 1 1 1 1 1 12 10 1 1 12 10 1 1 12 10 1 100 1 8 1 1 12 10 1 1 1 12 10 1 1 3 3 3 1 1 3 1 1 1 1 1 1 1 1 1 1 1 1 1
instanceKlass org/jetbrains/kotlin/util/ComponentArrayOwner
instanceKlass org/jetbrains/kotlin/util/AttributeArrayOwner
ciInstanceKlass org/jetbrains/kotlin/util/AbstractArrayMapOwner 1 1 110 1 7 1 1 7 1 100 1 100 1 1 1 3 3 1 3 1 3 1 1 1 1 1 1 1 1 1 1 1 1 1 1 1 1 1 1 1 1 1 1 1 1 1 1 1 1 1 1 1 1 1 100 12 10 1 1 1 1 1 1 8 1 7 1 1 12 10 8 1 7 1 1 12 11 1 1 12 10 12 10 1 1 1 12 10 1 7 12 10 1 1 1 12 10 1 1 12 10 1 1 1 1 1 1 1 1 1 1 1
instanceKlass org/jetbrains/kotlin/fir/declarations/FirDeclarationAttributes
instanceKlass org/jetbrains/kotlin/fir/types/ConeAttributes
instanceKlass org/jetbrains/kotlin/fir/FirModuleCapabilities
ciInstanceKlass org/jetbrains/kotlin/util/AttributeArrayOwner 1 1 311 1 7 1 1 7 1 1 1 3 3 1 3 1 3 1 1 1 1 1 1 1 1 1 1 1 1 1 1 1 1 1 1 1 1 1 1 1 1 1 1 1 1 1 1 100 1 100 1 1 100 1 7 1 1 1 8 1 7 1 1 12 10 12 10 12 9 1 1 1 7 1 1 12 9 1 8 1 12 10 1 7 12 10 1 1 100 8 8 1 1 12 10 1 7 1 1 12 10 1 1 12 10 1 100 1 100 1 8 1 12 10 1 12 10 1 7 1 12 10 1 8 1 8 1 100 1 12 10 1 12 10 10 1 1 12 10 1 1 12 10 10 1 1 1 1 1 1 1 1 1 1 1 1 100 10 1 8 1 1 12 10 1 12 10 1 8 1 12 10 1 1 12 10 1 8 1 1 12 10 1 12 10 1 1 12 10 1 8 1 100 1 100 1 100 1 1 12 10 1 12 10 1 100 1 1 12 11 1 100 1 1 12 11 1 12 11 1 12 10 1 1 12 11 11 1 100 1 12 10 1 8 1 8 1 1 12 11 1 100 1 8 1 8 1 1 1 1 1 1 1 1 1 1 1 1 1 1 1 1 1 1 1 1 1 1 1 1 1 1 1 1 8 1 12 10 1 1 12 10 1 8 1 12 10 10 1 1 12 10 1 1 12 10 1 12 10 1 12 10 1 1 1 1 1 1 1 1 1 1 1
instanceKlass org/jetbrains/kotlin/util/OneElementArrayMap
instanceKlass org/jetbrains/kotlin/util/ArrayMapImpl
instanceKlass org/jetbrains/kotlin/util/EmptyArrayMap
ciInstanceKlass org/jetbrains/kotlin/util/ArrayMap 1 1 72 1 7 1 1 7 1 100 1 100 1 1 1 3 3 1 3 1 3 1 1 1 1 1 1 1 1 1 1 1 1 1 1 1 1 1 1 1 1 1 1 12 10 1 1 1 1 1 1 1 1 1 1 1 100 1 8 1 12 10 1 10 1 1 1 1 1 1 1 1 1 1
instanceKlass org/jetbrains/kotlin/fir/FirModuleDataImpl
ciInstanceKlass org/jetbrains/kotlin/fir/FirModuleData 1 1 121 1 7 1 7 1 100 1 1 1 3 3 3 1 1 3 1 1 1 1 1 1 1 1 1 1 1 1 1 1 1 1 1 1 1 1 1 1 1 1 1 1 1 1 1 1 1 1 1 1 1 1 1 1 1 1 1 1 1 1 1 100 1 100 1 1 12 10 1 1 1 1 12 9 1 12 10 12 9 1 8 1 7 1 1 12 10 1 100 1 100 10 1 8 1 1 12 10 1 12 10 12 10 10 1 12 10 1 8 12 10 1 1 1 1 1 1 1 1 1 1
ciInstanceKlass org/jetbrains/kotlin/fir/FirModuleDataImpl 1 1 204 1 7 1 7 1 1 1 3 3 3 1 1 3 1 1 1 1 1 1 1 1 1 1 1 1 1 1 1 1 1 1 1 1 1 1 1 1 1 1 1 1 1 1 1 1 1 1 1 1 1 1 1 1 7 1 7 1 1 1 1 1 1 8 1 7 1 1 12 10 8 8 8 8 8 1 12 10 12 9 12 9 12 9 12 9 12 9 12 9 12 9 12 10 1 7 1 16 1 1 12 10 15 16 1 7 1 1 12 10 15 1 1 12 18 1 7 1 1 12 10 12 9 1 1 1 12 9 1 12 10 1 7 1 12 10 12 10 1 1 12 10 1 100 1 100 10 1 8 1 1 12 10 1 100 1 1 12 10 1 100 1 1 12 10 1 100 1 12 11 1 12 10 12 10 1 12 10 1 8 1 12 10 10 1 12 10 1 100 1 1 8 10 1 1 1 1 1 1 1 1 1 1 1
ciInstanceKlass org/jetbrains/kotlin/protobuf/ExtensionRegistryLite$ObjectIntPair 1 1 42 1 7 1 7 1 1 100 1 1 1 1 1 1 1 1 12 10 12 9 12 9 1 1 1 1 1 7 1 1 12 10 3 1 1 1 1 1 1 1 1 1
instanceKlass org/jetbrains/kotlin/fir/extensions/FirExtensionService
instanceKlass org/jetbrains/kotlin/fir/FirSession
ciInstanceKlass org/jetbrains/kotlin/util/ComponentArrayOwner 1 1 229 1 7 1 1 7 1 1 1 3 3 1 3 1 3 1 1 1 1 1 1 1 1 1 1 1 1 1 1 1 1 1 1 1 1 1 1 1 1 1 1 1 1 1 100 1 100 1 1 1 12 10 1 7 10 1 7 12 9 1 1 1 1 100 8 1 7 1 1 12 10 8 1 1 12 10 1 7 1 1 12 10 1 1 12 10 1 100 1 100 1 12 10 1 100 1 12 10 1 1 1 1 1 1 8 12 10 1 100 1 12 10 1 100 1 100 10 1 8 1 1 12 10 1 12 10 1 8 1 12 10 1 8 1 1 12 10 10 1 12 10 1 1 1 1 12 10 1 8 1 12 10 1 8 1 8 1 8 1 8 1 1 12 10 1 1 12 11 1 100 1 1 12 11 1 100 1 1 12 11 1 1 12 11 1 12 11 1 12 11 1 100 1 1 12 10 1 8 1 12 10 1 1 12 10 1 100 1 1 12 10 1 1 1 1 1 1 1 1 1 1 1 1 1 1 1 1 1 1
instanceKlass org/jetbrains/kotlin/fir/java/FirCliSession
ciInstanceKlass org/jetbrains/kotlin/fir/FirSession 1 1 145 1 7 1 1 7 1 1 1 3 3 3 1 1 3 1 1 1 1 1 1 1 1 1 1 1 1 1 1 1 1 1 1 1 1 1 1 1 1 1 1 1 1 1 1 1 1 1 1 1 7 1 100 1 1 1 1 1 8 1 7 1 1 12 10 1 12 10 12 9 12 9 1 7 10 12 9 12 9 1 7 12 9 1 1 1 1 1 8 8 1 1 12 10 1 8 1 12 10 1 1 1 100 1 1 12 10 1 8 1 100 1 100 10 1 8 1 1 12 10 1 1 12 10 1 12 10 12 10 1 1 1 1 12 10 1 1 1 1 1 1 1 1 1 1
staticfield org/jetbrains/kotlin/fir/FirSession Companion Lorg/jetbrains/kotlin/fir/FirSession$Companion; org/jetbrains/kotlin/fir/FirSession$Companion
ciInstanceKlass org/jetbrains/kotlin/fir/java/FirCliSession 1 1 52 1 100 1 7 1 1 1 3 3 3 1 1 3 1 1 1 1 1 1 1 1 1 1 1 1 1 100 1 1 1 8 1 7 1 1 12 10 8 1 7 1 12 10 1 1 1 1 1 1 1 1
ciInstanceKlass org/jetbrains/kotlin/util/ArrayMapImpl 1 1 163 1 7 1 1 7 1 1 1 3 3 1 3 1 3 1 1 1 1 1 1 1 1 1 1 1 1 1 1 1 1 1 1 1 1 1 1 1 1 1 1 1 1 1 1 1 1 1 1 7 1 100 1 7 1 1 1 1 12 10 12 9 12 9 1 1 7 12 10 1 1 7 1 1 12 10 1 8 1 7 1 1 12 10 1 1 8 1 12 10 12 10 12 10 1 1 1 1 7 1 1 12 10 1 1 1 1 1 12 10 1 7 1 1 1 100 12 10 1 100 100 12 10 1 1 12 11 1 100 1 1 1 1 1 1 1 1 1 1 1 1 1 1 1 1 1 1 1 1 10 12 9 1 1 1 1 1 1 1 1 1 1 1
staticfield org/jetbrains/kotlin/util/ArrayMapImpl Companion Lorg/jetbrains/kotlin/util/ArrayMapImpl$Companion; org/jetbrains/kotlin/util/ArrayMapImpl$Companion
instanceKlass org/jetbrains/kotlin/fir/contracts/FirContractDescription
instanceKlass org/jetbrains/kotlin/fir/contracts/FirContractElementDeclaration
instanceKlass org/jetbrains/kotlin/fir/declarations/FirConstructedClassTypeParameterRef
instanceKlass org/jetbrains/kotlin/fir/declarations/FirOuterClassTypeParameterRef
instanceKlass org/jetbrains/kotlin/fir/expressions/FirAugmentedAssignment
instanceKlass org/jetbrains/kotlin/fir/expressions/FirLoop
instanceKlass org/jetbrains/kotlin/fir/expressions/FirVariableAssignment
instanceKlass org/jetbrains/kotlin/fir/expressions/FirAnnotationArgumentMapping
instanceKlass org/jetbrains/kotlin/fir/expressions/FirCatch
instanceKlass org/jetbrains/kotlin/fir/FirFunctionTypeParameter
instanceKlass org/jetbrains/kotlin/fir/expressions/FirWhenBranch
instanceKlass org/jetbrains/kotlin/fir/FirLabel
instanceKlass org/jetbrains/kotlin/fir/expressions/FirArgumentList
instanceKlass org/jetbrains/kotlin/fir/declarations/FirImport
instanceKlass org/jetbrains/kotlin/fir/FirPackageDirective
instanceKlass org/jetbrains/kotlin/fir/types/FirTypeProjection
instanceKlass org/jetbrains/kotlin/fir/references/FirReference
instanceKlass org/jetbrains/kotlin/fir/expressions/FirExpression
instanceKlass org/jetbrains/kotlin/fir/declarations/impl/FirDeclarationStatusImpl
instanceKlass org/jetbrains/kotlin/fir/FirElementWithResolveState
instanceKlass org/jetbrains/kotlin/fir/types/FirTypeRef
ciInstanceKlass org/jetbrains/kotlin/fir/FirPureAbstractElement 1 1 60 1 100 1 7 1 100 1 1 1 3 3 3 1 1 3 1 1 1 1 1 1 1 1 1 1 1 1 1 1 1 1 1 1 1 1 12 10 1 1 1 1 1 1 1 1 1 1 1 1 1 100 1 8 1 1 12 10 1 1
instanceKlass org/jetbrains/kotlin/fir/types/FirTypeRefWithNullability
instanceKlass org/jetbrains/kotlin/fir/types/FirImplicitTypeRef
instanceKlass org/jetbrains/kotlin/fir/types/FirResolvedTypeRef
ciInstanceKlass org/jetbrains/kotlin/fir/types/FirTypeRef 1 1 115 1 7 1 7 1 100 1 1 1 3 3 3 1 1 3 1 1 1 1 1 1 1 1 1 1 1 1 1 1 1 1 1 1 1 1 1 1 1 1 1 1 1 1 1 1 1 1 1 1 1 1 1 1 12 10 1 1 1 1 1 8 1 100 1 1 12 10 1 100 1 1 12 10 1 1 8 1 100 1 1 12 10 1 8 1 12 10 1 100 1 1 1 1 10 1 1 1 1 1 1 1 1 1 1 1 100 1 8 1 1 12 10 1 1
instanceKlass org/jetbrains/kotlin/fir/types/ConeFlexibleType
instanceKlass org/jetbrains/kotlin/fir/types/ConeRigidType
ciInstanceKlass org/jetbrains/kotlin/fir/types/ConeKotlinType 1 1 89 1 7 1 7 1 100 1 100 1 1 1 3 3 3 1 1 3 1 1 1 1 1 1 1 1 1 1 1 1 1 1 1 1 1 1 1 1 1 1 1 1 1 1 1 1 1 1 1 1 1 1 12 10 1 1 1 7 1 12 9 1 1 1 1 1 1 1 1 100 1 1 12 10 1 1 1 12 10 1 1 1 1 1 1 1 1 1 1
instanceKlass org/jetbrains/kotlin/fir/types/ConeDefinitelyNotNullType
instanceKlass org/jetbrains/kotlin/fir/types/ConeSimpleKotlinType
ciInstanceKlass org/jetbrains/kotlin/fir/types/ConeRigidType 1 1 40 1 7 1 7 1 100 1 1 1 3 3 3 1 1 3 1 1 1 1 1 1 1 1 1 1 1 1 12 10 1 12 10 1 1 1 1 1 1 1
instanceKlass org/jetbrains/kotlin/fir/types/ConeTypeParameterType
instanceKlass org/jetbrains/kotlin/fir/types/ConeClassLikeType
ciInstanceKlass org/jetbrains/kotlin/fir/types/ConeLookupTagBasedType 1 1 40 1 100 1 7 1 1 1 3 3 3 1 1 3 1 1 1 1 1 1 1 1 1 1 1 1 1 1 1 1 12 10 1 1 1 1 1 1 1 1
instanceKlass org/jetbrains/kotlin/fir/types/ConeErrorType
instanceKlass org/jetbrains/kotlin/fir/types/impl/ConeClassLikeTypeImpl
ciInstanceKlass org/jetbrains/kotlin/fir/types/ConeClassLikeType 1 1 36 1 100 1 7 1 1 1 3 3 3 1 1 3 1 1 1 1 1 1 1 1 1 1 1 1 12 10 1 1 1 1 1 1 1 1
ciInstanceKlass org/jetbrains/kotlin/fir/types/impl/ConeClassLikeTypeImpl 1 1 166 1 7 1 7 1 1 1 3 3 3 1 1 3 1 1 1 1 1 1 1 1 1 1 1 1 1 1 1 1 1 1 1 1 1 1 1 1 1 1 1 1 1 1 1 1 1 1 7 1 7 1 1 7 1 7 1 1 1 1 8 1 7 1 1 12 10 8 8 1 12 10 12 9 12 9 12 9 100 1 12 9 1 12 10 12 9 1 1 1 12 9 1 12 10 12 10 1 12 9 1 1 1 1 7 1 1 12 10 1 100 1 1 12 10 1 8 1 12 10 12 10 12 10 1 7 1 12 10 12 10 12 10 1 1 12 10 1 1 1 7 12 10 1 12 10 1 7 1 12 10 1 1 1 1 7 1 1 1 1 1 1 1 1 1 1
instanceKlass org/jetbrains/kotlin/fir/types/FirErrorTypeRef
instanceKlass org/jetbrains/kotlin/fir/types/impl/FirResolvedTypeRefImpl
instanceKlass org/jetbrains/kotlin/fir/types/impl/FirImplicitBuiltinTypeRef
ciInstanceKlass org/jetbrains/kotlin/fir/types/FirResolvedTypeRef 1 1 116 1 100 1 7 1 100 1 1 1 3 3 3 1 1 3 1 1 1 1 1 1 1 1 1 1 1 1 1 1 1 1 1 1 1 1 1 1 1 1 1 1 1 1 1 1 1 1 1 1 1 1 1 1 1 1 1 1 1 12 10 1 1 1 1 1 8 1 7 1 1 12 10 1 7 1 1 12 10 1 1 8 1 7 1 1 12 10 1 8 1 12 10 1 7 1 1 1 1 1 1 1 1 1 1 1 1 100 1 8 1 1 12 10 1 1
instanceKlass org/jetbrains/kotlin/fir/types/ConeStarProjection
instanceKlass org/jetbrains/kotlin/fir/types/ConeKotlinTypeProjection
ciInstanceKlass org/jetbrains/kotlin/fir/types/ConeTypeProjection 1 1 60 1 7 1 7 1 100 1 1 1 3 3 3 1 1 3 1 1 1 1 1 1 1 1 1 1 1 1 1 1 1 1 7 1 1 1 1 12 10 1 1 10 1 1 1 1 12 9 1 12 10 12 9 1 1 1 1 1 1 1
staticfield org/jetbrains/kotlin/fir/types/ConeTypeProjection Companion Lorg/jetbrains/kotlin/fir/types/ConeTypeProjection$Companion; org/jetbrains/kotlin/fir/types/ConeTypeProjection$Companion
staticfield org/jetbrains/kotlin/fir/types/ConeTypeProjection EMPTY_ARRAY [Lorg/jetbrains/kotlin/fir/types/ConeTypeProjection; 0 [Lorg/jetbrains/kotlin/fir/types/ConeTypeProjection;
instanceKlass org/jetbrains/kotlin/fir/symbols/ConeClassifierLookupTagWithFixedSymbol
instanceKlass org/jetbrains/kotlin/fir/types/ConeClassLikeLookupTag
ciInstanceKlass org/jetbrains/kotlin/fir/types/ConeClassifierLookupTag 1 1 56 1 100 1 7 1 100 1 1 1 3 3 3 1 1 3 1 1 1 1 1 1 1 1 1 1 1 1 1 1 12 10 1 1 1 12 10 1 100 1 12 10 1 8 1 100 1 1 12 10 1 1 1 1 1 1
instanceKlass org/jetbrains/kotlin/fir/types/ConeClassLikeErrorLookupTag
instanceKlass org/jetbrains/kotlin/fir/symbols/impl/ConeClassLikeLookupTagWithFixedSymbol
instanceKlass org/jetbrains/kotlin/fir/symbols/impl/ConeClassLikeLookupTagImpl
ciInstanceKlass org/jetbrains/kotlin/fir/types/ConeClassLikeLookupTag 1 1 47 1 7 1 7 1 1 1 3 3 3 1 1 3 1 1 1 1 1 1 1 1 1 1 1 1 1 1 1 1 12 10 1 1 12 10 1 7 1 12 10 1 1 1 1 1 1
ciInstanceKlass org/jetbrains/kotlin/fir/symbols/impl/ConeClassLikeLookupTagImpl 1 1 152 1 7 1 7 1 1 1 3 3 3 1 1 3 1 1 1 1 1 1 1 1 1 1 1 1 1 1 1 1 1 1 1 1 1 1 1 1 1 1 1 1 1 1 1 1 8 1 7 1 1 12 10 12 10 12 9 12 10 1 7 1 1 12 10 1 7 1 1 12 9 1 100 10 1 8 1 1 12 10 1 100 1 100 1 1 12 10 1 100 1 1 12 11 1 8 1 12 10 1 12 10 1 12 10 1 100 1 12 10 1 1 1 1 12 9 1 1 1 1 1 7 1 1 12 10 1 100 1 1 12 10 1 8 1 12 10 1 1 12 10 1 1 1 1 1 1 1 1 1 1 1
ciInstanceKlass org/jetbrains/kotlin/fir/types/ConeAttributes 1 1 364 1 7 1 1 7 1 7 1 100 1 1 1 3 3 3 1 1 3 1 1 1 1 1 1 1 1 1 1 1 1 1 1 1 1 1 1 1 1 1 1 1 1 1 1 1 1 1 1 1 1 1 1 1 1 1 1 1 1 1 1 1 1 1 7 1 100 1 1 7 1 1 7 1 1 1 1 1 1 1 1 1 12 10 1 7 1 1 12 11 1 7 1 1 12 11 1 1 12 11 1 7 1 1 12 10 1 1 12 10 1 1 1 1 7 1 1 12 10 12 10 1 8 1 7 1 1 12 10 1 12 10 1 7 10 12 9 1 1 12 10 1 7 11 1 7 1 1 12 10 1 1 12 10 1 7 1 12 10 1 12 10 1 7 1 1 12 10 1 1 12 10 1 1 1 1 1 1 1 1 1 1 1 12 10 1 1 12 10 1 1 1 1 8 12 10 1 1 1 12 10 1 8 12 10 1 1 1 1 12 10 1 11 1 1 12 10 1 100 1 12 11 1 12 11 1 12 10 1 1 1 1 1 1 1 1 1 1 1 1 8 1 100 1 1 11 1 12 10 1 1 1 1 1 1 1 1 12 10 1 12 10 1 1 1 1 8 1 100 1 100 1 1 12 10 1 1 12 11 1 100 1 12 10 10 1 1 12 10 1 1 12 10 1 1 12 11 1 1 1 1 1 1 1 1 1 1 1 1 1 1 1 1 7 1 12 9 1 12 9 1 12 10 1 1 1 1 1 12 10 1 1 12 10 1 1 12 9 1 12 9 1 1 12 10 1 7 1 1 12 10 12 9 1 1 1 1 1 1 1 1 1 1 1
staticfield org/jetbrains/kotlin/fir/types/ConeAttributes Companion Lorg/jetbrains/kotlin/fir/types/ConeAttributes$Companion; org/jetbrains/kotlin/fir/types/ConeAttributes$Companion
staticfield org/jetbrains/kotlin/fir/types/ConeAttributes Empty Lorg/jetbrains/kotlin/fir/types/ConeAttributes; org/jetbrains/kotlin/fir/types/ConeAttributes
staticfield org/jetbrains/kotlin/fir/types/ConeAttributes WithExtensionFunctionType Lorg/jetbrains/kotlin/fir/types/ConeAttributes; org/jetbrains/kotlin/fir/types/ConeAttributes
staticfield org/jetbrains/kotlin/fir/types/ConeAttributes predefinedAttributes Ljava/util/Map; java/util/Collections$SingletonMap
ciInstanceKlass org/jetbrains/kotlin/util/OneElementArrayMap 1 1 93 1 7 1 1 7 1 1 1 3 3 1 3 1 3 1 1 1 1 1 1 1 1 1 1 1 1 1 1 1 1 1 1 1 1 1 1 1 1 1 1 7 1 1 1 1 8 1 7 1 1 12 10 1 12 10 12 9 12 9 1 1 1 1 100 1 12 10 1 1 1 100 1 1 12 10 1 1 1 12 10 1 7 1 1 1 1 1 1 1 1 1 1
ciInstanceKlass org/jetbrains/kotlin/fir/types/impl/FirImplicitAnyTypeRef 1 1 45 1 100 1 7 1 1 1 3 3 3 1 1 3 1 1 1 1 1 1 1 1 1 1 1 1 7 1 1 12 9 1 1 12 10 1 12 10 1 1 1 1 1 1 1
instanceKlass org/jetbrains/kotlin/fir/resolve/transformers/FirDummyCompilerLazyDeclarationResolver
ciInstanceKlass org/jetbrains/kotlin/fir/symbols/FirLazyDeclarationResolver 1 1 171 1 7 1 7 1 100 1 1 1 3 3 3 1 1 3 1 1 1 1 1 1 1 1 1 1 1 1 1 1 1 1 1 1 1 1 1 1 1 1 1 1 1 1 1 1 1 1 1 1 1 1 1 1 1 1 1 1 1 12 10 1 16 1 1 12 10 15 16 1 7 1 1 12 10 15 1 1 12 18 1 7 1 1 12 10 1 8 1 7 1 1 12 10 12 9 1 12 10 15 18 12 9 1 1 1 12 10 1 8 1 7 1 12 10 1 1 1 12 10 1 1 12 10 1 8 1 12 10 12 10 1 100 1 12 11 1 100 1 1 12 10 1 12 10 1 100 1 1 1 1 1 12 10 1 1 100 10 1 1 1 1 1 1 1 1 1 1 1 1 1
ciInstanceKlass org/jetbrains/kotlin/fir/resolve/transformers/FirDummyCompilerLazyDeclarationResolver 1 1 64 1 7 1 7 1 1 1 3 3 3 1 1 3 1 1 1 1 1 1 1 1 1 1 1 1 1 1 1 1 1 1 1 1 1 1 1 12 10 1 1 8 1 7 1 1 12 10 1 8 8 1 8 1 10 12 9 1 1 1 1 1 1 1
staticfield org/jetbrains/kotlin/fir/resolve/transformers/FirDummyCompilerLazyDeclarationResolver INSTANCE Lorg/jetbrains/kotlin/fir/resolve/transformers/FirDummyCompilerLazyDeclarationResolver; org/jetbrains/kotlin/fir/resolve/transformers/FirDummyCompilerLazyDeclarationResolver
instanceKlass org/jetbrains/kotlin/util/NullableArrayMapAccessor
instanceKlass org/jetbrains/kotlin/util/ArrayMapAccessor
ciInstanceKlass org/jetbrains/kotlin/util/AbstractArrayMapOwner$AbstractArrayMapAccessor 1 1 72 1 7 1 1 7 1 1 1 3 3 1 3 1 3 1 1 1 1 1 1 1 1 1 1 1 1 1 1 1 1 1 1 1 7 1 1 1 12 10 12 9 1 1 1 1 8 1 7 1 1 12 10 1 1 12 10 1 7 1 1 12 10 1 1 1 1 1 1 1 1 1
ciInstanceKlass org/jetbrains/kotlin/util/ArrayMapAccessor 1 1 127 1 7 1 1 7 1 100 1 1 1 3 3 1 3 1 3 1 1 1 1 1 1 1 1 1 1 1 1 1 1 1 1 1 1 1 1 1 1 1 1 1 1 100 1 1 1 1 1 1 8 1 7 1 1 12 10 1 12 10 12 9 12 9 1 1 1 12 10 1 1 8 8 1 1 12 10 1 100 1 100 1 12 10 1 8 1 1 12 10 1 8 1 1 12 10 1 12 10 1 8 1 12 10 1 1 12 10 1 100 10 1 12 10 1 12 10 1 1 1 1 1 1 1 1 1 1
ciInstanceKlass org/jetbrains/kotlin/fir/types/ConeTypeContext 1 1 1522 1 7 1 100 1 100 1 100 1 100 1 100 1 1 1 3 3 3 1 1 3 1 1 1 1 1 1 1 1 1 1 1 1 1 1 1 1 1 1 1 1 1 1 1 1 1 1 1 1 1 1 1 1 1 1 1 1 1 1 1 1 1 1 1 1 1 1 1 1 1 1 1 1 1 1 1 1 1 1 1 1 1 1 1 1 1 1 1 1 1 1 1 1 1 1 1 1 1 1 1 1 1 1 1 1 1 1 1 1 1 1 1 1 1 1 1 1 1 1 1 1 1 1 1 1 1 1 1 1 1 1 1 1 1 1 1 1 1 1 1 1 1 1 1 1 1 1 1 1 1 1 1 1 1 1 1 1 1 1 1 1 1 1 1 1 1 1 1 1 1 1 1 1 1 100 1 100 1 1 100 1 100 1 1 7 1 1 7 1 100 1 100 1 1 7 1 100 1 1 100 1 1 1 1 8 1 7 1 1 12 10 1 7 1 1 1 7 1 1 7 1 1 7 1 7 1 7 1 1 12 10 1 1 12 10 1 1 1 7 1 8 1 100 1 1 12 10 1 1 12 10 1 100 1 1 12 10 1 1 1 1 1 12 10 1 7 1 1 12 10 1 7 1 1 1 8 1 7 12 11 1 7 1 1 12 10 1 7 1 1 12 10 1 1 1 1 1 7 1 1 12 9 1 8 1 100 1 12 10 1 7 1 7 1 1 12 10 1 7 1 7 1 7 1 7 1 100 1 12 10 1 8 1 1 12 10 1 1 12 10 1 100 1 1 12 10 1 12 10 10 1 8 1 100 1 12 10 1 100 1 100 10 8 1 100 1 100 1 1 12 10 1 12 10 1 1 12 11 1 100 1 1 1 1 1 1 1 1 1 1 1 1 1 1 1 1 1 1 1 1 1 7 1 1 1 7 1 12 11 12 11 1 1 12 10 1 7 1 1 12 10 1 1 1 7 1 1 1 12 10 1 1 1 12 10 1 1 12 10 1 1 1 7 1 100 1 1 1 7 1 100 1 1 12 10 1 7 12 10 1 1 1 7 1 1 12 10 1 1 12 10 1 8 1 12 10 1 1 1 1 12 10 1 1 1 12 10 1 7 1 1 1 12 10 1 1 1 1 1 7 1 1 12 10 1 7 1 1 1 1 12 10 1 1 1 7 1 1 12 10 1 7 1 7 1 1 12 9 1 1 1 1 1 12 10 1 1 1 1 12 10 1 1 12 10 1 1 12 11 1 1 1 1 1 7 1 1 12 10 1 1 12 9 1 7 1 1 12 10 1 100 1 8 10 1 7 1 12 9 1 12 9 1 12 9 1 100 10 1 1 1 7 1 12 10 1 1 8 1 100 1 12 10 1 100 10 1 100 10 1 1 1 7 1 7 1 7 1 7 1 1 12 10 1 7 1 1 12 10 1 100 1 12 10 1 7 1 12 11 1 100 1 7 10 1 7 10 1 100 10 1 100 10 1 7 1 7 1 1 1 1 1 12 11 1 1 12 11 1 7 1 1 12 11 1 1 12 10 1 7 1 7 1 8 1 8 1 8 1 1 12 10 1 1 1 1 1 1 7 1 7 1 1 12 10 1 12 10 1 1 12 11 1 7 1 12 11 1 1 12 11 1 1 12 11 1 1 1 1 1 1 1 1 1 1 1 1 1 1 1 1 1 12 10 1 1 1 1 100 1 1 12 10 1 100 1 1 12 10 1 100 1 1 12 10 1 1 12 10 1 7 1 7 1 1 12 9 1 7 1 1 12 10 1 12 10 1 7 12 10 1 7 10 1 7 1 7 1 1 12 10 1 1 12 10 1 12 10 1 12 10 1 12 10 1 12 10 10 1 1 1 1 1 1 10 1 7 1 1 12 10 1 100 1 1 12 9 1 1 1 7 10 10 1 7 1 12 10 1 7 1 1 12 10 1 1 12 10 1 1 1 7 1 7 1 12 10 1 1 1 1 1 1 1 1 1 1 1 1 12 10 1 12 11 1 16 1 1 12 11 15 1 16 1 7 1 1 12 10 15 1 1 12 18 1 1 12 10 1 1 12 10 1 1 1 1 1 1 1 8 8 1 1 100 1 1 12 10 1 100 1 1 12 11 1 100 1 1 12 9 10 1 12 9 1 12 9 1 1 1 1 1 1 1 1 1 1 12 10 1 8 1 1 12 10 1 1 7 1 1 8 8 10 1 1 12 10 1 7 1 12 9 1 12 10 1 1 12 10 1 1 12 10 1 12 11 1 100 12 11 1 100 1 7 1 1 1 100 1 12 10 1 1 1 12 10 1 12 10 1 1 1 7 1 1 1 1 12 10 1 12 10 1 1 12 10 1 100 1 12 10 1 1 1 8 1 7 1 12 9 1 8 1 7 1 12 10 1 8 1 7 1 1 1 1 12 10 1 1 1 1 8 1 100 1 1 12 10 1 12 10 1 12 11 1 12 9 1 12 9 1 12 10 1 1 12 10 1 100 11 1 1 1 1 1 1 1 1 1 1 1 1 8 1 100 1 12 9 1 1 12 10 1 7 12 11 1 100 1 100 1 12 10 1 12 9 1 12 10 1 100 1 1 12 10 1 1 12 10 1 100 1 1 12 10 1 100 1 100 1 100 1 1 12 10 1 1 1 1 1 1 1 100 1 1 12 10 1 12 9 1 1 12 10 1 100 1 12 10 1 12 11 1 1 12 10 1 100 12 10 1 12 10 1 100 1 100 1 1 12 11 1 100 10 1 100 1 1 12 10 1 100 1 12 10 1 1 1 1 1 1 1 1 1 1 1 1 12 11 1 100 1 1 12 10 1 100 1 1 12 9 1 1 1 1 12 9 1 1 1 100 1 1 12 10 10 1 12 11 1 12 11 1 1 12 10 1 100 1 12 10 1 100 1 12 10 1 12 10 1 7 1 1 12 10 1 1 1 1 1 1 1 1 12 11 1 1 1 1 1 12 10 1 1 100 1 1 12 10 1 1 1 12 10 1 1 1 12 11 1 1 12 9 1 100 1 100 1 1 1 1 12 9 1 1 1 12 10 1 12 10 1 1 12 10 1 1 1 12 10 1 1 10 1 1 12 10 1 1 1 12 11 1 12 9 1 7 10 1 1 12 10 1 7 1 1 12 10 1 7 1 1 12 10 1 7 10 1 7 1 12 10 1 12 10 12 10 1 12 10 1 12 10 1 1 12 11 1 7 1 1 12 10 1 12 9 1 12 10 1 1 1 1 1 1 1 1 1 1 1 1 1 1 1 8 12 11 1 1 1 12 11 1 100 12 11 1 12 11 1 12 11 1 12 11 1 1 1 1 1 1 1 1 1 1 1 1 1 100 1 8 1 1 12 10 1 1 1 8 1 1 1 8 1 1 8 1 1 1 8 1 1 1 8 1 1 1 8 1 1 1 8 1 1 8 1 1 1 8 1 1
ciInstanceKlass org/jetbrains/kotlin/fir/types/ConeInferenceContext 1 1 1530 1 7 1 100 1 7 1 100 1 1 1 3 3 3 1 1 3 1 1 1 1 1 1 1 1 1 1 1 1 1 1 1 1 1 1 1 1 1 1 1 1 1 1 1 1 1 1 1 1 1 1 1 1 1 1 1 1 1 1 1 1 1 1 1 1 1 1 1 1 1 1 1 1 1 1 1 1 1 1 1 1 1 1 1 1 1 1 1 1 1 1 1 1 1 1 1 1 1 1 1 1 1 1 1 1 1 1 1 1 1 1 1 1 1 1 1 1 1 1 1 1 1 1 1 1 1 1 1 1 1 1 1 1 1 1 1 1 1 1 1 1 1 1 1 1 1 1 1 1 1 1 1 1 1 1 1 1 1 1 1 1 1 1 1 1 1 100 1 100 1 1 7 1 7 1 1 7 1 7 1 1 100 1 1 100 1 1 7 1 7 1 1 7 1 1 100 1 100 1 100 1 7 1 100 1 7 1 7 1 7 1 1 100 1 100 1 1 100 1 1 100 1 1 100 1 1 1 1 12 11 1 100 1 12 10 1 1 1 7 1 1 12 10 1 7 1 1 12 10 1 7 1 12 10 1 12 10 1 12 10 1 12 10 1 8 1 7 1 1 12 10 8 1 7 1 8 1 100 1 1 12 10 1 1 12 10 1 7 1 7 1 1 12 10 1 7 1 1 1 8 8 1 7 1 7 1 7 1 7 1 7 1 12 10 1 7 1 1 12 11 1 7 1 12 11 1 1 12 11 1 7 1 1 12 11 1 7 1 1 12 9 1 12 9 1 1 12 10 1 1 12 10 1 12 10 1 7 1 1 12 11 1 7 1 12 10 1 7 1 100 1 100 1 12 10 1 7 1 12 10 1 1 12 10 1 7 1 1 12 10 1 12 10 1 1 12 10 1 1 12 10 1 12 10 1 7 1 100 1 7 1 100 1 7 10 1 8 1 1 12 10 1 1 12 10 1 100 1 1 12 10 1 12 10 10 10 1 100 1 8 1 100 10 1 1 1 1 1 1 1 1 1 1 1 1 1 1 1 1 1 1 1 1 1 1 1 1 1 1 8 8 1 7 1 1 12 9 1 1 12 10 1 7 1 7 1 12 10 1 7 10 1 8 1 7 1 12 9 1 1 7 1 7 1 7 1 12 10 1 7 1 12 9 1 12 10 1 1 8 1 7 1 7 1 7 1 1 1 7 1 7 1 12 10 1 1 1 100 1 7 1 1 12 10 1 1 12 10 1 7 1 1 12 10 1 100 1 1 1 7 1 12 11 1 7 1 7 1 12 11 12 11 1 7 1 1 12 10 1 7 1 1 12 10 1 1 12 10 1 1 12 10 1 7 1 1 12 10 12 11 1 1 7 1 7 1 1 12 10 1 1 12 10 1 8 1 12 10 1 7 12 10 1 1 1 1 1 1 1 8 12 11 1 1 1 7 1 1 12 11 1 7 1 12 10 1 1 12 10 1 12 10 1 12 11 1 12 11 1 1 12 11 1 1 12 11 1 12 11 1 1 1 1 1 1 1 1 1 1 1 1 12 10 1 7 1 12 9 1 12 10 1 1 12 10 1 1 1 1 12 11 1 1 12 10 1 100 1 1 12 11 1 100 1 12 9 1 1 12 10 1 1 1 1 1 1 1 1 1 1 1 1 12 11 12 11 1 7 1 12 10 1 16 1 1 12 11 15 1 16 1 7 1 1 12 10 15 1 12 18 1 12 11 1 1 1 1 12 10 1 1 1 12 10 1 1 1 8 1 1 8 8 8 1 100 1 12 10 1 12 10 1 7 1 8 1 8 1 100 1 1 12 10 1 100 10 1 8 1 100 1 12 11 1 7 1 12 11 1 12 11 1 12 10 1 1 1 1 1 8 1 1 12 10 1 1 1 8 10 1 8 1 1 1 1 10 1 1 12 10 1 1 1 12 10 1 1 1 12 11 1 100 1 100 1 100 1 1 12 10 1 100 1 1 12 11 1 100 1 1 12 9 1 1 1 1 1 1 1 1 1 100 1 1 1 1 1 1 12 10 1 1 1 1 12 10 1 1 12 10 1 1 1 12 10 1 12 10 1 1 1 1 1 100 1 1 1 8 1 7 1 1 12 10 1 1 1 12 9 1 1 12 10 1 7 1 1 1 12 10 1 1 1 12 10 1 1 1 1 12 10 1 1 8 1 7 1 7 10 1 7 1 12 10 1 1 1 8 1 1 1 12 10 1 1 1 1 1 12 11 1 100 1 8 1 1 12 10 1 1 12 10 1 100 1 1 12 9 16 1 1 12 11 15 16 1 12 18 1 100 1 1 12 10 1 1 12 11 15 1 16 1 12 18 1 1 12 11 1 100 12 11 1 1 12 11 12 11 1 1 1 1 1 1 1 1 12 11 1 1 12 9 1 1 12 10 1 1 1 8 12 11 1 8 1 1 1 8 1 12 9 1 7 1 1 12 10 1 1 8 1 100 1 8 10 1 1 12 10 1 1 12 10 1 1 1 1 1 1 1 1 1 1 1 12 9 1 1 12 10 1 7 1 7 1 1 12 10 1 12 11 1 7 1 7 1 1 1 1 8 12 11 1 1 12 10 1 1 1 1 1 1 1 1 1 1 1 1 1 1 1 1 1 1 12 10 1 1 100 1 1 12 10 1 1 7 1 1 12 10 1 1 1 16 1 1 12 11 15 1 16 1 1 12 18 10 1 12 10 1 1 12 10 1 1 1 12 11 12 10 1 1 1 12 11 1 8 1 12 10 1 12 10 1 12 9 1 12 10 1 100 1 1 12 10 11 1 12 10 1 1 1 1 12 11 1 7 1 12 9 1 8 1 1 12 10 1 100 1 12 10 1 12 10 1 8 12 11 1 1 12 10 1 100 1 12 10 1 100 12 10 10 1 1 12 11 15 1 16 1 12 18 1 12 11 1 12 9 1 8 1 8 1 100 1 1 12 10 1 8 1 100 1 12 10 1 100 1 100 10 1 100 1 1 12 10 1 12 10 1 1 12 11 1 100 1 1 1 1 1 1 1 1 1 1 1 1 1 1 1 1 1 1 1 1 1 1 1 1 1 1 1 1 1 8 1 1 12 10 1 1 8 1 100 1 1 12 10 1 1 12 10 1 1 12 10 1 12 10 1 8 8 1 1 12 11 15 16 1 12 18 1 1 12 10 1 1 1 1 1 7 1 1 12 10 1 7 1 1 12 9 1 7 1 1 12 11 1 12 10 1 1 8 1 100 1 100 1 1 12 10 1 12 9 8 1 1 100 1 1 12 10 1 1 1 12 11 1 1 12 9 12 11 1 12 10 1 1 12 11 1 12 11 1 1 12 11 1 1 1 1 1 1 8 1 1 12 11 12 11 12 11 12 11 1 12 11 1 12 11 12 11 1 1 1 12 11 1 1 1 1 1 1 1 1 1 1 1 1 1 100 1 8 1 1 12 10 1 1
ciInstanceKlass org/jetbrains/kotlin/fir/types/TypeComponentsKt 1 1 125 1 7 1 100 1 1 1 3 3 3 1 1 3 1 1 1 1 1 1 1 1 1 1 1 1 1 1 1 1 1 1 1 1 1 1 1 100 1 7 1 1 1 1 1 12 9 1 7 12 9 1 7 1 1 12 10 1 7 1 1 8 1 7 1 1 12 10 12 10 1 12 10 1 1 12 10 1 1 1 1 7 1 7 8 1 8 1 1 12 10 1 7 1 7 1 1 12 10 1 12 9 1 7 1 1 12 10 1 1 12 10 1 1 1 1 1 1 1 1 1 1 1 1 1
staticfield org/jetbrains/kotlin/fir/types/TypeComponentsKt $$delegatedProperties [Lkotlin/reflect/KProperty; 1 [Lkotlin/reflect/KProperty;
staticfield org/jetbrains/kotlin/fir/types/TypeComponentsKt typeComponents$delegate Lorg/jetbrains/kotlin/util/ArrayMapAccessor; org/jetbrains/kotlin/util/ArrayMapAccessor
instanceKlass org/jetbrains/kotlin/fir/declarations/FirDeclaration
ciInstanceKlass org/jetbrains/kotlin/fir/FirElementWithResolveState 1 1 107 1 7 1 7 1 100 1 1 1 3 3 3 1 1 3 1 1 1 1 1 1 1 1 1 1 1 1 1 1 1 1 1 1 1 1 1 1 1 1 1 1 1 1 1 1 1 1 1 1 1 1 12 10 1 1 1 12 9 1 100 8 1 7 1 1 12 10 1 8 1 1 12 10 1 1 8 1 100 1 1 12 10 1 1 8 1 100 1 1 12 10 1 8 1 12 10 1 1 1 1 1 1 1 1 1 1
instanceKlass org/jetbrains/kotlin/fir/declarations/FirDanglingModifierList
instanceKlass org/jetbrains/kotlin/fir/declarations/FirCodeFragment
instanceKlass org/jetbrains/kotlin/fir/declarations/FirScript
instanceKlass org/jetbrains/kotlin/fir/declarations/FirTypeParameter
instanceKlass org/jetbrains/kotlin/fir/declarations/FirAnonymousInitializer
instanceKlass org/jetbrains/kotlin/fir/declarations/FirFile
instanceKlass org/jetbrains/kotlin/fir/declarations/FirMemberDeclaration
instanceKlass org/jetbrains/kotlin/fir/declarations/FirReceiverParameter
ciInstanceKlass org/jetbrains/kotlin/fir/declarations/FirDeclaration 1 1 138 1 7 1 7 1 100 1 1 1 3 3 3 1 1 3 1 1 1 1 1 1 1 1 1 1 1 1 1 1 1 1 1 1 1 1 1 1 1 1 1 1 1 1 1 1 1 1 1 1 1 1 1 1 1 1 1 1 1 1 1 1 1 1 1 1 1 1 1 1 1 1 1 1 1 1 12 10 1 1 1 1 1 1 8 1 100 1 1 12 10 1 100 1 1 12 10 1 1 8 1 100 1 1 12 10 1 8 1 12 10 1 100 1 1 1 1 10 1 1 1 1 1 1 1 1 1 1 1 100 1 8 1 1 12 10 1 1
ciInstanceKlass org/jetbrains/kotlin/fir/expressions/FirStatement 1 1 111 1 100 1 100 1 100 1 1 1 3 3 3 1 1 3 1 1 1 1 1 1 1 1 1 1 1 1 1 1 1 1 1 1 1 1 1 1 1 1 1 1 1 1 1 1 1 1 1 1 1 1 8 1 100 1 1 12 10 1 100 1 1 12 10 1 1 1 8 1 100 1 1 12 10 1 8 1 12 10 1 100 1 1 1 1 1 1 1 1 1 1 1 1 100 1 8 1 1 12 10 1 1 1 8 1 1 1 8 1 1
instanceKlass org/jetbrains/kotlin/fir/declarations/FirCallableDeclaration
instanceKlass org/jetbrains/kotlin/fir/declarations/FirClassLikeDeclaration
ciInstanceKlass org/jetbrains/kotlin/fir/declarations/FirMemberDeclaration 1 1 149 1 7 1 7 1 100 1 1 1 3 3 3 1 1 3 1 1 1 1 1 1 1 1 1 1 1 1 1 1 1 1 1 1 1 1 1 1 1 1 1 1 1 1 1 1 1 1 1 1 1 1 1 1 1 1 1 1 1 1 1 1 1 1 1 1 1 1 1 1 1 1 1 1 1 1 1 1 1 1 1 12 10 1 1 1 1 1 1 1 8 1 100 1 1 12 10 1 100 1 1 12 10 1 1 8 1 100 1 1 12 10 1 8 1 12 10 1 100 1 1 1 1 12 10 1 1 1 1 1 1 1 1 1 1 1 100 1 8 1 1 12 10 1 1 1 8 1 1
instanceKlass org/jetbrains/kotlin/fir/declarations/FirTypeAlias
instanceKlass org/jetbrains/kotlin/fir/declarations/FirClass
ciInstanceKlass org/jetbrains/kotlin/fir/declarations/FirClassLikeDeclaration 1 1 162 1 7 1 7 1 100 1 100 1 1 1 3 3 3 1 1 3 1 1 1 1 1 1 1 1 1 1 1 1 1 1 1 1 1 1 1 1 1 1 1 1 1 1 1 1 1 1 1 1 1 1 1 1 1 1 1 1 1 1 1 1 1 1 1 1 1 1 1 1 1 1 1 1 1 1 1 1 1 1 1 1 1 1 1 1 1 1 1 1 12 10 1 1 1 1 1 1 1 8 1 100 1 1 12 10 1 100 1 1 12 10 1 1 8 1 100 1 1 12 10 1 8 1 12 10 1 100 1 1 1 1 1 12 10 1 1 1 1 1 1 1 1 1 1 1 100 1 8 1 1 12 10 1 1 1 8 1 1 8 1 1
ciInstanceKlass org/jetbrains/kotlin/fir/extensions/FirExtensionService 1 1 170 1 7 1 1 7 1 100 1 1 1 3 3 3 1 1 3 1 1 1 1 1 1 1 1 1 1 1 1 1 1 1 1 1 1 1 1 1 1 1 1 1 1 1 1 1 1 1 1 1 100 1 100 1 1 7 1 1 1 8 1 7 1 1 12 10 1 12 10 12 9 1 1 12 9 1 7 12 9 1 1 1 8 8 1 7 1 12 11 1 7 1 7 1 7 1 1 12 10 1 12 10 1 7 1 1 12 11 1 100 1 7 1 1 12 11 1 1 12 11 1 1 12 11 1 1 12 11 1 1 12 10 1 1 1 1 1 1 1 1 1 1 1 1 1 1 1 1 1 12 10 1 1 12 10 1 1 12 10 1 1 1 1 1 1 1 1 1 1 1
staticfield org/jetbrains/kotlin/fir/extensions/FirExtensionService Companion Lorg/jetbrains/kotlin/fir/extensions/FirExtensionService$Companion; org/jetbrains/kotlin/fir/extensions/FirExtensionService$Companion
instanceKlass org/jetbrains/kotlin/fir/symbols/impl/FirAnonymousInitializerSymbol
instanceKlass org/jetbrains/kotlin/fir/symbols/impl/FirReceiverParameterSymbol
instanceKlass org/jetbrains/kotlin/fir/symbols/impl/FirFileSymbol
instanceKlass org/jetbrains/kotlin/fir/symbols/impl/FirCallableSymbol
instanceKlass org/jetbrains/kotlin/fir/symbols/impl/FirClassifierSymbol
ciInstanceKlass org/jetbrains/kotlin/fir/symbols/FirBasedSymbol 1 1 198 1 7 1 1 7 1 100 1 1 1 3 3 3 1 1 3 1 1 1 1 1 1 1 1 1 1 1 1 1 1 1 1 1 1 1 1 1 1 1 1 1 1 1 1 1 1 1 1 1 1 1 1 1 1 1 1 1 1 1 1 1 1 1 1 1 1 1 12 10 1 1 1 12 9 1 100 10 1 8 1 1 12 10 1 1 12 10 1 100 1 1 12 10 1 12 10 1 1 12 10 1 8 1 100 1 12 10 1 100 1 100 10 1 8 1 100 1 1 12 10 1 12 10 1 1 12 11 1 100 1 7 1 1 1 1 1 1 1 1 1 1 1 1 1 1 1 1 1 1 1 1 1 8 1 7 1 1 12 10 12 10 12 10 12 10 12 10 1 12 10 1 7 1 7 1 12 10 12 10 1 12 10 1 1 12 10 1 1 1 1 1 1 1 1 1 1 1
instanceKlass org/jetbrains/kotlin/fir/symbols/impl/FirTypeParameterSymbol
instanceKlass org/jetbrains/kotlin/fir/symbols/impl/FirClassLikeSymbol
ciInstanceKlass org/jetbrains/kotlin/fir/symbols/impl/FirClassifierSymbol 1 1 51 1 7 1 1 7 1 100 1 100 1 1 1 3 3 3 1 1 3 1 1 1 1 1 1 1 1 1 1 1 1 1 1 1 1 12 10 1 1 1 1 10 1 1 1 1 1 1 1 1 1
instanceKlass org/jetbrains/kotlin/fir/symbols/impl/FirTypeAliasSymbol
instanceKlass org/jetbrains/kotlin/fir/symbols/impl/FirClassSymbol
ciInstanceKlass org/jetbrains/kotlin/fir/symbols/impl/FirClassLikeSymbol 1 1 288 1 7 1 1 7 1 100 1 1 1 3 3 3 1 1 3 1 1 1 1 1 1 1 1 1 1 1 1 1 1 1 1 1 1 1 1 1 1 1 1 1 1 1 1 1 1 1 1 1 1 1 1 1 1 1 1 1 1 1 1 1 1 1 1 1 12 10 12 9 1 1 1 7 1 12 10 1 1 8 1 7 1 1 12 10 1 12 10 1 7 1 1 12 10 1 7 1 7 1 1 12 9 1 7 1 1 12 10 1 1 12 10 1 7 1 1 12 10 1 7 1 12 10 1 1 12 10 1 7 1 12 10 1 7 1 12 11 1 7 1 1 12 10 1 7 11 1 7 1 1 12 9 1 1 12 10 1 12 10 1 7 1 7 1 12 10 1 1 12 10 1 7 1 7 1 7 1 1 12 10 1 12 10 1 1 12 11 1 7 1 12 11 1 1 12 11 1 7 1 1 12 11 1 1 12 11 1 1 1 1 1 1 1 1 1 1 1 1 1 1 12 10 1 100 10 1 100 1 1 1 1 1 1 1 1 1 1 1 1 1 1 100 10 1 100 1 1 12 10 1 100 1 1 12 10 1 100 1 12 11 1 1 12 10 1 12 10 1 12 10 12 10 1 12 10 1 1 1 1 1 1 1 1 1 1 1 1
instanceKlass org/jetbrains/kotlin/fir/types/ConeRawType
instanceKlass org/jetbrains/kotlin/fir/types/ConeDynamicType
ciInstanceKlass org/jetbrains/kotlin/fir/types/ConeFlexibleType 1 1 86 1 7 1 7 1 100 1 1 1 3 3 3 1 1 3 1 1 1 1 1 1 1 1 1 1 1 1 1 1 1 1 1 1 1 1 1 1 1 1 1 1 1 1 8 1 7 1 1 12 10 8 1 12 10 12 9 12 9 1 1 7 12 10 12 10 1 1 1 1 12 10 1 1 12 10 1 1 1 1 1 1 1 1 1 1
ciInstanceKlass org/jetbrains/kotlin/fir/types/impl/FirResolvedTypeRefImpl 1 1 181 1 7 1 7 1 1 1 3 3 3 1 1 3 1 1 1 1 1 1 1 1 1 1 1 1 1 1 1 1 1 1 1 1 1 1 1 1 1 1 1 1 1 1 1 1 1 1 1 1 1 1 1 1 1 1 1 1 1 1 1 1 1 1 1 1 1 8 1 7 1 1 12 10 1 12 10 12 9 12 9 12 9 12 9 1 1 1 1 1 8 12 10 1 7 1 1 12 10 1 7 1 1 12 11 1 100 1 100 1 7 1 1 12 11 1 1 12 11 1 7 1 1 12 10 1 1 1 1 1 1 1 1 1 8 12 10 1 7 1 1 12 10 1 8 1 100 1 1 12 10 12 10 1 1 12 10 1 7 1 1 1 100 1 1 100 1 12 10 1 1 1 1 1 1 1 1 1 1 1 1
instanceKlass org/jetbrains/kotlin/fir/resolve/substitution/ChainedSubstitutor
instanceKlass org/jetbrains/kotlin/fir/resolve/substitution/ConeSubstitutor$Empty
instanceKlass org/jetbrains/kotlin/fir/resolve/substitution/AbstractConeSubstitutor
ciInstanceKlass org/jetbrains/kotlin/fir/resolve/substitution/ConeSubstitutor 1 1 63 1 7 1 7 1 100 1 1 1 3 3 3 1 1 3 1 1 1 1 1 1 1 1 1 1 1 1 1 1 1 1 1 1 1 100 12 10 1 1 1 8 1 7 1 1 12 10 12 10 1 100 1 1 1 1 1 1 1 1 1 1 1
instanceKlass org/jetbrains/kotlin/fir/analysis/checkers/FE10LikeConeSubstitutor
instanceKlass org/jetbrains/kotlin/fir/resolve/TypeExpansionUtilsKt$createParametersSubstitutor$1
instanceKlass org/jetbrains/kotlin/fir/resolve/substitution/ConeTypeSubstitutorByTypeConstructor
instanceKlass org/jetbrains/kotlin/fir/resolve/substitution/ConeSubstitutorByMap
instanceKlass org/jetbrains/kotlin/fir/java/enhancement/EnhancedForWarningConeSubstitutor
ciInstanceKlass org/jetbrains/kotlin/fir/resolve/substitution/AbstractConeSubstitutor 1 1 556 1 7 1 7 1 1 1 3 3 3 1 1 3 1 1 1 1 1 1 1 1 1 1 1 1 1 1 1 1 1 1 1 1 1 1 1 1 1 1 1 1 1 1 1 1 1 1 1 1 1 1 100 1 100 1 1 7 1 100 1 7 1 1 8 1 7 1 1 12 10 1 12 10 12 9 1 1 1 1 8 1 7 1 1 12 10 1 7 1 7 12 10 1 7 1 1 12 10 1 1 1 1 8 8 12 9 1 12 10 1 8 12 10 1 7 1 1 12 10 12 10 1 7 1 1 12 10 1 7 1 1 12 10 1 7 1 1 12 11 1 7 1 7 1 12 11 1 1 12 11 1 7 1 7 1 12 10 1 1 12 10 1 1 12 10 1 1 12 10 1 100 1 1 12 10 1 7 1 1 12 10 1 1 12 11 1 12 9 1 7 1 1 12 10 1 1 12 10 1 1 12 10 1 1 1 1 1 1 1 1 1 1 1 1 1 1 1 1 1 1 1 1 1 1 1 1 1 1 1 1 1 7 1 7 1 12 10 1 7 1 7 1 12 10 1 1 12 10 1 12 10 1 7 1 12 10 1 1 12 10 1 100 1 1 12 10 1 7 1 12 10 1 1 12 10 1 7 1 1 12 10 1 12 10 1 7 1 12 11 1 1 12 10 1 12 10 1 1 12 10 1 12 10 1 7 1 12 10 1 100 1 100 1 100 10 1 1 1 1 1 1 1 1 1 1 1 1 1 1 1 1 1 1 1 1 1 1 12 10 1 1 12 11 11 1 12 10 1 1 1 1 1 1 1 12 10 10 1 1 12 10 1 12 9 1 12 10 1 1 1 1 7 1 1 12 10 1 100 1 12 10 1 12 10 1 1 1 16 1 1 12 10 15 1 16 1 7 1 1 12 10 15 1 1 12 18 1 7 1 1 12 10 1 12 10 1 7 1 7 1 1 12 10 12 10 1 7 1 1 12 9 1 7 1 1 12 10 1 12 10 10 1 12 10 1 100 1 1 12 10 1 12 10 10 1 12 10 1 100 10 1 8 1 1 12 10 1 1 12 10 1 100 1 1 12 10 1 12 10 1 1 12 10 1 8 1 100 1 12 10 1 100 1 100 10 1 100 1 1 12 10 1 12 10 1 1 12 11 1 100 1 1 1 1 1 1 1 1 1 1 1 1 1 1 1 1 1 1 1 1 1 1 1 1 1 1 12 11 1 1 1 12 10 1 1 1 1 1 1 1 1 1 1 1 1
staticfield org/jetbrains/kotlin/fir/resolve/substitution/AbstractConeSubstitutor Companion Lorg/jetbrains/kotlin/fir/resolve/substitution/AbstractConeSubstitutor$Companion; org/jetbrains/kotlin/fir/resolve/substitution/AbstractConeSubstitutor$Companion
ciInstanceKlass org/jetbrains/kotlin/fir/symbols/impl/FirTypeAliasSymbol 1 1 114 1 7 1 1 7 1 100 1 1 1 3 3 3 1 1 3 1 1 1 1 1 1 1 1 1 1 1 1 1 1 1 1 1 1 1 1 8 1 7 1 1 12 10 1 12 10 1 7 1 1 12 10 1 100 1 12 10 1 7 1 7 1 12 10 12 9 1 1 1 7 1 7 1 1 12 9 1 7 1 1 12 10 1 1 12 10 1 7 1 1 12 10 1 8 1 12 10 1 7 1 12 10 1 7 1 1 1 1 1 1 1 1 1
ciInstanceKlass org/jetbrains/kotlin/fir/symbols/impl/FirRegularClassSymbol 1 1 96 1 7 1 1 7 1 100 1 1 1 3 3 3 1 1 3 1 1 1 1 1 1 1 1 1 1 1 1 1 1 1 1 1 1 1 1 1 8 1 7 1 1 12 10 1 12 10 1 1 1 1 12 10 1 7 12 10 1 1 12 10 1 100 1 1 12 11 1 100 1 12 10 1 100 1 100 1 1 12 9 1 100 1 1 12 10 1 1 1 1 1 1 1 1 1
instanceKlass kotlin/ranges/IntProgressionIterator
ciInstanceKlass kotlin/collections/IntIterator 1 1 69 1 7 1 1 7 1 100 1 100 1 1 12 10 1 1 1 1 1 1 1 12 10 1 7 1 1 12 10 1 1 100 1 8 1 12 10 1 1 1 3 3 3 1 1 3 1 1 1 1 1 1 1 1 1 1 1 1 1 1 100 1 8 1 1 12 10 1 1
ciInstanceKlass kotlin/ranges/IntProgressionIterator 1 1 57 1 7 1 7 1 1 1 12 10 1 1 12 9 1 12 9 1 1 12 9 1 12 9 1 1 1 1 1 1 1 1 1 100 10 1 1 1 3 3 3 1 1 3 1 1 1 1 1 1 1 1 1 1 1 1 1
ciInstanceKlass org/jetbrains/kotlin/fir/declarations/FirResolvePhase 1 1 182 1 7 1 1 7 1 1 1 3 3 3 1 1 3 1 1 1 1 1 1 1 1 1 1 1 1 1 1 1 1 1 1 1 1 1 1 1 1 1 1 1 1 1 1 1 1 7 1 1 1 1 1 1 1 1 1 1 1 12 10 12 9 1 1 1 1 1 1 12 10 1 1 12 10 1 1 12 10 1 7 1 1 12 11 1 1 12 9 1 7 1 1 12 10 7 1 1 1 12 10 1 1 12 9 1 12 9 12 9 12 9 12 9 12 9 12 9 12 9 12 9 12 9 12 9 12 9 12 9 12 9 12 9 1 12 9 1 12 9 1 1 8 8 12 10 8 8 8 8 8 8 8 8 8 8 8 8 12 10 1 7 1 7 1 1 12 10 1 12 10 12 9 1 1 1 1 1 1 1 1 1
staticfield org/jetbrains/kotlin/fir/declarations/FirResolvePhase Companion Lorg/jetbrains/kotlin/fir/declarations/FirResolvePhase$Companion; org/jetbrains/kotlin/fir/declarations/FirResolvePhase$Companion
staticfield org/jetbrains/kotlin/fir/declarations/FirResolvePhase DECLARATIONS Lorg/jetbrains/kotlin/fir/declarations/FirResolvePhase; org/jetbrains/kotlin/fir/declarations/FirResolvePhase
staticfield org/jetbrains/kotlin/fir/declarations/FirResolvePhase ANALYZED_DEPENDENCIES Lorg/jetbrains/kotlin/fir/declarations/FirResolvePhase; org/jetbrains/kotlin/fir/declarations/FirResolvePhase
staticfield org/jetbrains/kotlin/fir/declarations/FirResolvePhase RAW_FIR Lorg/jetbrains/kotlin/fir/declarations/FirResolvePhase; org/jetbrains/kotlin/fir/declarations/FirResolvePhase
staticfield org/jetbrains/kotlin/fir/declarations/FirResolvePhase IMPORTS Lorg/jetbrains/kotlin/fir/declarations/FirResolvePhase; org/jetbrains/kotlin/fir/declarations/FirResolvePhase
staticfield org/jetbrains/kotlin/fir/declarations/FirResolvePhase COMPILER_REQUIRED_ANNOTATIONS Lorg/jetbrains/kotlin/fir/declarations/FirResolvePhase; org/jetbrains/kotlin/fir/declarations/FirResolvePhase
staticfield org/jetbrains/kotlin/fir/declarations/FirResolvePhase COMPANION_GENERATION Lorg/jetbrains/kotlin/fir/declarations/FirResolvePhase; org/jetbrains/kotlin/fir/declarations/FirResolvePhase
staticfield org/jetbrains/kotlin/fir/declarations/FirResolvePhase SUPER_TYPES Lorg/jetbrains/kotlin/fir/declarations/FirResolvePhase; org/jetbrains/kotlin/fir/declarations/FirResolvePhase
staticfield org/jetbrains/kotlin/fir/declarations/FirResolvePhase SEALED_CLASS_INHERITORS Lorg/jetbrains/kotlin/fir/declarations/FirResolvePhase; org/jetbrains/kotlin/fir/declarations/FirResolvePhase
staticfield org/jetbrains/kotlin/fir/declarations/FirResolvePhase TYPES Lorg/jetbrains/kotlin/fir/declarations/FirResolvePhase; org/jetbrains/kotlin/fir/declarations/FirResolvePhase
staticfield org/jetbrains/kotlin/fir/declarations/FirResolvePhase STATUS Lorg/jetbrains/kotlin/fir/declarations/FirResolvePhase; org/jetbrains/kotlin/fir/declarations/FirResolvePhase
staticfield org/jetbrains/kotlin/fir/declarations/FirResolvePhase EXPECT_ACTUAL_MATCHING Lorg/jetbrains/kotlin/fir/declarations/FirResolvePhase; org/jetbrains/kotlin/fir/declarations/FirResolvePhase
staticfield org/jetbrains/kotlin/fir/declarations/FirResolvePhase CONTRACTS Lorg/jetbrains/kotlin/fir/declarations/FirResolvePhase; org/jetbrains/kotlin/fir/declarations/FirResolvePhase
staticfield org/jetbrains/kotlin/fir/declarations/FirResolvePhase IMPLICIT_TYPES_BODY_RESOLVE Lorg/jetbrains/kotlin/fir/declarations/FirResolvePhase; org/jetbrains/kotlin/fir/declarations/FirResolvePhase
staticfield org/jetbrains/kotlin/fir/declarations/FirResolvePhase CONSTANT_EVALUATION Lorg/jetbrains/kotlin/fir/declarations/FirResolvePhase; org/jetbrains/kotlin/fir/declarations/FirResolvePhase
staticfield org/jetbrains/kotlin/fir/declarations/FirResolvePhase ANNOTATION_ARGUMENTS Lorg/jetbrains/kotlin/fir/declarations/FirResolvePhase; org/jetbrains/kotlin/fir/declarations/FirResolvePhase
staticfield org/jetbrains/kotlin/fir/declarations/FirResolvePhase BODY_RESOLVE Lorg/jetbrains/kotlin/fir/declarations/FirResolvePhase; org/jetbrains/kotlin/fir/declarations/FirResolvePhase
staticfield org/jetbrains/kotlin/fir/declarations/FirResolvePhase $VALUES [Lorg/jetbrains/kotlin/fir/declarations/FirResolvePhase; 14 [Lorg/jetbrains/kotlin/fir/declarations/FirResolvePhase;
staticfield org/jetbrains/kotlin/fir/declarations/FirResolvePhase $ENTRIES Lkotlin/enums/EnumEntries; kotlin/enums/EnumEntriesList
instanceKlass org/jetbrains/kotlin/fir/declarations/FirVariable
instanceKlass org/jetbrains/kotlin/fir/declarations/FirFunction
ciInstanceKlass org/jetbrains/kotlin/fir/declarations/FirCallableDeclaration 1 1 185 1 7 1 7 1 1 1 3 3 3 1 1 3 1 1 1 1 1 1 1 1 1 1 1 1 1 1 1 1 1 1 1 1 1 1 1 1 1 1 1 1 1 1 1 1 1 1 1 1 1 1 1 1 1 1 1 1 1 1 1 1 1 1 1 1 1 1 1 1 1 1 1 1 1 1 1 1 1 1 1 1 1 1 1 1 1 1 1 1 1 1 1 1 1 1 1 1 1 1 1 1 1 1 1 1 1 1 1 1 1 1 12 10 1 1 1 1 1 1 1 1 8 1 100 1 1 12 10 1 100 1 1 12 10 1 1 8 1 100 1 1 12 10 1 8 1 12 10 1 100 1 1 1 1 1 1 1 1 12 10 1 1 1 1 1 1 1 1 1 1 1 100 1 8 1 1 12 10 1 1 1 8 1 1
instanceKlass org/jetbrains/kotlin/fir/declarations/FirErrorFunction
instanceKlass org/jetbrains/kotlin/fir/declarations/FirAnonymousFunction
instanceKlass org/jetbrains/kotlin/fir/declarations/FirConstructor
instanceKlass org/jetbrains/kotlin/fir/declarations/FirPropertyAccessor
instanceKlass org/jetbrains/kotlin/fir/declarations/FirSimpleFunction
ciInstanceKlass org/jetbrains/kotlin/fir/declarations/FirFunction 1 1 220 1 7 1 7 1 100 1 100 1 100 1 1 1 3 3 3 1 1 3 1 1 1 1 1 1 1 1 1 1 1 1 1 1 1 1 1 1 1 1 1 1 1 1 1 1 1 1 1 1 1 1 1 1 1 1 1 1 1 1 1 1 1 1 1 1 1 1 1 1 1 1 1 1 1 1 1 1 1 1 1 1 1 1 1 1 1 1 1 1 1 1 1 1 1 1 1 1 1 1 1 1 1 1 1 1 1 1 1 1 1 1 1 1 1 1 1 1 1 1 1 1 1 1 1 1 1 1 1 1 1 1 1 1 1 1 1 1 1 1 1 1 12 10 1 1 1 1 1 1 1 1 8 1 100 1 1 12 10 1 100 1 1 12 10 1 1 8 1 100 1 1 12 10 1 8 1 12 10 1 100 1 1 1 1 1 1 1 1 1 1 12 10 1 1 1 1 1 1 1 1 1 1 1 100 1 8 1 1 12 10 1 1 1 8 1 1 8 1 1
instanceKlass org/jetbrains/kotlin/fir/java/declarations/FirJavaMethod
instanceKlass org/jetbrains/kotlin/fir/declarations/impl/FirSimpleFunctionImpl
ciInstanceKlass org/jetbrains/kotlin/fir/declarations/FirSimpleFunction 1 1 226 1 100 1 7 1 100 1 100 1 1 1 3 3 3 1 1 3 1 1 1 1 1 1 1 1 1 1 1 1 1 1 1 1 1 1 1 1 1 1 1 1 1 1 1 1 1 1 1 1 1 1 1 1 1 1 1 1 1 1 1 1 1 1 1 1 1 1 1 1 1 1 1 1 1 1 1 1 1 1 1 1 1 1 1 1 1 1 1 1 1 1 1 1 1 1 1 1 1 1 1 1 1 1 1 1 1 1 1 1 1 1 1 1 1 1 1 1 1 1 1 1 1 1 1 1 1 1 1 1 1 1 1 1 1 1 1 1 1 1 1 1 1 1 1 12 10 1 1 1 1 1 1 1 8 1 7 1 1 12 10 1 7 1 1 12 10 1 1 8 1 7 1 1 12 10 1 8 1 12 10 1 7 1 1 1 1 1 1 1 1 1 1 1 1 1 1 1 1 1 1 1 1 100 1 8 1 1 12 10 1 1 1 8 1 1 1 8 1 1 1 8 1 1 8 1
ciInstanceKlass org/jetbrains/kotlin/fir/declarations/impl/FirSimpleFunctionImpl 1 1 480 1 7 1 7 1 1 1 3 3 3 1 1 3 1 1 1 1 1 1 1 1 1 1 1 1 1 1 1 1 1 1 1 1 1 1 1 1 1 1 1 1 1 1 1 1 1 1 1 1 1 1 1 1 1 1 1 1 1 1 1 1 1 1 1 1 1 1 1 1 1 1 1 1 1 1 1 1 1 1 1 1 1 1 1 1 1 1 1 1 1 1 1 1 1 1 1 1 1 1 1 1 1 1 1 1 1 1 1 1 1 1 1 1 1 1 1 1 1 1 1 1 1 1 1 1 1 1 1 1 1 1 1 1 1 1 1 1 1 1 1 1 1 1 1 1 1 1 1 1 1 1 1 1 1 1 1 1 1 1 1 1 1 1 1 1 8 1 7 1 1 12 10 8 8 8 8 8 8 8 8 8 8 1 12 10 12 9 12 9 12 9 12 9 12 9 12 9 12 9 12 9 12 9 12 9 12 9 12 9 12 9 12 9 12 9 12 9 12 9 12 9 12 10 1 7 1 7 1 1 12 10 1 7 1 1 12 10 1 7 1 1 12 10 1 1 8 1 1 1 1 12 9 1 8 12 10 1 7 1 1 12 11 12 10 1 7 10 12 10 1 7 10 12 10 1 7 1 1 12 10 1 7 1 1 12 11 1 7 1 1 12 11 1 1 12 11 1 7 10 12 10 1 7 10 12 10 12 10 1 7 10 12 10 1 100 10 12 10 1 7 10 12 10 1 100 1 100 1 7 10 1 1 1 1 1 1 1 1 1 1 1 1 8 12 10 12 10 12 10 12 10 1 1 12 10 1 100 12 10 12 10 12 10 12 10 12 10 12 10 11 12 10 10 12 10 10 12 10 1 7 1 1 12 10 1 12 10 10 12 10 10 12 10 8 8 8 12 10 1 8 1 100 1 1 12 10 12 10 8 1 100 1 12 11 1 100 1 1 12 11 1 8 12 10 1 1 1 7 1 1 7 1 1 7 1 12 10 1 7 1 1 1 7 1 1 100 1 1 100 1 1 7 1 1 1 7 1 1 100 1 1 100 1 1 100 12 10 1 1 1 1 1 1 1 1 1 1 1 1
ciInstanceKlass org/jetbrains/kotlin/fir/declarations/impl/FirRegularClassImpl 1 1 416 1 7 1 7 1 1 1 3 3 3 1 1 3 1 1 1 1 1 1 1 1 1 1 1 1 1 1 1 1 1 1 1 1 1 1 1 1 1 1 1 1 1 1 1 1 1 1 1 1 1 1 1 1 1 1 1 1 1 1 1 1 1 1 1 1 1 1 1 1 1 1 1 1 1 1 1 1 1 1 1 1 1 1 1 1 1 1 1 1 1 1 1 1 1 1 1 1 1 1 1 1 1 1 1 1 1 1 1 1 1 1 1 1 1 1 1 1 1 1 1 1 1 1 1 1 1 1 1 1 1 1 1 1 1 1 1 1 1 1 1 1 1 8 1 7 1 1 12 10 8 8 8 8 8 8 8 8 8 8 8 8 1 12 10 12 9 12 9 12 9 12 9 12 9 12 9 12 9 12 9 12 9 12 9 12 9 12 9 12 9 12 9 12 9 12 9 12 10 1 7 1 7 1 1 12 10 1 7 1 1 12 10 1 7 1 1 12 10 1 1 1 8 1 1 1 1 12 9 1 8 12 10 1 7 1 1 12 11 1 7 1 12 11 1 1 12 11 1 100 1 1 12 11 12 10 1 7 11 12 10 1 7 10 12 10 10 12 10 1 7 1 1 12 10 1 7 10 12 10 1 7 10 12 10 1 100 1 100 1 100 10 1 1 1 1 1 1 1 1 1 1 1 1 1 8 12 10 12 10 1 1 12 10 1 100 12 10 12 10 12 10 12 10 12 10 1 7 1 1 12 10 11 12 10 1 12 10 8 8 12 10 1 8 1 7 1 1 12 10 12 10 12 10 1 8 1 7 1 12 11 1 7 1 1 12 11 1 1 1 7 1 1 7 1 1 7 1 12 10 1 7 1 1 1 7 1 1 100 1 1 100 1 1 100 1 1 1 7 1 1 100 12 10 1 1 1 1 1 1 1 1 1 1 1 1
ciInstanceKlass org/jetbrains/kotlin/fir/resolve/providers/impl/FirCachingCompositeSymbolProvider 1 1 359 1 7 1 7 1 1 1 3 3 3 1 1 3 1 1 1 1 1 1 1 1 1 1 1 1 1 1 1 1 1 1 1 1 1 1 1 1 1 1 1 1 1 1 1 1 1 1 1 1 1 1 1 1 1 1 1 1 1 1 1 1 1 1 1 1 1 1 1 1 1 1 1 7 1 1 1 1 1 8 1 7 1 1 12 10 8 1 12 10 12 9 12 9 1 7 1 1 12 10 1 7 1 12 10 1 7 1 7 1 1 12 10 12 9 1 7 10 12 9 1 7 10 12 9 1 7 10 12 9 1 7 10 12 9 1 7 1 7 1 7 1 1 12 10 1 12 10 1 7 1 1 12 11 1 100 1 7 1 1 12 11 1 1 12 11 12 10 1 1 12 11 1 7 1 12 10 1 7 12 9 1 1 1 1 1 1 1 1 1 1 1 1 1 1 1 1 12 10 1 1 1 8 1 100 1 100 1 1 12 10 1 12 10 1 1 12 10 1 1 1 8 8 10 1 1 12 10 1 12 10 1 7 1 12 10 1 7 1 1 12 10 1 1 1 1 1 1 8 12 10 1 1 12 10 1 1 1 8 1 7 1 12 10 1 1 1 8 1 1 12 10 1 7 1 1 1 12 10 1 1 12 10 1 1 12 10 12 10 1 1 12 10 1 1 1 1 1 1 1 12 10 1 1 1 1 12 10 1 1 1 1 12 11 1 100 12 10 1 1 1 1 1 100 12 10 1 1 1 1 1 1 12 10 1 1 12 10 1 12 10 1 12 10 1 1 12 10 1 1 1 1 1 1 1 1 1 1 1
ciInstanceKlass org/jetbrains/kotlin/util/NullableArrayMapAccessor 1 1 72 1 7 1 1 7 1 100 1 1 1 3 3 1 3 1 3 1 1 1 1 1 1 1 1 1 1 1 1 1 1 1 1 1 1 1 1 1 7 1 12 10 1 1 1 1 1 8 1 7 1 1 12 10 8 1 1 12 10 1 12 10 1 1 1 1 1 1 1 1 1 1
instanceKlass org/jetbrains/kotlin/KtPsiSourceElement
instanceKlass org/jetbrains/kotlin/KtLightSourceElement
ciInstanceKlass org/jetbrains/kotlin/KtSourceElement 1 1 70 1 7 1 7 1 1 1 3 3 3 1 1 3 1 1 1 1 1 1 1 1 1 1 1 1 1 1 1 1 1 1 1 1 1 1 1 1 1 1 1 1 1 1 1 1 12 10 1 1 1 1 1 1 1 1 1 1 12 10 1 1 1 1 1 1 1 1 1 1
instanceKlass org/jetbrains/kotlin/fir/declarations/synthetic/FirSyntheticPropertyAccessor
instanceKlass org/jetbrains/kotlin/fir/declarations/impl/FirPropertyAccessorImpl
ciInstanceKlass org/jetbrains/kotlin/fir/declarations/FirPropertyAccessor 1 1 229 1 100 1 7 1 100 1 100 1 1 1 3 3 3 1 1 3 1 1 1 1 1 1 1 1 1 1 1 1 1 1 1 1 1 1 1 1 1 1 1 1 1 1 1 1 1 1 1 1 1 1 1 1 1 1 1 1 1 1 1 1 1 1 1 1 1 1 1 1 1 1 1 1 1 1 1 1 1 1 1 1 1 1 1 1 1 1 1 1 1 1 1 1 1 1 1 1 1 1 1 1 1 1 1 1 1 1 1 1 1 1 1 1 1 1 1 1 1 1 1 1 1 1 1 1 1 1 1 1 1 1 1 1 1 1 1 1 1 1 1 1 1 1 1 1 1 1 12 10 1 1 1 1 1 1 1 8 1 7 1 1 12 10 1 7 1 1 12 10 1 1 8 1 7 1 1 12 10 1 8 1 12 10 1 7 1 1 1 1 1 1 1 1 1 1 1 1 1 1 1 1 1 1 1 1 100 1 8 1 1 12 10 1 1 1 8 1 1 1 8 1 1 1 8 1 1 8 1
instanceKlass org/jetbrains/kotlin/fir/declarations/FirErrorProperty
instanceKlass org/jetbrains/kotlin/fir/declarations/FirField
instanceKlass org/jetbrains/kotlin/fir/declarations/FirEnumEntry
instanceKlass org/jetbrains/kotlin/fir/declarations/FirValueParameter
instanceKlass org/jetbrains/kotlin/fir/declarations/FirBackingField
instanceKlass org/jetbrains/kotlin/fir/declarations/FirProperty
ciInstanceKlass org/jetbrains/kotlin/fir/declarations/FirVariable 1 1 232 1 7 1 7 1 100 1 1 1 3 3 3 1 1 3 1 1 1 1 1 1 1 1 1 1 1 1 1 1 1 1 1 1 1 1 1 1 1 1 1 1 1 1 1 1 1 1 1 1 1 1 1 1 1 1 1 1 1 1 1 1 1 1 1 1 1 1 1 1 1 1 1 1 1 1 1 1 1 1 1 1 1 1 1 1 1 1 1 1 1 1 1 1 1 1 1 1 1 1 1 1 1 1 1 1 1 1 1 1 1 1 1 1 1 1 1 1 1 1 1 1 1 1 1 1 1 1 1 1 1 1 1 1 1 1 1 1 1 1 1 1 1 1 1 1 1 1 1 1 1 1 1 1 12 10 1 1 1 1 1 1 1 1 8 1 100 1 1 12 10 1 100 1 1 12 10 1 1 8 1 100 1 1 12 10 1 8 1 12 10 1 100 1 1 1 1 1 1 1 1 1 1 12 10 1 1 1 1 1 1 1 1 1 1 1 100 1 8 1 1 12 10 1 1 1 8 1 1 8 1 1
instanceKlass org/jetbrains/kotlin/fir/declarations/synthetic/FirSyntheticProperty
instanceKlass org/jetbrains/kotlin/fir/declarations/impl/FirPropertyImpl
ciInstanceKlass org/jetbrains/kotlin/fir/declarations/FirProperty 1 1 248 1 100 1 7 1 100 1 100 1 1 1 3 3 3 1 1 3 1 1 1 1 1 1 1 1 1 1 1 1 1 1 1 1 1 1 1 1 1 1 1 1 1 1 1 1 1 1 1 1 1 1 1 1 1 1 1 1 1 1 1 1 1 1 1 1 1 1 1 1 1 1 1 1 1 1 1 1 1 1 1 1 1 1 1 1 1 1 1 1 1 1 1 1 1 1 1 1 1 1 1 1 1 1 1 1 1 1 1 1 1 1 1 1 1 1 1 1 1 1 1 1 1 1 1 1 1 1 1 1 1 1 1 1 1 1 1 1 1 1 1 1 1 1 1 1 1 1 1 1 1 1 1 1 1 1 1 1 1 1 1 1 1 1 1 1 1 1 1 1 12 10 1 1 1 1 1 1 1 8 1 7 1 1 12 10 1 7 1 1 12 10 1 1 8 1 7 1 1 12 10 1 8 1 12 10 1 7 1 1 1 1 1 1 1 1 1 1 1 1 1 1 1 1 1 1 1 1 1 100 1 8 1 1 12 10 1 1 1 8 1 1 1 8 1 1 8 1
ciInstanceKlass org/jetbrains/kotlin/fir/analysis/checkers/type/FirProjectionRelationChecker 1 1 585 1 7 1 1 7 1 1 1 3 3 3 1 1 3 1 1 1 1 1 1 1 1 1 1 1 1 1 1 1 1 1 1 1 1 1 1 1 1 1 1 1 1 1 1 1 1 1 1 1 1 1 1 1 1 1 1 1 1 1 1 7 1 7 1 100 1 100 1 1 1 1 7 1 1 12 9 1 12 10 1 1 8 1 7 1 1 12 10 8 8 1 7 1 1 12 10 1 7 1 1 12 10 1 7 1 1 12 10 1 100 1 1 12 10 1 7 1 1 12 10 1 7 1 1 12 10 1 7 1 1 12 10 1 7 1 12 10 1 7 1 1 12 11 1 100 1 7 1 7 1 12 11 1 1 12 11 1 12 10 1 7 1 1 12 10 1 7 1 1 12 10 1 1 12 10 1 1 12 11 1 7 1 1 12 10 1 1 12 10 1 7 1 7 1 7 1 1 12 9 1 7 1 7 1 12 9 1 1 12 9 1 12 9 1 12 9 1 12 10 1 7 1 100 10 1 1 12 10 10 1 100 1 1 12 10 1 100 1 12 9 1 1 12 10 1 12 10 1 12 10 1 100 1 100 1 100 1 1 12 10 1 1 1 1 1 1 1 1 1 1 1 1 1 1 1 7 1 12 10 1 7 1 12 10 1 1 12 10 1 7 1 7 1 1 12 10 1 7 1 7 1 1 12 10 1 12 10 1 7 11 1 12 10 1 7 1 12 10 1 12 10 1 12 10 1 1 12 11 1 12 10 1 1 1 1 1 1 1 1 1 1 1 1 1 1 1 1 1 12 10 12 10 1 100 12 9 1 12 10 12 10 1 1 12 10 1 7 1 100 1 7 1 1 12 10 1 100 1 1 12 10 1 7 10 1 100 1 1 12 11 1 12 10 1 12 9 1 100 1 100 1 1 12 9 1 100 1 1 12 10 1 1 12 10 1 100 1 1 12 10 1 1 12 10 1 100 1 100 1 12 10 1 12 11 1 100 1 12 10 1 12 11 1 1 12 10 1 100 1 8 1 1 12 10 1 12 10 1 12 10 1 100 1 1 12 10 1 12 10 1 1 12 10 1 1 1 1 1 1 1 1 1 1 1 1 1 1 1 1 1 1 1 1 1 1 1 1 1 1 1 1 1 1 1 1 1 1 1 1 1 1 1 1 1 1 1 1 1 1 1 1 1 1 1 1 1 1 1 1 100 1 12 10 1 100 1 1 12 10 1 12 10 1 100 1 100 1 1 12 10 1 1 1 1 1 1 1 1 1 1 7 1 12 9 1 12 9 1 1 12 10 1 10 1 1 1 1 1 1 1 1 1 1 1
staticfield org/jetbrains/kotlin/fir/analysis/checkers/type/FirProjectionRelationChecker INSTANCE Lorg/jetbrains/kotlin/fir/analysis/checkers/type/FirProjectionRelationChecker; org/jetbrains/kotlin/fir/analysis/checkers/type/FirProjectionRelationChecker
ciInstanceKlass org/jetbrains/kotlin/fir/analysis/jvm/checkers/expression/FirJvmMissingBuiltInDeclarationChecker 1 1 202 1 7 1 1 7 1 1 1 3 3 3 1 1 3 1 1 1 1 1 1 1 1 1 1 1 1 1 1 1 1 1 1 7 1 100 1 1 1 1 7 1 1 12 9 1 12 10 1 1 8 1 7 1 1 12 10 8 8 1 7 1 1 12 10 1 7 1 1 12 10 1 7 1 1 12 11 1 7 1 1 12 10 1 100 1 100 1 7 1 1 12 10 1 1 12 10 1 7 1 1 12 10 1 7 1 1 12 10 1 7 1 1 12 10 1 7 1 12 10 1 100 1 7 1 1 12 10 1 7 1 7 1 1 12 10 1 7 1 1 12 10 1 1 1 1 1 1 1 1 1 12 10 1 12 9 1 1 12 10 1 1 12 11 1 100 1 100 1 12 9 1 1 12 10 1 100 1 100 1 1 12 10 1 1 1 1 1 12 10 12 9 1 1 1 1 1 1 1 1 1 1
staticfield org/jetbrains/kotlin/fir/analysis/jvm/checkers/expression/FirJvmMissingBuiltInDeclarationChecker INSTANCE Lorg/jetbrains/kotlin/fir/analysis/jvm/checkers/expression/FirJvmMissingBuiltInDeclarationChecker; org/jetbrains/kotlin/fir/analysis/jvm/checkers/expression/FirJvmMissingBuiltInDeclarationChecker
instanceKlass org/jetbrains/kotlin/fir/types/FirPlaceholderProjection
instanceKlass org/jetbrains/kotlin/fir/types/FirStarProjection
instanceKlass org/jetbrains/kotlin/fir/types/FirTypeProjectionWithVariance
ciInstanceKlass org/jetbrains/kotlin/fir/types/FirTypeProjection 1 1 89 1 7 1 7 1 100 1 1 1 3 3 3 1 1 3 1 1 1 1 1 1 1 1 1 1 1 1 1 1 1 1 1 1 1 1 1 1 1 1 1 1 1 1 12 10 1 1 1 1 8 1 100 1 1 12 10 1 100 1 1 12 10 1 1 8 1 100 1 1 12 10 1 8 1 12 10 1 10 1 1 1 1 1 1 1 1 1 1
instanceKlass org/jetbrains/kotlin/fir/types/impl/FirTypeProjectionWithVarianceImpl
ciInstanceKlass org/jetbrains/kotlin/fir/types/FirTypeProjectionWithVariance 1 1 91 1 100 1 7 1 1 1 3 3 3 1 1 3 1 1 1 1 1 1 1 1 1 1 1 1 1 1 1 1 1 1 1 1 1 1 1 1 1 1 1 1 1 1 1 1 1 1 12 10 1 1 1 1 8 1 7 1 1 12 10 1 7 1 1 12 10 1 1 8 1 7 1 1 12 10 1 8 1 12 10 1 7 1 1 1 1 1 1 1 1
ciInstanceKlass org/jetbrains/kotlin/fir/types/impl/ConeTypeParameterTypeImpl 1 1 132 1 7 1 7 1 1 1 3 3 3 1 1 3 1 1 1 1 1 1 1 1 1 1 1 1 1 1 1 1 1 1 1 1 1 1 1 1 1 1 1 7 1 7 1 1 7 1 7 1 1 8 1 7 1 1 12 10 8 1 12 10 12 9 12 9 12 9 1 1 1 12 9 1 12 10 12 10 1 12 9 1 12 10 1 1 1 7 1 1 12 10 1 100 1 1 12 10 1 8 1 12 10 12 10 12 10 1 1 1 7 12 10 1 7 1 12 10 1 1 1 1 7 1 1 1 1 1 1 1 1 1
ciInstanceKlass org/jetbrains/kotlin/fir/types/FirTypeArgumentList 1 0 35 1 100 1 100 1 1 1 3 3 3 1 1 3 1 1 1 1 1 1 1 1 1 1 1 1 1 1 1 1 1 1 1 1 1
ciInstanceKlass org/jetbrains/kotlin/fir/types/impl/FirTypeArgumentListImpl 1 1 59 1 7 1 7 1 100 1 1 1 3 3 3 1 1 3 1 1 1 1 1 1 1 1 1 1 1 1 1 1 1 1 1 1 1 1 1 1 12 10 12 9 1 7 10 1 7 12 9 1 1 1 1 1 1 1 1 1 1
ciInstanceKlass org/jetbrains/kotlin/fir/types/FirQualifierPart 1 0 37 1 100 1 100 1 1 1 3 3 3 1 1 3 1 1 1 1 1 1 1 1 1 1 1 1 1 1 1 1 1 1 1 1 1 1 1
ciInstanceKlass org/jetbrains/kotlin/fir/types/impl/FirQualifierPartImpl 1 1 63 1 7 1 7 1 100 1 1 1 3 3 3 1 1 3 1 1 1 1 1 1 1 1 1 1 1 1 1 1 1 1 1 1 1 1 1 1 8 1 7 1 1 12 10 8 1 12 10 12 9 12 9 12 9 1 1 1 1 1 1 1 1
instanceKlass org/jetbrains/kotlin/fir/types/jvm/FirJavaTypeRef
instanceKlass org/jetbrains/kotlin/fir/types/impl/FirUserTypeRefImpl
ciInstanceKlass org/jetbrains/kotlin/fir/types/FirUserTypeRef 1 1 113 1 100 1 7 1 1 1 3 3 3 1 1 3 1 1 1 1 1 1 1 1 1 1 1 1 1 1 1 1 1 1 1 1 1 1 1 1 1 1 1 1 1 1 1 1 1 1 1 1 1 1 1 1 1 12 10 1 1 1 1 1 1 8 1 7 1 1 12 10 1 7 1 1 12 10 1 1 8 1 7 1 1 12 10 1 8 1 12 10 1 7 1 1 1 1 1 1 1 1 1 1 1 1 100 1 8 1 1 12 10 1 1
ciInstanceKlass org/jetbrains/kotlin/fir/types/impl/FirUserTypeRefImpl 1 1 221 1 7 1 7 1 1 1 3 3 3 1 1 3 1 1 1 1 1 1 1 1 1 1 1 1 1 1 1 1 1 1 1 1 1 1 1 1 1 1 1 1 1 1 1 1 1 1 1 1 1 1 1 1 1 1 1 1 1 1 1 1 1 1 1 1 1 1 1 8 1 7 1 1 12 10 1 12 10 12 9 12 9 12 9 12 9 1 1 1 1 1 1 8 12 10 1 7 1 1 12 11 1 7 1 12 11 1 1 12 11 1 7 1 1 12 11 1 7 1 12 11 1 7 11 1 100 1 100 1 7 1 1 12 10 12 10 1 7 1 1 12 10 1 7 10 1 1 1 1 1 1 1 1 1 1 1 1 8 1 8 1 12 10 1 7 1 1 12 10 1 7 1 1 12 10 12 10 1 8 1 7 1 1 12 10 12 10 1 1 12 10 1 1 12 10 1 7 1 1 100 1 1 100 1 1 100 12 10 1 1 1 1 1 1 1 1 1 1 1 1
ciInstanceKlass org/jetbrains/kotlin/fir/types/impl/FirTypeProjectionWithVarianceImpl 1 1 101 1 7 1 7 1 1 1 3 3 3 1 1 3 1 1 1 1 1 1 1 1 1 1 1 1 1 1 1 1 1 1 1 1 1 1 1 1 1 1 1 1 1 1 1 1 1 1 1 1 8 1 7 1 1 12 10 8 1 12 10 12 9 12 9 12 9 1 1 8 1 8 12 10 1 7 1 1 12 10 1 1 8 1 1 12 10 12 10 12 10 1 7 1 1 1 1 1 1 1 1
instanceKlass org/jetbrains/kotlin/fir/impl/FirFunctionTypeParameterImpl
ciInstanceKlass org/jetbrains/kotlin/fir/FirFunctionTypeParameter 1 1 90 1 100 1 7 1 7 1 1 1 3 3 3 1 1 3 1 1 1 1 1 1 1 1 1 1 1 1 1 1 1 1 1 1 1 1 1 1 1 1 1 1 1 1 1 1 1 1 1 12 10 1 1 1 1 8 1 7 1 1 12 10 1 7 1 1 12 10 1 1 8 1 7 1 1 12 10 1 8 1 12 10 1 1 1 1 1 1 1 1
ciInstanceKlass org/jetbrains/kotlin/fir/impl/FirFunctionTypeParameterImpl 1 1 100 1 7 1 7 1 1 1 3 3 3 1 1 3 1 1 1 1 1 1 1 1 1 1 1 1 1 1 1 1 1 1 1 1 1 1 1 1 1 1 1 1 1 1 1 1 1 1 1 1 8 1 7 1 1 12 10 1 12 10 12 9 12 9 12 9 1 1 8 1 8 12 10 1 7 1 1 12 10 1 1 8 1 1 12 10 12 10 12 10 1 7 1 1 1 1 1 1 1 1
instanceKlass org/jetbrains/kotlin/fir/types/impl/FirFunctionTypeRefImpl
ciInstanceKlass org/jetbrains/kotlin/fir/types/FirFunctionTypeRef 1 1 121 1 100 1 7 1 1 1 3 3 3 1 1 3 1 1 1 1 1 1 1 1 1 1 1 1 1 1 1 1 1 1 1 1 1 1 1 1 1 1 1 1 1 1 1 1 1 1 1 1 1 1 1 1 1 1 1 1 1 1 1 1 12 10 1 1 1 1 1 1 1 8 1 7 1 1 12 10 1 7 1 1 12 10 1 1 8 1 7 1 1 12 10 1 8 1 12 10 1 7 1 1 1 1 1 1 1 1 1 1 1 1 100 1 8 1 1 12 10 1 1
ciInstanceKlass org/jetbrains/kotlin/fir/types/impl/FirFunctionTypeRefImpl 1 1 231 1 7 1 7 1 1 1 3 3 3 1 1 3 1 1 1 1 1 1 1 1 1 1 1 1 1 1 1 1 1 1 1 1 1 1 1 1 1 1 1 1 1 1 1 1 1 1 1 1 1 1 1 1 1 1 1 1 1 1 1 1 1 1 1 1 1 1 1 1 1 1 1 1 1 1 1 8 1 7 1 1 12 10 8 8 1 12 10 12 9 12 9 12 9 12 9 12 9 12 9 12 9 12 9 1 1 1 1 1 8 1 1 8 12 10 1 7 1 1 12 10 1 7 1 1 12 11 1 7 1 12 11 1 1 12 11 1 100 1 1 12 10 12 10 1 7 10 12 10 1 7 10 12 10 12 10 1 100 1 100 1 1 1 1 1 1 1 1 1 1 1 8 12 10 1 1 12 10 1 100 12 10 1 7 1 1 12 10 12 10 1 12 10 1 8 1 100 1 1 12 10 12 10 1 12 10 1 7 1 1 1 100 1 1 1 100 12 10 1 1 1 1 1 1 1 1 1 1 1 1
ciInstanceKlass org/jetbrains/kotlin/fir/symbols/impl/FirAnonymousObjectSymbol 1 1 55 1 100 1 1 7 1 1 1 3 3 3 1 1 3 1 1 1 1 1 1 1 1 1 1 1 1 8 1 7 1 1 12 10 1 7 1 7 1 12 9 1 12 10 1 12 10 1 1 1 1 1 1 1 1
ciInstanceKlass org/jetbrains/kotlin/fir/symbols/impl/ConeClassLikeLookupTagWithFixedSymbol 1 1 88 1 7 1 7 1 1 1 3 3 3 1 1 3 1 1 1 1 1 1 1 1 1 1 1 1 1 1 1 1 1 1 1 1 1 1 1 8 1 7 1 1 12 10 8 1 12 10 12 9 12 9 1 1 1 1 1 7 1 1 12 10 1 100 1 1 12 10 1 8 1 12 10 1 1 1 7 12 10 1 1 1 1 1 1 1 1 1
ciInstanceKlass org/jetbrains/kotlin/fir/symbols/impl/FirTypeParameterSymbol 1 1 161 1 7 1 1 7 1 100 1 1 1 3 3 3 1 1 3 1 1 1 1 1 1 1 1 1 1 1 1 1 1 1 1 1 1 1 1 1 1 1 1 1 1 1 1 1 1 1 1 1 1 1 12 10 1 7 1 12 10 12 9 1 1 1 12 10 1 7 12 10 1 1 1 12 10 1 100 12 10 1 100 1 1 12 10 1 100 1 1 12 10 1 100 1 12 11 1 1 12 10 1 12 10 10 1 100 1 12 10 12 10 1 8 1 100 1 1 7 1 7 1 1 12 9 1 7 1 1 12 10 1 12 10 1 8 1 7 1 1 12 10 12 10 12 10 1 12 10 1 12 10 1 7 1 1 1 1 1 1 1 1
instanceKlass org/jetbrains/kotlin/fir/symbols/ConeTypeParameterLookupTag
ciInstanceKlass org/jetbrains/kotlin/fir/symbols/ConeClassifierLookupTagWithFixedSymbol 1 1 38 1 100 1 7 1 1 1 3 3 3 1 1 3 1 1 1 1 1 1 1 1 1 1 1 1 12 10 1 1 1 1 1 1 1 1 1 1
ciInstanceKlass org/jetbrains/kotlin/fir/symbols/ConeTypeParameterLookupTag 1 1 108 1 7 1 7 1 100 1 1 1 3 3 3 1 1 3 1 1 1 1 1 1 1 1 1 1 1 1 1 1 1 1 1 1 1 1 1 1 1 1 1 1 1 8 1 7 1 1 12 10 1 12 10 12 9 1 1 7 12 10 1 12 10 1 1 12 10 1 1 100 10 1 8 1 1 12 10 1 12 10 1 12 10 12 10 1 12 10 1 1 1 1 12 10 1 1 12 10 1 7 1 1 1 1 1 1 1 1
ciInstanceKlass org/jetbrains/kotlin/fir/declarations/FirTypeParameterRef 1 1 95 1 100 1 100 1 100 1 1 1 3 3 3 1 1 3 1 1 1 1 1 1 1 1 1 1 1 1 1 1 1 1 1 1 1 1 1 1 1 1 1 1 1 1 1 8 1 100 1 1 12 10 1 100 1 1 12 10 1 1 1 8 1 100 1 1 12 10 1 8 1 12 10 1 1 1 1 1 1 1 1 1 100 1 8 1 1 12 10 1 1 1 8 1 1
ciInstanceKlass org/jetbrains/kotlin/fir/declarations/impl/FirTypeParameterImpl 1 1 264 1 7 1 7 1 1 1 3 3 3 1 1 3 1 1 1 1 1 1 1 1 1 1 1 1 1 1 1 1 1 1 1 1 1 1 1 1 1 1 1 1 1 1 1 1 1 1 1 1 1 1 1 1 1 1 1 1 1 1 1 1 1 1 1 1 1 1 1 1 1 1 1 1 1 1 1 1 1 1 1 1 1 1 1 1 1 1 1 1 1 1 1 1 1 1 1 8 1 7 1 1 12 10 8 8 8 8 8 8 8 1 12 10 12 9 12 9 12 9 12 9 12 9 12 9 12 9 12 9 12 9 12 9 12 9 12 10 1 7 1 7 1 1 12 10 1 7 1 1 12 10 1 7 1 1 12 10 1 1 1 1 1 1 8 12 10 1 7 1 1 12 10 1 7 1 1 12 11 1 7 1 12 11 1 1 12 11 1 7 1 1 12 10 12 10 1 100 1 100 1 100 10 1 1 1 1 1 1 1 1 1 1 8 1 7 1 1 12 10 12 10 1 8 1 7 1 1 12 10 12 10 1 8 12 10 1 100 1 1 1 12 10 1 7 1 1 1 1 100 12 10 1 1 1 1 1 1 1 1 1 1 1 1
ciInstanceKlass org/jetbrains/kotlin/fir/types/FirTypeUtilsKt 1 1 635 1 7 1 100 1 1 1 3 3 3 1 1 3 1 1 1 1 1 1 1 1 1 1 1 1 1 1 1 1 1 1 1 1 1 1 1 1 1 1 1 1 1 1 1 1 1 1 1 1 1 1 1 1 1 1 1 1 1 1 1 1 1 1 1 1 1 1 1 1 1 1 1 1 1 1 1 1 1 1 1 1 1 1 1 1 1 1 1 1 1 1 1 1 1 1 1 100 1 7 1 1 100 1 7 1 1 7 1 1 100 1 1 7 1 1 100 1 1 100 1 1 100 1 1 100 1 1 100 1 1 1 8 1 7 1 1 12 10 1 7 1 12 10 8 1 1 12 10 1 7 1 1 1 1 1 1 1 1 100 1 1 12 10 1 8 1 1 12 10 1 100 1 1 12 10 1 100 1 1 12 11 1 8 1 8 1 1 12 10 1 12 10 1 8 1 100 1 12 10 1 100 1 100 10 1 8 1 100 1 100 1 1 12 10 1 12 10 1 1 12 11 1 100 1 1 1 1 1 1 1 1 1 1 1 1 1 1 1 1 1 1 1 1 1 1 100 1 1 1 1 1 1 1 1 1 1 1 1 7 12 10 1 8 1 8 8 1 1 1 1 1 1 12 9 1 1 12 10 1 12 10 1 1 1 1 12 10 1 1 1 12 10 1 1 12 10 1 1 12 10 1 1 12 10 1 1 12 10 1 1 12 10 1 1 12 10 1 7 1 1 12 11 1 100 1 100 1 1 12 11 1 1 12 11 1 100 1 12 11 1 1 12 11 1 100 1 12 10 1 1 1 1 1 1 1 1 1 1 7 1 1 12 10 1 12 9 1 1 12 10 1 12 10 1 1 12 10 1 1 100 1 12 10 1 1 7 1 12 10 1 7 1 7 1 1 12 10 1 12 10 1 1 12 10 1 7 1 12 10 1 12 10 1 1 1 1 7 1 1 12 10 1 1 12 10 1 7 1 1 12 11 1 12 10 1 1 1 100 1 12 10 1 7 1 1 12 10 1 100 1 1 12 10 1 1 1 1 12 9 1 12 10 12 10 1 1 1 1 100 10 12 10 1 1 12 11 1 1 1 1 1 1 1 1 1 1 1 1 12 10 1 12 9 1 12 10 1 12 9 1 12 9 1 12 10 1 12 9 1 12 10 1 12 9 1 12 10 1 12 9 1 12 10 1 12 9 1 12 10 1 12 9 1 1 1 7 1 7 1 12 9 1 7 1 100 1 7 1 12 10 12 10 1 1 12 10 1 1 12 10 1 100 1 8 1 8 1 100 10 1 1 1 1 1 12 10 1 7 1 12 10 1 1 1 1 12 10 1 7 1 1 12 10 1 7 1 1 12 10 1 12 10 1 1 12 11 1 12 10 1 7 1 1 12 10 1 1 1 1 1 1 1 1 1 1 1 1 1 1 1 1 1 1 1
ciInstanceKlass org/jetbrains/kotlin/fir/types/impl/FirStarProjectionImpl 1 1 70 1 7 1 7 1 1 1 3 3 3 1 1 3 1 1 1 1 1 1 1 1 1 1 1 1 1 1 1 1 1 1 1 1 1 1 1 1 1 1 12 10 12 9 1 1 1 8 1 7 1 1 12 10 1 1 8 1 12 10 1 7 1 1 1 1 1 1 1 1
ciInstanceKlass org/jetbrains/kotlin/fir/symbols/FirLazyDeclarationResolverKt 1 1 207 1 7 1 100 1 1 1 3 3 3 1 1 3 1 1 1 1 1 1 1 1 1 1 1 1 1 1 1 1 1 1 1 1 1 1 1 1 1 1 1 1 1 1 100 1 7 1 1 7 1 100 1 1 1 1 1 8 1 7 1 1 12 10 12 9 1 7 12 9 1 7 1 1 12 10 1 7 1 1 7 1 1 12 10 1 7 1 1 12 10 12 10 1 1 8 1 7 1 1 12 10 1 12 10 1 1 1 12 9 1 7 1 12 10 1 1 1 7 10 1 100 1 12 10 1 12 10 10 12 10 1 1 12 9 1 1 7 1 1 12 10 1 7 1 1 12 10 1 12 10 1 100 1 1 12 11 1 1 1 1 1 7 1 7 8 1 8 1 1 12 10 1 7 1 7 1 1 12 10 1 12 9 1 7 1 1 12 10 1 1 12 10 1 1 1 1 1 1 1 1 1 1 1 1 1 1
staticfield org/jetbrains/kotlin/fir/symbols/FirLazyDeclarationResolverKt $$delegatedProperties [Lkotlin/reflect/KProperty; 1 [Lkotlin/reflect/KProperty;
staticfield org/jetbrains/kotlin/fir/symbols/FirLazyDeclarationResolverKt lazyDeclarationResolver$delegate Lorg/jetbrains/kotlin/util/ArrayMapAccessor; org/jetbrains/kotlin/util/ArrayMapAccessor
ciInstanceKlass org/jetbrains/kotlin/fir/symbols/FirLazyDeclarationResolverKt$lazyResolveToPhase$1 1 1 81 1 7 1 1 7 1 100 1 1 100 1 1 12 1 1 3 3 3 1 3 1 3 1 1 1 1 1 7 8 1 8 1 12 10 1 1 1 1 8 1 7 1 1 12 10 1 8 1 8 10 1 1 1 1 1 7 1 7 12 10 1 7 1 12 9 1 1 1 12 10 12 9 1 1 1 1 1 1 1 1
staticfield org/jetbrains/kotlin/fir/symbols/FirLazyDeclarationResolverKt$lazyResolveToPhase$1 INSTANCE Lorg/jetbrains/kotlin/fir/symbols/FirLazyDeclarationResolverKt$lazyResolveToPhase$1; org/jetbrains/kotlin/fir/symbols/FirLazyDeclarationResolverKt$lazyResolveToPhase$1
ciInstanceKlass org/jetbrains/kotlin/fir/declarations/synthetic/FirSyntheticPropertyAccessor 1 1 361 1 7 1 7 1 1 1 3 3 3 1 1 3 1 1 1 1 1 1 1 1 1 1 1 1 1 1 1 1 1 1 1 1 1 1 1 1 1 1 1 1 1 1 1 1 1 1 1 1 1 1 1 1 1 1 1 1 1 1 1 1 1 1 1 1 1 1 1 1 1 1 1 1 1 1 1 1 1 1 1 1 1 1 1 1 1 1 1 1 1 1 1 1 1 1 1 1 1 1 1 1 1 1 1 1 1 1 1 1 1 1 1 1 1 1 1 1 1 1 1 1 1 1 1 1 1 1 1 1 1 1 1 1 1 1 1 1 1 1 1 1 1 1 1 1 100 1 7 1 1 7 1 1 1 1 1 8 1 7 1 1 12 10 8 1 12 10 12 9 12 9 12 9 1 7 10 1 7 1 1 12 10 12 9 1 1 1 1 1 7 12 10 12 10 1 1 12 9 12 10 12 10 12 10 12 10 12 10 1 12 10 1 12 10 1 1 100 1 12 10 12 10 12 10 12 10 12 10 12 9 12 9 1 8 1 1 12 10 12 10 1 100 10 12 10 1 100 10 1 1 1 12 10 1 100 10 1 8 1 1 8 1 1 8 1 1 8 1 1 1 8 1 8 1 8 1 100 1 8 1 100 1 1 12 10 1 12 10 1 12 10 1 7 1 1 7 1 1 7 1 1 7 1 12 10 1 100 12 10 1 1 100 1 1 100 12 10 12 10 12 10 12 10 1 1 100 12 10 1 1 100 12 10 1 1 1 100 1 1 100 12 10 12 10 1 1 100 1 1 100 1 1 1 1 1 1 1 1 1 1
ciInstanceKlass org/jetbrains/kotlin/fir/declarations/synthetic/FirSyntheticProperty 1 1 398 1 7 1 7 1 1 1 3 3 3 1 1 3 1 1 1 1 1 1 1 1 1 1 1 1 1 1 1 1 1 1 1 1 1 1 1 1 1 1 1 1 1 1 1 1 1 1 1 1 1 1 1 1 1 1 1 1 1 1 1 1 1 1 1 1 1 1 1 1 1 1 1 1 1 1 1 1 1 1 1 1 1 1 1 1 1 1 1 1 1 1 1 1 1 1 1 1 1 1 1 1 1 1 1 1 1 1 1 1 1 1 1 1 1 1 1 1 1 1 1 1 1 1 1 1 1 1 1 1 1 1 1 1 1 1 1 1 1 1 1 1 1 1 1 1 1 1 1 1 1 1 1 1 1 1 1 1 1 1 1 1 1 1 100 1 7 1 1 7 1 1 1 1 1 8 1 7 1 1 12 10 8 8 8 8 8 1 12 10 12 9 12 9 12 9 12 9 12 9 12 9 12 9 12 9 12 9 12 10 1 7 1 7 1 1 12 10 1 7 10 12 9 1 1 1 100 1 1 12 9 1 100 12 10 12 10 1 7 12 10 1 12 9 12 10 12 10 1 1 7 1 12 10 1 12 9 1 100 1 12 9 1 12 10 1 8 10 1 100 1 1 12 10 12 10 1 100 11 1 1 8 1 12 10 1 100 10 1 1 8 1 1 8 1 1 1 8 1 1 1 8 1 1 8 1 8 1 100 1 8 1 100 1 1 12 10 1 12 10 1 1 100 1 1 100 1 1 7 1 1 7 1 1 7 12 10 1 12 10 1 100 12 10 1 1 100 1 1 100 12 10 12 10 1 1 100 12 10 12 10 12 10 12 10 12 10 12 10 12 10 1 1 1 100 1 1 100 12 10 1 1 100 1 1 100 12 10 1 1 1 1 1 1 1 1 1 1
ciInstanceKlass org/jetbrains/kotlin/fir/resolve/substitution/ConeSubstitutor$Empty 1 1 64 1 7 1 7 1 1 1 3 3 3 1 1 3 1 1 1 1 1 1 1 1 1 1 1 1 1 1 1 1 1 1 1 1 1 12 10 1 1 8 1 7 1 1 12 10 1 1 8 1 1 8 1 10 12 9 1 1 1 1 1 1 1 1
staticfield org/jetbrains/kotlin/fir/resolve/substitution/ConeSubstitutor$Empty INSTANCE Lorg/jetbrains/kotlin/fir/resolve/substitution/ConeSubstitutor$Empty; org/jetbrains/kotlin/fir/resolve/substitution/ConeSubstitutor$Empty
ciInstanceKlass org/jetbrains/kotlin/fir/resolve/ToSymbolUtilsKt 1 1 234 1 7 1 100 1 1 1 3 3 3 1 1 3 1 1 1 1 1 1 1 1 1 1 1 1 1 1 1 1 1 1 1 1 1 1 1 1 1 1 1 1 1 1 1 1 8 1 7 1 1 12 10 8 1 7 1 12 10 1 7 1 100 1 7 1 1 12 10 1 100 1 100 1 1 12 10 1 8 1 1 12 10 1 1 12 10 1 100 1 1 12 10 1 12 10 10 1 12 10 1 1 1 12 10 1 7 1 1 1 7 1 1 1 7 1 12 10 1 7 1 1 12 10 1 7 1 1 12 10 1 100 1 12 10 1 7 1 1 12 10 1 1 12 10 1 7 1 1 12 10 1 7 1 1 12 10 1 1 1 1 1 1 1 1 8 1 7 1 1 1 1 7 1 1 1 1 7 1 1 12 10 1 1 1 7 1 1 12 10 1 7 1 12 10 1 1 12 10 1 1 1 100 1 1 1 1 12 10 1 1 7 1 1 12 10 12 10 1 1 12 10 1 1 1 1 1 1 1 1 1 1 1 1
ciInstanceKlass org/jetbrains/kotlin/fir/types/ConeTypeUtilsKt 1 1 540 1 7 1 100 1 1 1 3 3 3 1 1 3 1 1 1 1 1 1 1 1 1 1 1 1 1 1 1 1 1 1 1 1 1 1 1 1 1 1 1 1 1 1 1 1 1 1 1 1 1 1 1 1 1 1 1 1 1 1 1 1 1 1 1 1 1 1 1 1 1 1 1 1 1 1 1 1 1 1 1 7 1 1 100 1 7 1 7 1 1 1 8 1 7 1 1 12 10 1 7 1 1 12 10 1 7 12 10 1 7 1 100 1 1 12 10 1 1 1 1 1 1 1 1 7 1 12 10 1 12 10 1 7 10 1 7 10 1 7 10 1 7 1 7 1 7 10 1 1 1 1 12 10 1 7 1 1 12 10 1 7 1 12 10 1 100 1 1 12 10 1 100 1 1 1 1 8 8 1 100 1 1 12 10 1 7 1 100 1 7 1 12 11 1 100 1 1 12 10 1 1 12 11 1 1 12 11 1 1 12 10 1 1 12 10 1 1 12 11 1 1 12 10 1 100 1 7 1 1 12 10 1 1 1 1 1 1 1 1 1 1 1 1 1 1 1 1 1 1 12 9 1 1 1 8 1 12 9 1 1 12 10 1 12 10 1 1 12 10 1 7 1 12 10 11 1 100 1 1 12 11 1 100 1 12 11 1 12 11 1 1 1 1 1 1 12 10 1 7 1 1 1 1 8 1 12 10 1 1 1 8 1 100 1 1 12 10 1 12 10 1 12 10 1 1 1 1 1 1 1 1 1 8 1 7 10 10 1 1 12 10 1 12 10 1 7 1 100 1 100 10 1 8 1 1 12 10 1 1 12 10 1 100 1 1 12 10 1 12 10 1 1 12 10 10 1 12 10 1 1 8 1 1 12 9 1 7 1 1 12 10 1 7 1 7 1 12 10 1 7 10 1 1 8 1 12 9 1 100 10 1 100 1 12 9 1 10 1 100 12 10 1 1 1 1 100 1 12 10 1 100 1 1 12 10 1 8 1 12 10 1 1 1 1 100 16 1 1 12 10 15 16 1 7 1 1 12 10 15 1 12 18 1 12 10 1 1 1 1 12 10 15 18 1 12 10 1 1 1 1 12 10 16 1 12 10 15 1 16 1 12 18 12 10 1 1 12 10 15 18 1 1 1 7 1 12 10 1 1 12 10 1 12 10 12 10 1 1 100 10 1 100 1 100 10 8 1 1 1 1 1 1 1 1 1 1 1 1 1
ciInstanceKlass org/jetbrains/kotlin/fir/types/ProjectionKind 1 1 94 1 7 1 1 7 1 1 1 3 3 3 1 1 3 1 1 1 1 1 1 1 1 1 1 1 1 1 1 1 1 1 12 10 1 1 1 1 1 1 1 12 9 1 7 1 1 12 10 7 1 1 1 12 10 1 1 1 1 1 12 9 1 12 9 12 9 12 9 12 9 1 8 10 8 8 8 12 10 1 7 1 7 1 1 12 10 1 1 1 1 1 1 1
staticfield org/jetbrains/kotlin/fir/types/ProjectionKind STAR Lorg/jetbrains/kotlin/fir/types/ProjectionKind; org/jetbrains/kotlin/fir/types/ProjectionKind
staticfield org/jetbrains/kotlin/fir/types/ProjectionKind IN Lorg/jetbrains/kotlin/fir/types/ProjectionKind; org/jetbrains/kotlin/fir/types/ProjectionKind
staticfield org/jetbrains/kotlin/fir/types/ProjectionKind OUT Lorg/jetbrains/kotlin/fir/types/ProjectionKind; org/jetbrains/kotlin/fir/types/ProjectionKind
staticfield org/jetbrains/kotlin/fir/types/ProjectionKind INVARIANT Lorg/jetbrains/kotlin/fir/types/ProjectionKind; org/jetbrains/kotlin/fir/types/ProjectionKind
staticfield org/jetbrains/kotlin/fir/types/ProjectionKind $VALUES [Lorg/jetbrains/kotlin/fir/types/ProjectionKind; 4 [Lorg/jetbrains/kotlin/fir/types/ProjectionKind;
staticfield org/jetbrains/kotlin/fir/types/ProjectionKind $ENTRIES Lkotlin/enums/EnumEntries; kotlin/enums/EnumEntriesList
instanceKlass org/jetbrains/kotlin/fir/declarations/impl/FirTypeAliasImpl
ciInstanceKlass org/jetbrains/kotlin/fir/declarations/FirTypeAlias 1 1 161 1 100 1 7 1 1 1 3 3 3 1 1 3 1 1 1 1 1 1 1 1 1 1 1 1 1 1 1 1 1 1 1 1 1 1 1 1 1 1 1 1 1 1 1 1 1 1 1 1 1 1 1 1 1 1 1 1 1 1 1 1 1 1 1 1 1 1 1 1 1 1 1 1 1 1 1 1 1 1 1 1 1 1 1 1 1 1 1 1 1 1 1 12 10 1 1 1 1 1 1 8 1 100 1 1 12 10 1 100 1 1 12 10 1 1 8 1 100 1 1 12 10 1 8 1 12 10 1 100 1 1 1 1 1 1 1 1 1 1 1 1 1 1 1 100 1 8 1 1 12 10 1 1 1 8 1 1 8 1 1
ciInstanceKlass org/jetbrains/kotlin/fir/resolve/TypeExpansionUtilsKt 1 1 505 1 7 1 100 1 1 1 3 3 3 1 1 3 1 1 1 1 1 1 1 1 1 1 1 1 1 1 1 1 1 1 1 1 1 1 1 1 1 1 1 1 1 1 1 1 1 1 1 1 1 1 1 1 1 1 1 7 1 7 1 7 1 7 1 7 1 100 1 100 1 1 1 1 1 8 1 7 1 1 12 10 8 8 1 7 1 1 12 10 1 7 1 1 12 10 1 12 10 1 7 12 10 1 7 1 1 12 10 1 1 12 10 1 1 1 1 1 1 1 1 1 1 12 9 1 7 12 10 1 1 1 7 1 7 1 1 12 9 1 7 1 1 12 10 1 7 1 12 10 1 1 1 1 7 1 7 1 7 1 1 12 10 1 12 10 1 12 10 1 7 1 12 9 1 1 12 10 1 12 10 1 100 1 1 1 1 12 9 12 10 1 1 1 7 1 1 12 9 12 10 1 1 100 1 100 1 12 10 1 1 12 9 12 10 1 7 1 12 10 1 7 1 1 12 10 1 1 1 7 1 1 12 10 1 7 1 1 12 10 1 7 1 1 12 10 1 7 1 1 12 11 1 12 10 1 12 10 1 1 12 10 1 12 10 1 1 1 1 1 16 1 12 10 15 16 1 7 1 1 12 10 15 1 12 18 1 1 12 10 1 7 1 1 12 10 1 100 1 1 12 10 1 1 1 12 10 1 7 1 1 12 10 1 1 12 10 1 1 1 1 1 8 1 1 12 10 1 7 1 7 1 7 1 1 12 10 1 12 10 1 7 1 1 12 11 1 7 1 12 11 1 1 12 11 1 7 1 1 12 11 1 12 11 1 7 10 1 1 12 10 1 1 1 1 1 1 1 1 1 1 1 1 1 1 1 8 1 12 10 1 7 1 1 8 12 10 1 7 1 1 12 10 12 10 1 1 12 11 1 100 1 1 12 10 12 10 1 1 12 10 1 12 10 1 1 8 12 10 1 1 12 10 1 100 10 1 100 1 1 1 8 1 1 12 10 1 100 1 1 12 10 12 10 11 1 1 12 10 1 100 1 1 12 10 1 1 12 11 1 100 1 100 1 1 12 10 1 1 1 1 1 1 1 1 1 1 1 1 1 1 1 8 1 1 1 1 1 1 1 1 1 1 1 1
ciInstanceKlass org/jetbrains/kotlin/fir/declarations/impl/FirTypeAliasImpl 1 1 324 1 7 1 7 1 1 1 3 3 3 1 1 3 1 1 1 1 1 1 1 1 1 1 1 1 1 1 1 1 1 1 1 1 1 1 1 1 1 1 1 1 1 1 1 1 1 1 1 1 1 1 1 1 1 1 1 1 1 1 1 1 1 1 1 1 1 1 1 1 1 1 1 1 1 1 1 1 1 1 1 1 1 1 1 1 1 1 1 1 1 1 1 1 1 1 1 1 1 1 1 1 1 1 1 1 1 1 1 1 8 1 7 1 1 12 10 8 8 8 8 8 8 8 8 8 1 12 10 12 9 12 9 12 9 12 9 12 9 12 9 12 9 12 9 12 9 12 9 12 9 12 10 1 7 1 7 1 1 12 10 1 7 1 1 12 10 1 7 1 1 12 10 1 1 1 8 1 1 1 8 12 10 1 100 1 1 12 11 1 100 1 1 12 11 1 1 12 11 1 100 1 1 12 11 12 10 1 100 11 12 10 1 100 10 12 10 1 7 1 1 12 10 1 100 1 100 1 100 10 1 1 1 1 1 1 1 1 1 1 8 12 10 12 10 12 10 12 10 1 100 1 1 12 10 1 1 12 11 12 10 10 12 10 1 12 10 8 8 12 10 8 1 8 1 100 1 1 12 10 12 10 1 1 7 1 1 7 1 12 10 1 100 1 1 1 100 1 1 100 1 1 100 1 1 1 100 1 1 100 12 10 1 1 1 1 1 1 1 1 1 1 1 1
ciInstanceKlass org/jetbrains/kotlin/fir/java/declarations/FirJavaClass 1 1 677 1 7 1 7 1 1 1 3 3 3 1 1 3 1 1 1 1 1 1 1 1 1 1 1 1 1 1 1 1 1 1 1 1 1 1 1 1 1 1 1 1 1 1 1 1 1 1 1 1 1 1 1 1 1 1 1 1 1 1 1 1 1 1 1 1 1 1 1 1 1 1 1 1 1 1 1 1 1 1 1 1 1 1 1 1 1 1 1 1 1 1 1 1 1 1 1 1 1 1 1 1 1 1 1 1 1 1 1 1 1 1 1 1 1 1 1 1 1 1 1 1 1 1 1 1 1 1 1 1 1 1 1 1 1 1 1 1 1 1 1 1 1 1 1 1 1 1 1 1 1 1 1 1 1 1 1 1 1 100 1 7 1 1 7 1 7 1 1 100 1 100 1 100 1 100 1 100 1 100 1 100 1 100 1 7 1 1 1 1 1 1 1 1 1 8 1 7 1 1 12 10 8 8 8 8 8 8 8 8 8 8 8 8 1 12 10 12 9 12 9 12 9 12 9 12 9 12 9 12 9 12 9 12 9 12 9 12 9 12 9 12 9 12 9 12 9 12 9 1 7 1 1 12 9 1 16 1 1 12 10 15 16 1 7 1 1 12 10 15 1 1 12 18 1 7 1 1 12 10 12 9 12 10 1 7 1 7 1 1 12 10 1 12 9 1 1 12 10 1 7 1 1 12 10 1 7 1 1 12 10 1 7 10 12 9 1 1 12 10 15 16 18 1 12 10 12 9 1 1 12 10 15 16 18 12 9 1 7 10 12 9 1 12 10 15 18 12 9 1 1 12 10 15 16 18 12 9 1 1 1 1 1 7 1 12 11 1 7 1 1 100 1 12 10 1 1 7 1 1 1 7 12 11 1 7 1 7 1 1 8 1 12 10 1 100 10 1 100 1 1 12 10 1 100 10 1 8 10 10 1 1 1 8 10 1 100 1 1 12 11 1 7 1 12 11 1 12 11 1 1 12 10 12 10 1 100 10 12 10 1 7 11 12 10 11 12 10 1 100 1 100 1 100 10 1 1 1 1 1 1 1 1 1 1 1 1 8 1 1 8 10 10 1 8 10 10 1 7 1 12 10 11 1 7 11 1 7 1 1 12 10 1 12 10 1 1 12 10 1 1 1 1 1 1 8 1 1 7 12 10 1 7 1 1 12 10 1 16 12 10 15 16 1 12 18 1 12 10 1 1 12 10 1 1 1 7 1 7 1 12 10 1 12 10 15 18 10 1 7 1 1 12 10 1 7 10 1 7 1 1 12 10 1 7 1 1 12 10 1 12 11 1 100 1 100 1 1 12 10 1 7 1 12 10 1 8 1 12 10 1 100 1 1 12 10 1 1 12 10 10 1 100 1 100 1 1 12 10 1 1 12 10 1 1 1 1 1 1 1 1 1 1 1 1 1 1 1 1 12 10 1 7 1 1 1 7 1 12 10 1 100 1 12 10 1 100 12 10 1 1 100 1 12 10 1 1 1 1 100 12 10 12 10 1 1 1 1 1 1 1 1 1 1 1 1 1
instanceKlass org/jetbrains/kotlin/fir/java/enhancement/EnhancedTypeForWarningAttribute
instanceKlass org/jetbrains/kotlin/fir/types/AbbreviatedTypeAttribute
ciInstanceKlass org/jetbrains/kotlin/fir/types/ConeAttributeWithConeType 1 1 44 1 100 1 1 7 1 1 1 3 3 3 1 1 3 1 1 1 1 1 1 1 1 1 1 1 1 1 1 1 1 12 10 1 1 1 1 1 1 1 1 1 1 1
ciInstanceKlass org/jetbrains/kotlin/fir/types/AbbreviatedTypeAttribute 1 1 119 1 7 1 1 7 1 1 1 3 3 3 1 1 3 1 1 1 1 1 1 1 1 1 1 1 1 1 1 1 1 1 1 1 1 1 1 1 1 1 1 1 1 1 8 1 7 1 1 12 10 1 12 10 12 9 1 1 1 1 1 1 100 10 1 1 12 10 12 10 1 100 1 1 12 10 1 12 10 1 8 12 10 1 8 12 10 1 1 7 1 1 12 10 1 12 10 1 7 1 12 10 12 10 1 12 10 1 12 10 1 1 1 1 1 1 1 1 1
ciInstanceKlass org/jetbrains/kotlin/fir/types/AbbreviatedTypeAttributeKt 1 1 139 1 7 1 100 1 1 1 3 3 3 1 1 3 1 1 1 1 1 1 1 1 1 1 1 1 1 1 1 1 1 1 1 1 1 1 7 1 7 1 1 1 1 1 1 1 8 1 7 1 1 12 10 12 9 12 9 1 7 1 1 12 11 1 7 1 1 7 1 1 12 10 12 10 1 1 12 10 12 10 1 12 10 1 1 12 10 1 1 1 1 7 1 7 8 1 8 1 1 12 10 1 7 1 7 1 1 12 10 1 12 9 1 1 12 10 1 1 12 10 1 8 1 12 10 1 1 1 1 1 1 1 1 1 1 1 1 1 1
staticfield org/jetbrains/kotlin/fir/types/AbbreviatedTypeAttributeKt $$delegatedProperties [Lkotlin/reflect/KProperty; 1 [Lkotlin/reflect/KProperty;
staticfield org/jetbrains/kotlin/fir/types/AbbreviatedTypeAttributeKt abbreviatedType$delegate Lkotlin/properties/ReadOnlyProperty; org/jetbrains/kotlin/util/NullableArrayMapAccessor
ciInstanceKlass org/jetbrains/kotlin/fir/types/ConeDefinitelyNotNullType 1 1 106 1 7 1 7 1 100 1 1 1 3 3 3 1 1 3 1 1 1 1 1 1 1 1 1 1 1 1 1 1 1 1 1 1 1 1 1 1 1 1 1 1 1 1 1 7 1 7 1 7 1 1 8 1 7 1 1 12 10 1 12 10 12 9 1 1 12 9 1 12 10 1 7 12 10 1 12 10 1 1 12 10 1 12 10 1 1 1 1 12 10 1 1 1 10 12 9 1 1 1 1 1 1 1 1 1
staticfield org/jetbrains/kotlin/fir/types/ConeDefinitelyNotNullType Companion Lorg/jetbrains/kotlin/fir/types/ConeDefinitelyNotNullType$Companion; org/jetbrains/kotlin/fir/types/ConeDefinitelyNotNullType$Companion
ciInstanceKlass org/jetbrains/kotlin/fir/types/ConeRawType 1 1 51 1 7 1 7 1 1 1 3 3 3 1 1 3 1 1 1 1 1 1 1 1 1 1 1 1 1 7 1 1 12 10 1 1 10 1 1 1 1 1 12 10 12 9 1 1 1 1 1 1 1
staticfield org/jetbrains/kotlin/fir/types/ConeRawType Companion Lorg/jetbrains/kotlin/fir/types/ConeRawType$Companion; org/jetbrains/kotlin/fir/types/ConeRawType$Companion
ciInstanceKlass org/jetbrains/kotlin/fir/analysis/checkers/FirHelpersKt 1 1 2305 1 7 1 100 1 1 1 3 3 3 1 1 3 1 1 1 1 1 1 1 1 1 1 1 1 1 1 1 1 1 1 1 1 1 1 1 1 1 1 1 1 1 1 1 1 1 1 1 1 1 1 1 1 1 1 1 1 1 1 1 1 1 1 1 1 1 1 1 1 1 1 1 1 1 1 1 1 1 1 1 1 1 1 1 1 1 1 1 1 1 1 1 1 1 1 1 1 1 1 1 1 1 1 1 1 1 1 1 1 1 1 1 1 1 1 1 1 1 1 1 1 1 1 1 1 1 1 1 1 1 1 1 1 1 1 1 1 1 1 1 1 1 1 1 1 1 1 1 1 1 1 1 1 1 1 1 1 1 1 1 1 1 1 1 1 1 1 1 1 1 1 1 1 1 1 1 1 1 1 1 1 1 1 1 1 1 1 1 1 1 1 1 1 1 1 1 1 1 100 1 100 1 1 7 1 1 7 1 100 1 1 7 1 1 7 1 7 1 1 100 1 1 100 1 100 1 100 1 100 1 1 100 1 1 7 1 1 7 1 7 1 7 1 7 1 1 1 1 8 1 7 1 1 12 10 8 1 7 1 1 12 10 1 7 1 1 12 11 1 1 12 11 1 7 1 1 12 9 1 7 1 12 10 1 1 1 1 12 10 1 1 1 7 1 12 10 1 1 1 1 8 1 7 1 1 12 10 1 7 1 12 10 1 1 1 8 1 100 1 1 12 10 1 100 1 1 12 10 1 1 1 12 10 1 7 1 1 12 10 1 7 1 1 12 11 1 12 11 1 7 1 1 1 1 1 1 1 1 1 7 1 1 12 10 12 10 1 7 1 7 1 1 12 11 1 1 12 11 1 1 1 1 100 10 1 12 10 1 1 1 1 100 1 1 12 10 1 100 1 7 1 1 12 10 1 100 1 1 12 11 1 7 1 12 11 1 1 12 11 1 7 1 100 1 12 10 1 12 10 1 7 1 1 12 11 1 1 12 10 1 100 1 12 11 1 100 1 1 12 10 1 7 1 12 10 1 12 10 1 1 1 1 1 1 1 1 1 1 1 1 1 1 1 1 1 1 1 1 1 1 1 12 10 1 7 10 1 7 1 1 12 10 1 7 1 12 10 1 1 1 12 10 1 1 12 10 1 7 1 1 12 10 1 100 1 1 1 1 7 1 12 10 1 1 1 7 10 1 7 1 1 12 10 1 1 1 12 10 1 7 1 1 12 10 11 1 7 1 100 1 7 1 1 1 8 10 1 100 1 12 10 1 1 1 1 100 1 12 10 1 100 1 1 12 10 1 100 1 12 10 1 7 1 1 12 10 1 12 10 1 12 10 1 7 1 100 1 1 12 10 1 1 12 11 1 100 1 1 12 10 11 1 1 12 10 1 1 1 1 1 1 1 1 1 1 1 1 1 1 1 7 1 12 10 1 1 12 11 1 7 1 12 9 1 1 1 1 1 8 1 12 10 1 1 12 9 1 7 1 12 10 1 12 9 1 12 9 1 100 1 1 12 10 1 12 10 12 10 1 12 11 10 1 12 9 1 12 10 1 1 1 1 1 1 1 1 1 1 7 1 1 12 10 1 100 1 7 1 1 12 10 1 7 10 1 100 1 12 10 1 1 1 7 1 1 12 10 1 100 1 1 12 10 10 1 1 1 1 1 1 100 1 1 12 10 1 100 1 1 12 10 1 100 1 12 9 1 1 12 10 1 1 1 12 10 1 7 1 1 12 10 1 7 1 12 10 1 7 1 7 1 1 12 10 1 12 10 1 1 7 1 1 12 10 1 7 1 7 1 1 12 9 8 1 12 10 1 7 1 1 12 10 1 1 7 1 1 12 9 1 1 12 10 1 12 9 1 100 1 1 12 10 1 1 1 8 8 11 1 1 1 8 1 7 1 12 10 1 12 10 1 7 1 1 12 10 1 12 10 1 1 1 8 10 1 7 1 1 8 8 1 1 12 10 1 1 12 10 1 1 12 10 1 7 1 12 10 1 7 10 1 1 12 11 1 12 9 1 7 1 1 12 10 1 12 9 10 1 12 10 1 12 11 1 12 10 1 1 1 1 1 1 1 1 1 8 1 7 1 1 12 10 1 7 1 12 10 1 7 1 12 9 1 7 1 1 12 10 1 100 1 12 10 1 1 12 10 1 1 12 10 1 12 10 1 1 12 10 1 100 1 12 10 1 1 12 10 1 100 1 1 12 10 1 12 10 1 12 10 1 100 1 8 1 12 10 1 100 1 12 10 12 10 1 12 9 11 10 1 12 9 1 12 9 1 12 9 1 7 1 12 11 12 10 1 12 9 1 7 10 1 100 1 100 1 12 9 10 1 100 1 1 12 10 1 100 1 1 12 10 1 12 10 1 12 9 1 12 9 1 12 9 1 12 9 1 1 1 1 1 1 1 1 1 1 1 1 1 1 1 1 1 1 1 1 1 1 1 1 1 1 1 1 1 1 1 1 1 1 1 1 10 1 1 1 1 1 1 10 1 12 10 1 100 1 12 9 12 10 1 100 1 100 1 12 9 12 10 1 12 9 12 10 1 1 10 1 12 11 1 100 1 1 12 10 1 1 11 1 1 1 1 12 10 1 8 1 8 1 100 1 1 12 10 1 1 100 1 1 12 10 1 100 1 1 12 9 1 100 1 1 8 8 8 8 1 1 12 10 1 12 10 1 7 1 7 1 12 10 1 7 1 100 1 100 12 10 1 100 1 12 10 1 100 1 1 12 10 1 100 1 100 1 1 12 10 1 12 10 1 100 1 1 12 10 1 100 1 1 12 10 1 12 9 1 12 9 10 1 100 1 100 1 12 9 1 1 12 10 1 12 10 1 100 1 100 1 1 12 10 1 1 12 10 10 1 1 12 10 1 12 10 1 12 10 1 12 10 1 100 1 100 1 1 12 10 1 100 1 12 10 1 1 12 10 1 12 10 1 1 12 10 1 12 10 1 12 10 1 1 1 1 1 1 1 100 1 100 1 12 10 1 12 10 1 100 1 12 9 1 12 10 1 1 12 10 1 100 1 1 12 10 1 100 1 1 12 10 1 1 12 10 1 1 12 10 1 1 12 11 1 100 1 7 1 1 12 10 1 1 12 10 1 12 10 1 1 12 10 1 12 10 1 1 1 1 1 1 1 1 12 9 10 1 8 1 8 1 8 1 100 1 8 1 12 10 10 1 100 10 1 100 1 1 8 1 1 12 10 1 7 1 1 12 10 1 7 10 1 12 10 1 12 10 1 12 10 1 1 1 1 10 1 1 12 10 1 7 1 12 10 1 7 1 1 12 11 1 7 12 11 1 7 1 7 1 7 1 12 10 10 1 12 10 11 1 7 1 12 10 1 12 10 10 1 7 1 12 10 10 1 1 1 1 1 1 1 1 1 1 1 1 1 1 12 10 10 1 1 1 1 7 10 1 1 12 10 1 100 10 1 100 1 12 10 1 100 1 12 10 10 1 1 12 10 1 12 10 1 1 1 1 1 1 1 1 12 10 1 1 8 1 7 1 1 12 10 1 7 1 1 12 10 1 12 10 1 12 9 1 7 12 9 1 1 12 10 1 7 1 7 1 12 9 1 12 11 10 1 12 11 1 7 1 12 10 1 12 10 1 1 12 10 1 12 10 1 7 1 12 9 10 10 1 12 9 1 12 10 1 1 12 10 1 12 10 1 12 10 12 10 10 1 12 9 1 12 10 1 12 10 1 1 12 10 1 1 12 10 1 12 10 12 10 1 12 10 1 7 1 12 10 1 7 1 12 10 10 1 7 1 12 9 1 12 10 1 12 10 1 12 10 1 7 1 12 10 1 12 10 1 12 10 1 12 10 1 12 10 1 12 10 1 7 1 12 10 1 100 1 12 10 1 100 1 12 10 10 1 12 9 1 12 10 1 12 10 1 1 1 1 1 1 1 1 1 1 1 1 7 1 12 10 1 12 10 1 100 1 7 1 1 7 1 1 12 10 1 1 12 10 1 100 1 100 1 12 9 1 100 1 12 10 1 100 1 12 10 1 100 1 7 1 12 10 1 1 1 1 1 1 1 12 10 1 1 12 10 1 1 12 10 1 7 1 1 12 10 1 7 1 7 1 1 12 10 1 12 11 11 1 12 11 1 12 10 1 1 1 1 1 1 1 1 1 1 1 12 10 1 8 1 100 10 1 1 12 10 1 100 1 1 12 10 1 1 1 1 12 10 1 1 12 10 12 10 10 16 1 1 12 10 15 16 1 100 1 1 12 10 15 1 1 12 18 1 100 1 1 12 10 1 100 1 1 12 10 1 1 1 1 8 10 1 12 10 15 18 1 1 12 10 1 1 1 12 10 1 1 8 1 12 9 1 100 1 12 10 1 12 10 1 1 1 1 1 100 1 12 10 10 12 10 1 1 1 1 1 1 1 1 8 1 1 1 100 1 1 1 1 8 12 10 12 10 1 1 1 1 1 12 10 1 100 1 1 12 10 1 100 1 12 10 1 1 12 11 1 1 12 10 1 1 1 1 1 12 10 1 100 1 12 10 1 1 1 1 12 10 1 1 12 11 1 7 1 7 1 12 11 1 12 11 1 7 1 12 10 1 1 1 1 1 1 1 1 1 100 1 1 12 10 1 12 10 1 100 1 12 9 1 1 12 10 1 1 1 1 1 1 1 8 1 1 12 10 1 100 1 100 1 12 10 1 1 1 1 12 10 1 12 9 1 7 1 1 12 10 1 1 1 7 12 10 1 12 10 1 7 1 12 10 12 10 1 1 1 1 1 12 10 1 1 12 10 1 1 12 10 1 1 1 1 1 7 12 10 1 1 1 1 12 10 1 100 1 1 12 10 1 100 1 1 12 10 1 100 1 12 10 1 1 12 10 1 1 12 10 1 1 1 1 1 1 1 1 1 1 1 1 1 1 1 1 1 1 12 10 12 10 1 12 10 1 12 10 12 10 1 1 1 12 10 1 1 1 1 1 12 10 12 10 1 1 12 10 11 11 1 1 1 1 1 1 1 8 1 12 10 15 1 16 1 12 18 1 12 10 1 1 100 1 12 9 1 1 100 1 12 10 1 100 1 12 10 1 100 12 10 1 12 10 1 100 1 1 12 10 1 100 10 1 1 12 10 10 1 1 1 1 1 1 1 12 9 1 8 10 1 1 12 10 1 1 1 1 1 1 1 1 1 1 1 1
staticfield org/jetbrains/kotlin/fir/analysis/checkers/FirHelpersKt INLINE_ONLY_ANNOTATION_CLASS_ID Lorg/jetbrains/kotlin/name/ClassId; org/jetbrains/kotlin/name/ClassId
ciInstanceKlass org/jetbrains/kotlin/fir/resolve/TypeExpansionUtilsKt$createParametersSubstitutor$1 1 1 190 1 7 1 7 1 1 100 1 1 12 1 1 3 3 3 1 1 3 1 1 1 1 1 1 1 1 1 1 1 1 1 1 1 1 1 7 1 1 1 1 1 1 1 12 9 1 7 1 12 10 1 1 1 1 1 8 1 7 1 1 12 10 1 8 1 7 1 1 12 10 1 7 1 7 1 7 1 1 12 10 1 7 1 1 12 10 1 7 1 1 12 10 1 100 12 10 1 100 1 7 1 1 12 11 1 1 12 10 1 1 12 10 1 7 1 1 12 10 1 7 1 1 12 10 1 1 12 10 1 1 12 10 1 7 1 1 12 9 1 100 1 1 12 9 1 12 9 1 100 1 12 10 1 1 1 1 1 1 1 1 12 9 1 1 12 10 1 7 10 1 100 10 1 100 1 12 10 1 1 1 1 1 1 1 1 1 1 1 1
instanceKlass org/jetbrains/kotlin/fir/analysis/checkers/context/CheckerContextForProvider
ciInstanceKlass org/jetbrains/kotlin/fir/analysis/checkers/context/CheckerContext 1 1 226 1 7 1 7 1 100 1 1 1 3 3 3 1 1 3 1 1 1 1 1 1 1 1 1 1 1 1 1 1 1 1 1 1 1 1 1 1 1 1 1 1 1 1 1 1 1 1 1 1 1 1 1 1 1 1 1 1 1 1 1 1 1 1 1 1 1 1 1 1 1 1 1 1 1 1 1 1 1 1 1 1 1 1 1 1 1 1 1 1 1 7 1 1 100 1 100 1 1 100 1 100 1 12 10 1 1 1 1 1 1 1 1 1 12 10 1 7 12 11 12 11 1 8 1 7 1 1 12 10 1 7 1 1 12 10 1 7 1 12 10 1 7 1 1 12 9 1 1 12 10 1 7 10 1 1 12 10 1 100 1 1 12 10 1 1 12 9 1 7 1 1 12 10 12 10 12 10 12 10 1 100 10 12 10 1 7 1 1 12 11 1 1 1 1 1 1 10 1 7 1 12 10 12 10 1 100 1 1 12 10 1 100 1 12 11 1 1 1 1 1 1 1 1 1 1
ciInstanceKlass org/jetbrains/kotlin/fir/analysis/checkers/FirTypeRefSource 1 1 120 1 7 1 7 1 1 1 3 3 3 1 1 3 1 1 1 1 1 1 1 1 1 1 1 1 1 1 1 1 1 1 1 1 1 1 1 1 1 12 10 12 9 12 9 1 1 1 1 100 10 1 8 1 1 12 10 1 100 1 100 1 1 12 10 1 100 1 100 1 8 1 100 1 1 12 10 1 1 12 10 1 100 1 12 10 1 12 10 12 10 1 12 10 1 1 12 10 1 12 10 10 1 1 1 1 100 1 1 12 10 1 1 1 1 1 1 1 1 1
ciInstanceKlass org/jetbrains/kotlin/fir/analysis/checkers/type/FirProjectionRelationChecker$TypeArgumentData 1 1 138 1 7 1 7 1 1 1 3 3 3 1 1 3 1 1 1 1 1 1 1 1 1 1 1 1 1 1 1 1 1 1 1 1 1 1 1 1 1 1 1 1 1 1 1 1 1 100 1 1 1 8 1 7 1 1 12 10 8 8 1 12 10 12 9 12 9 12 9 12 9 1 1 12 10 1 1 12 10 1 1 100 10 1 8 1 1 12 10 1 12 10 1 8 1 12 10 1 8 1 8 1 12 10 12 10 1 100 12 10 1 100 1 12 10 1 100 10 1 100 10 1 1 1 1 1 12 10 1 1 1 1 1 1 1 1 1 1
ciMethodData java/lang/Object <init> ()V 2 4121528 orig 80 0 0 0 0 0 0 0 0 0 0 0 0 250 127 0 0 0 0 0 0 0 0 0 0 0 0 0 0 0 0 0 0 0 0 0 0 0 0 0 0 0 0 0 0 0 0 0 0 0 0 0 0 0 0 0 0 0 0 0 0 0 0 0 0 0 0 0 0 0 0 0 0 0 0 0 0 0 0 0 0 data 4 0x0 0x9 0x1 0x0 oops 0 methods 0
ciMethodData java/util/AbstractCollection <init> ()V 2 773338 orig 80 0 0 0 0 0 0 0 0 0 0 0 0 250 127 0 0 0 0 0 0 0 0 0 0 0 0 0 0 0 0 0 0 0 0 0 0 0 0 0 0 0 0 0 0 0 0 0 0 0 0 0 0 0 0 0 0 0 0 0 0 0 0 0 0 0 0 0 0 0 0 0 0 0 0 0 0 0 0 0 0 data 7 0x10002 0xbcae0 0x0 0x0 0x9 0x1 0x0 oops 0 methods 0
ciMethodData java/util/HashMap put (Ljava/lang/Object;Ljava/lang/Object;)Ljava/lang/Object; 2 15455 orig 80 3 0 0 0 0 0 0 0 0 0 0 0 250 127 0 0 0 0 0 0 0 0 0 0 0 0 0 0 0 0 0 0 0 0 0 0 0 0 0 0 0 0 0 0 0 0 0 0 0 0 0 0 0 0 0 0 0 0 0 0 0 0 0 0 0 0 0 0 0 0 0 0 0 0 0 0 0 0 0 0 data 20 0x20002 0x2c24 0x90005 0x2c25 0x0 0x0 0x0 0x0 0x0 0x0 0x0 0x0 0x0 0x0 0x0 0x9 0x3 0xffffffffffffffff 0xffffffffffffffff 0xffffffffffffffff oops 0 methods 0
ciMethodData java/util/HashMap getNode (Ljava/lang/Object;)Ljava/util/HashMap$Node; 2 27945 orig 80 3 0 0 0 3 0 0 0 0 0 0 0 250 127 0 0 0 0 0 0 6 0 0 5 0 0 0 0 0 0 0 0 0 0 0 0 0 0 0 0 0 0 0 0 0 0 0 0 0 0 0 0 0 0 0 0 0 0 0 0 0 0 0 0 0 0 0 0 0 0 0 0 0 0 0 0 0 0 0 0 data 103 0x60007 0x10b8 0x2e8 0x539b 0xe0007 0x0 0x2c8 0x539b 0x170002 0x539b 0x210007 0x1c09 0x298 0x3795 0x2a0007 0x1094 0xb8 0x2701 0x350007 0x18f7 0x98 0xe0a 0x390007 0x0 0x78 0xe0a 0x80000004003f0005 0x843 0x0 0x25f293b54d0 0x5c8 0x25f71ac54a0 0x2 0x420007 0x44 0x20 0xdca 0x4e0007 0x774 0x1c0 0x964 0x520004 0xfffffffffffff69c 0x0 0x25f74d85e90 0xc 0x25f71ac5550 0x19 0x550007 0x964 0x90 0x0 0x590004 0x0 0x0 0x0 0x0 0x0 0x0 0x5f0005 0x0 0x0 0x0 0x0 0x0 0x0 0x6a0007 0x436 0xb8 0x77b 0x760007 0x498 0x98 0x2e3 0x7a0007 0x0 0x78 0x2e3 0xffffffff00800005 0x23a 0x0 0x25f293b54d0 0xa9 0x25f71ac5600 0x8 0x830007 0x44 0x20 0x2a7 0x910007 0x24d 0xffffffffffffff48 0x22d 0x0 0x0 0x0 0x0 0x0 0x0 0x9 0x2 0x0 0xffffffffffffffff oops 6 29 java/lang/String 31 java/util/zip/ZipFile$Source$Key 44 java/util/HashMap$Node 46 java/util/LinkedHashMap$Entry 81 java/lang/String 83 org/jetbrains/kotlin/protobuf/ExtensionRegistryLite$ObjectIntPair methods 0
ciMethod java/lang/IllegalStateException <init> (Ljava/lang/String;)V 0 0 1 0 -1
ciMethodData jdk/internal/util/ArraysSupport newLength (III)I 2 3235 orig 80 0 0 0 0 0 0 0 0 0 0 0 0 250 127 0 0 0 0 0 0 0 0 0 0 0 0 0 0 0 0 0 0 0 0 0 0 0 0 0 0 0 0 0 0 0 0 0 0 0 0 0 0 0 0 0 0 0 0 0 0 0 0 0 0 0 0 0 0 0 0 0 0 0 0 0 0 0 0 0 0 data 23 0x30002 0xba2 0xa0007 0x0 0x40 0xba2 0x100007 0x0 0x20 0xba2 0x170002 0x0 0x0 0x0 0x0 0x0 0x0 0x0 0x9 0x3 0x0 0x0 0x0 oops 0 methods 0
ciMethodData java/util/ArrayList <init> ()V 2 515669 orig 80 0 0 0 0 0 0 0 0 0 0 0 0 250 127 0 0 0 0 0 0 0 0 0 0 0 0 0 0 0 0 0 0 0 0 0 0 0 0 0 0 0 0 0 0 0 0 0 0 0 0 0 0 0 0 0 0 0 0 0 0 0 0 0 0 0 0 0 0 0 0 0 0 0 0 0 0 0 0 0 0 data 9 0x10002 0x7de38 0x0 0x0 0x0 0x0 0x9 0x1 0x0 oops 0 methods 0
ciMethodData java/util/AbstractList <init> ()V 2 672062 orig 80 0 0 0 0 0 0 0 0 0 0 0 0 250 127 0 0 0 0 0 0 0 0 0 0 0 0 0 0 0 0 0 0 0 0 0 0 0 0 0 0 0 0 0 0 0 0 0 0 0 0 0 0 0 0 0 0 0 0 0 0 0 0 0 0 0 0 0 0 0 0 0 0 0 0 0 0 0 0 0 0 data 9 0x10002 0xa4119 0x0 0x0 0x0 0x0 0x9 0x1 0x6 oops 0 methods 0
ciMethodData java/util/ArrayList add (Ljava/lang/Object;)Z 2 275294 orig 80 0 0 0 0 0 0 0 0 0 0 0 0 250 127 0 0 0 0 0 0 0 0 0 0 0 0 0 0 0 0 0 0 0 0 0 0 0 0 0 0 0 0 0 0 0 0 0 0 0 0 0 0 0 0 0 0 0 0 0 0 0 0 0 0 0 0 0 0 0 0 0 0 0 0 0 0 0 0 0 0 data 17 0x140005 0x4325d 0x0 0x0 0x0 0x0 0x0 0x0 0x0 0x0 0x0 0x0 0x0 0x9 0x2 0xe 0x0 oops 0 methods 0
ciMethodData java/util/ArrayList add (Ljava/lang/Object;[Ljava/lang/Object;I)V 2 275294 orig 80 0 0 0 0 0 0 0 0 0 0 0 0 250 127 0 0 0 0 0 0 0 0 0 0 0 0 0 0 0 0 0 0 0 0 0 0 0 0 0 0 0 0 0 0 0 0 0 0 0 0 0 0 0 0 0 0 0 0 0 0 0 0 0 0 0 0 0 0 0 0 0 0 0 0 0 0 0 0 0 0 data 30 0x30007 0x32668 0x58 0x10bf4 0x70005 0x10bf4 0x0 0x0 0x0 0x0 0x0 0xe0104 0x0 0x0 0x25f293b54d0 0x25d6 0x25f293b5560 0x130c 0x0 0x0 0x0 0x0 0x0 0x0 0x9 0x4 0xc 0x0 0xffffffffffffffff 0x0 oops 2 14 java/lang/String 16 java/lang/Class methods 0
ciMethodData java/util/ArrayList grow ()[Ljava/lang/Object; 2 68654 orig 80 0 0 0 0 0 0 0 0 0 0 0 0 250 127 0 0 0 0 0 0 0 0 0 0 0 0 0 0 0 0 0 0 0 0 0 0 0 0 0 0 0 0 0 0 0 0 0 0 0 0 0 0 0 0 0 0 0 0 0 0 0 0 0 0 0 0 0 0 0 0 0 0 0 0 0 0 0 0 0 0 data 16 0x70005 0x10c08 0x0 0x0 0x0 0x0 0x0 0x0 0x0 0x0 0x0 0x0 0x0 0x9 0x1 0xc oops 0 methods 0
ciMethodData java/util/ArrayList grow (I)[Ljava/lang/Object; 2 6249 orig 80 0 0 0 0 0 0 0 0 0 0 0 0 250 127 0 0 0 0 0 0 0 0 0 0 0 0 0 0 0 0 0 0 0 0 0 0 0 0 0 0 0 0 0 0 0 0 0 0 0 0 0 0 0 0 0 0 0 0 0 0 0 0 0 0 0 0 0 0 0 0 0 0 0 0 0 0 0 0 0 0 data 24 0x70007 0x93f 0x40 0xf04 0x110007 0xf04 0x40 0x0 0x1b0002 0x93f 0x250002 0x93f 0x310002 0xf04 0x0 0x0 0x0 0x0 0x0 0x0 0x9 0x2 0xc 0x0 oops 0 methods 0
ciMethodData java/util/ArrayList get (I)Ljava/lang/Object; 2 216646 orig 80 0 0 0 0 0 0 0 0 0 0 0 0 250 127 0 0 0 0 0 0 0 0 0 0 0 0 0 0 0 0 0 0 0 0 0 0 0 0 0 0 0 0 0 0 0 0 0 0 0 0 0 0 0 0 0 0 0 0 0 0 0 0 0 0 0 0 0 0 0 0 0 0 0 0 0 0 0 0 0 0 data 19 0x50002 0x34d46 0xb0005 0x27675 0x0 0x25f293b87e0 0xd321 0x25f71ac4890 0x3b0 0x0 0x0 0x0 0x0 0x0 0x0 0x9 0x2 0x0 0x0 oops 2 5 java/util/ArrayList 7 org/jetbrains/kotlin/config/MavenComparableVersion$ListItem methods 0
ciMethodData java/util/ArrayList elementData (I)Ljava/lang/Object; 2 221797 orig 80 0 0 0 0 0 0 0 0 0 0 0 0 250 127 0 0 0 0 0 0 0 0 0 0 0 0 0 0 0 0 0 0 0 0 0 0 0 0 0 0 0 0 0 0 0 0 0 0 0 0 0 0 0 0 0 0 0 0 0 0 0 0 0 0 0 0 0 0 0 0 0 0 0 0 0 0 0 0 0 0 data 8 0x0 0x0 0x0 0x0 0x9 0x2 0x0 0x0 oops 0 methods 0
ciMethodData java/util/AbstractMap <init> ()V 2 158664 orig 80 0 0 0 0 0 0 0 0 0 0 0 0 250 127 0 0 0 0 0 0 0 0 0 0 0 0 0 0 0 0 0 0 0 0 0 0 0 0 0 0 0 0 0 0 0 0 0 0 0 0 0 0 0 0 0 0 0 0 0 0 0 0 0 0 0 0 0 0 0 0 0 0 0 0 0 0 0 0 0 0 data 7 0x10002 0x26a55 0x0 0x0 0x9 0x1 0x0 oops 0 methods 0
ciMethodData java/util/Arrays copyOf ([Ljava/lang/Object;I)[Ljava/lang/Object; 2 68407 orig 80 0 0 0 0 0 0 0 0 0 0 0 0 250 127 0 0 0 0 0 0 0 0 0 0 0 0 0 0 0 0 0 0 0 0 0 0 0 0 0 0 0 0 0 0 0 0 0 0 0 0 0 0 0 0 0 0 0 0 0 0 0 0 0 0 0 0 0 0 0 0 0 0 0 0 0 0 0 0 0 0 data 19 0x30005 0x10b15 0x0 0x0 0x0 0x0 0x0 0x60002 0x10b15 0x0 0x0 0x0 0x0 0x0 0x0 0x9 0x2 0xffffffffffffffff 0x0 oops 0 methods 0
ciMethodData java/util/LinkedHashMap get (Ljava/lang/Object;)Ljava/lang/Object; 2 61106 orig 80 2 0 0 0 0 0 0 0 0 0 0 0 250 127 0 0 0 0 0 0 0 0 0 0 0 0 0 0 0 0 0 0 0 0 0 0 0 0 0 0 0 0 0 0 0 0 0 0 0 0 0 0 0 0 0 0 0 0 0 0 0 0 0 0 0 0 0 0 0 0 0 0 0 0 0 0 0 0 0 0 data 32 0x20005 0xed31 0x0 0x0 0x0 0x0 0x0 0x70007 0x651e 0x20 0x8816 0x100007 0x651e 0x58 0x0 0x150005 0x0 0x0 0x0 0x0 0x0 0x0 0x0 0x0 0x0 0x0 0x0 0x0 0x9 0x2 0x0 0x0 oops 0 methods 0
ciMethodData java/util/LinkedHashMap afterNodeAccess (Ljava/util/HashMap$Node;)V 2 1388 orig 80 0 0 0 0 0 0 0 0 0 0 0 0 250 127 0 0 0 0 0 0 0 0 0 0 0 0 0 0 0 0 0 0 0 0 0 0 0 0 0 0 0 0 0 0 0 0 0 0 0 0 0 0 0 0 0 0 0 0 0 0 0 0 0 0 0 0 0 0 0 0 0 0 0 0 0 0 0 0 0 0 data 46 0x40007 0x569 0x120 0x0 0xe0007 0x0 0x100 0x0 0x120004 0x0 0x0 0x0 0x0 0x0 0x0 0x290007 0x0 0x38 0x0 0x320003 0x0 0x18 0x3e0007 0x0 0x38 0x0 0x480003 0x0 0x18 0x4f0007 0x0 0x38 0x0 0x570003 0x0 0x18 0x0 0x0 0x0 0x0 0x0 0x0 0x9 0x2 0xc8 0x18 oops 0 methods 0
ciMethodData java/util/LinkedHashMap <init> (I)V 2 45344 orig 80 0 0 0 0 0 0 0 0 0 0 0 0 250 127 0 0 0 0 0 0 0 0 0 0 0 0 0 0 0 0 0 0 0 0 0 0 0 0 0 0 0 0 0 0 0 0 0 0 0 0 0 0 0 0 0 0 0 0 0 0 0 0 0 0 0 0 0 0 0 0 0 0 0 0 0 0 0 0 0 0 data 10 0x20002 0xb11b 0x0 0x0 0x0 0x0 0x9 0x2 0x78 0x0 oops 0 methods 0
ciMethodData java/util/HashMap <init> (I)V 2 45557 orig 80 0 0 0 0 0 0 0 0 0 0 0 0 250 127 0 0 0 0 0 0 0 0 0 0 0 0 0 0 0 0 0 0 0 0 0 0 0 0 0 0 0 0 0 0 0 0 0 0 0 0 0 0 0 0 0 0 0 0 0 0 0 0 0 0 0 0 0 0 0 0 0 0 0 0 0 0 0 0 0 0 data 9 0x40002 0xb1cb 0x0 0x0 0x0 0x9 0x2 0x18 0x0 oops 0 methods 0
ciMethodData java/util/HashMap <init> (IF)V 2 5177 orig 80 0 0 0 0 0 0 0 0 0 0 0 0 250 127 0 0 0 0 0 0 0 0 0 0 0 0 0 0 0 0 0 0 0 0 0 0 0 0 0 0 0 0 0 0 0 0 0 0 0 0 0 0 0 0 0 0 0 0 0 0 0 0 0 0 0 0 0 0 0 0 0 0 0 0 0 0 0 0 0 0 data 83 0x10002 0x140b 0x50007 0x140b 0xe8 0x0 0x100002 0x0 0x150005 0x0 0x0 0x0 0x0 0x0 0x0 0x190005 0x0 0x0 0x0 0x0 0x0 0x0 0x1c0005 0x0 0x0 0x0 0x0 0x0 0x0 0x1f0002 0x0 0x260007 0x140b 0x20 0x0 0x2f0007 0x0 0x50 0x140b 0x330002 0x140b 0x360007 0x140b 0xe8 0x0 0x410002 0x0 0x460005 0x0 0x0 0x0 0x0 0x0 0x0 0x4a0005 0x0 0x0 0x0 0x0 0x0 0x0 0x4d0005 0x0 0x0 0x0 0x0 0x0 0x0 0x500002 0x0 0x5b0002 0x140b 0x0 0x0 0x0 0x0 0x0 0x0 0x9 0x3 0x18 0x0 0x0 oops 0 methods 0
ciMethodData java/util/ArrayList$Itr hasNext ()Z 2 85418 orig 80 0 0 0 0 0 0 0 0 0 0 0 0 250 127 0 0 0 0 0 0 0 0 0 0 0 0 0 0 0 0 0 0 0 0 0 0 0 0 0 0 0 0 0 0 0 0 0 0 0 0 0 0 0 0 0 0 0 0 0 0 0 0 0 0 0 0 0 0 0 0 0 0 0 0 0 0 0 0 0 0 data 14 0xb0007 0x90e1 0x38 0xbbc3 0xf0003 0xbbc3 0x18 0x0 0x0 0x0 0x0 0x9 0x1 0x0 oops 0 methods 0
ciMethodData java/util/ArrayList iterator ()Ljava/util/Iterator; 2 64488 orig 80 0 0 0 0 0 0 0 0 0 0 0 0 250 127 0 0 0 0 0 0 0 0 0 0 0 0 0 0 0 0 0 0 0 0 0 0 0 0 0 0 0 0 0 0 0 0 0 0 0 0 0 0 0 0 0 0 0 0 0 0 0 0 0 0 0 0 0 0 0 0 0 0 0 0 0 0 0 0 0 0 data 8 0x50002 0xfae7 0x0 0x0 0x0 0x9 0x1 0x0 oops 0 methods 0
ciMethodData java/util/ArrayList$Itr <init> (Ljava/util/ArrayList;)V 2 78903 orig 80 0 0 0 0 0 0 0 0 0 0 0 0 250 127 0 0 0 0 0 0 0 0 0 0 0 0 0 0 0 0 0 0 0 0 0 0 0 0 0 0 0 0 0 0 0 0 0 0 0 0 0 0 0 0 0 0 0 0 0 0 0 0 0 0 0 0 0 0 0 0 0 0 0 0 0 0 0 0 0 0 data 10 0x60002 0x13336 0x0 0x0 0x0 0x0 0x9 0x2 0xc 0x0 oops 0 methods 0
ciMethodData java/util/ArrayList$Itr next ()Ljava/lang/Object; 2 9667 orig 80 0 0 0 0 0 0 0 0 0 0 0 0 250 127 0 0 0 0 0 0 0 0 0 0 0 0 0 0 0 0 0 0 0 0 0 0 0 0 0 0 0 0 0 0 0 0 0 0 0 0 0 0 0 0 0 0 0 0 0 0 0 0 0 0 0 0 0 0 0 0 0 0 0 0 0 0 0 0 0 0 data 28 0x10005 0x2440 0x0 0x0 0x0 0x0 0x0 0x110007 0x2440 0x30 0x0 0x180002 0x0 0x270007 0x2440 0x30 0x0 0x2e0002 0x0 0x0 0x0 0x0 0x0 0x0 0x0 0x9 0x1 0x6 oops 0 methods 0
ciMethodData java/util/ArrayList$Itr checkForComodification ()V 2 19185 orig 80 0 0 0 0 0 0 0 0 0 0 0 0 250 127 0 0 0 0 0 0 0 0 0 0 0 0 0 0 0 0 0 0 0 0 0 0 0 0 0 0 0 0 0 0 0 0 0 0 0 0 0 0 0 0 0 0 0 0 0 0 0 0 0 0 0 0 0 0 0 0 0 0 0 0 0 0 0 0 0 0 data 13 0xb0007 0x496e 0x30 0x0 0x120002 0x0 0x0 0x0 0x0 0x0 0x9 0x1 0x0 oops 0 methods 0
ciMethodData java/util/HashMap tableSizeFor (I)I 2 8206 orig 80 0 0 0 0 0 0 0 0 0 0 0 0 250 127 0 0 0 0 0 0 0 0 0 0 0 0 0 0 0 0 0 0 0 0 0 0 0 0 0 0 0 0 0 0 0 0 0 0 0 0 0 0 0 0 0 0 0 0 0 0 0 0 0 0 0 0 0 0 0 0 0 0 0 0 0 0 0 0 0 0 data 25 0x40002 0x1f0e 0xa0007 0x10c1 0x38 0xe4d 0xe0003 0xe4d 0x50 0x140007 0x10c1 0x38 0x0 0x190003 0x0 0x18 0x0 0x0 0x0 0x0 0x0 0x0 0x9 0x1 0x0 oops 0 methods 0
ciMethodData java/util/ArrayList <init> (I)V 2 9700 orig 80 0 0 0 0 0 0 0 0 0 0 0 0 250 127 0 0 0 0 0 0 0 0 0 0 0 0 0 0 0 0 0 0 0 0 0 0 0 0 0 0 0 0 0 0 0 0 0 0 0 0 0 0 0 0 0 0 0 0 0 0 0 0 0 0 0 0 0 0 0 0 0 0 0 0 0 0 0 0 0 0 data 51 0x10002 0x2464 0x50007 0x1420 0x38 0x1044 0x100003 0x1044 0x118 0x140007 0x0 0x38 0x1420 0x1e0003 0x1420 0xe0 0x290002 0x0 0x2e0005 0x0 0x0 0x0 0x0 0x0 0x0 0x320005 0x0 0x0 0x0 0x0 0x0 0x0 0x350005 0x0 0x0 0x0 0x0 0x0 0x0 0x380002 0x0 0x0 0x0 0x0 0x0 0x0 0x0 0x9 0x2 0xe 0x0 oops 0 methods 0
ciMethodData java/util/ArrayList isEmpty ()Z 2 41256 orig 80 0 0 0 0 0 0 0 0 0 0 0 0 250 127 0 0 0 0 0 0 0 0 0 0 0 0 0 0 0 0 0 0 0 0 0 0 0 0 0 0 0 0 0 0 0 0 0 0 0 0 0 0 0 0 0 0 0 0 0 0 0 0 0 0 0 0 0 0 0 0 0 0 0 0 0 0 0 0 0 0 data 13 0x40007 0x3aa6 0x38 0x6630 0x80003 0x6630 0x18 0x0 0x0 0x0 0x9 0x1 0x0 oops 0 methods 0
ciMethodData java/lang/Float isNaN (F)Z 2 5206 orig 80 0 0 0 0 0 0 0 0 0 0 0 0 250 127 0 0 0 0 0 0 0 0 0 0 0 0 0 0 0 0 0 0 0 0 0 0 0 0 0 0 0 0 0 0 0 0 0 0 0 0 0 0 0 0 0 0 0 0 0 0 0 0 0 0 0 0 0 0 0 0 0 0 0 0 0 0 0 0 0 0 data 11 0x30007 0x1356 0x38 0x0 0x70003 0x0 0x18 0x0 0x9 0x1 0x0 oops 0 methods 0
ciMethod kotlin/jvm/internal/Intrinsics checkNotNullParameter (Ljava/lang/Object;Ljava/lang/String;)V 522 0 18374857 0 96
ciMethod kotlin/jvm/internal/Intrinsics throwParameterIsNullNPE (Ljava/lang/String;)V 0 0 1 0 -1
ciMethod kotlin/collections/CollectionsKt___CollectionsKt zip (Ljava/lang/Iterable;[Ljava/lang/Object;)Ljava/util/List; 514 558 3498 0 -1
ciMethod kotlin/collections/CollectionsKt__IterablesKt collectionSizeOrDefault (Ljava/lang/Iterable;I)I 350 0 204487 0 192
ciMethod kotlin/collections/CollectionsKt__CollectionsKt emptyList ()Ljava/util/List; 24 0 206704 0 64
ciMethod kotlin/collections/CollectionsKt__CollectionsKt getIndices (Ljava/util/Collection;)Lkotlin/ranges/IntRange; 768 0 639 0 0
ciMethod kotlin/collections/CollectionsKt__CollectionsKt throwIndexOverflow ()V 0 0 1 0 -1
ciMethod kotlin/collections/CollectionsKt__CollectionsJVMKt createListBuilder ()Ljava/util/List; 1024 0 5632 0 416
ciMethod kotlin/collections/CollectionsKt__CollectionsJVMKt build (Ljava/util/List;)Ljava/util/List; 1024 0 38995 0 160
ciMethod kotlin/collections/EmptyList iterator ()Ljava/util/Iterator; 4144 0 7197 0 64
ciMethod kotlin/collections/ArraysKt___ArraysKt zip ([Ljava/lang/Object;Ljava/lang/Iterable;)Ljava/util/List; 512 80 4084 0 0
ciMethodData kotlin/jvm/internal/Intrinsics checkNotNullParameter (Ljava/lang/Object;Ljava/lang/String;)V 2 18375239 orig 80 0 0 0 0 0 0 0 0 0 0 0 0 250 127 0 0 0 0 0 0 0 0 0 0 0 0 0 0 0 0 0 0 0 0 0 0 0 0 0 0 0 0 0 0 0 0 0 0 0 0 0 0 0 0 0 0 0 0 0 0 0 0 0 0 0 0 0 0 0 0 0 0 0 0 0 0 0 0 0 0 data 16 0x10007 0x1186142 0x30 0x0 0x50002 0x0 0x0 0x0 0x0 0x0 0x0 0x0 0x9 0x2 0x0 0xffffffffffffffff oops 0 methods 0
ciMethod kotlin/collections/MapsKt__MapsJVMKt mapCapacity (I)I 378 0 6373 0 160
ciMethod kotlin/collections/builders/ListBuilderKt arrayOfUninitializedElements (I)[Ljava/lang/Object; 536 0 12108 0 352
ciMethod kotlin/ranges/RangesKt___RangesKt coerceAtLeast (II)I 84 0 34790 0 64
ciMethod kotlin/TuplesKt to (Ljava/lang/Object;Ljava/lang/Object;)Lkotlin/Pair; 768 0 83595 0 192
ciMethod kotlin/Pair <init> (Ljava/lang/Object;Ljava/lang/Object;)V 418 0 103209 0 512
ciMethod kotlin/Pair getFirst ()Ljava/lang/Object; 258 0 129 0 0
ciMethod kotlin/Pair getSecond ()Ljava/lang/Object; 264 0 132 0 0
ciMethod kotlin/jvm/functions/Function3 invoke (Ljava/lang/Object;Ljava/lang/Object;Ljava/lang/Object;)Ljava/lang/Object; 0 0 1 0 -1
ciMethod kotlin/collections/EmptyIterator hasNext ()Z 298 0 149 0 0
ciMethod kotlin/properties/ReadOnlyProperty getValue (Ljava/lang/Object;Lkotlin/reflect/KProperty;)Ljava/lang/Object; 0 0 1 0 -1
ciMethod kotlin/collections/builders/ListBuilder checkIsMutable ()V 522 0 60142 0 0
ciMethod kotlin/collections/builders/ListBuilder <init> (I)V 516 0 5633 0 0
ciMethod kotlin/collections/builders/ListBuilder <init> (IILkotlin/jvm/internal/DefaultConstructorMarker;)V 1024 0 5632 0 0
ciMethod kotlin/collections/builders/ListBuilder build ()Ljava/util/List; 1024 0 38995 0 0
ciMethod kotlin/collections/AbstractMutableList <init> ()V 2034 0 17391 0 0
ciMethod kotlin/ranges/IntRange <init> (II)V 40 0 19204 0 0
ciMethod kotlin/ranges/IntProgression <init> (III)V 40 0 6728 0 192
ciMethod kotlin/ranges/IntProgression iterator ()Lkotlin/collections/IntIterator; 138 0 6725 0 224
ciMethod kotlin/ranges/IntProgression iterator ()Ljava/util/Iterator; 138 0 12272 0 256
ciMethod kotlin/internal/ProgressionUtilKt mod (II)I 162 0 15729 0 0
ciMethod kotlin/internal/ProgressionUtilKt differenceModulo (III)I 54 0 5243 0 256
ciMethod kotlin/internal/ProgressionUtilKt getProgressionLastElement (III)I 516 0 5454 0 128
ciMethodData kotlin/Pair <init> (Ljava/lang/Object;Ljava/lang/Object;)V 2 103209 orig 80 0 0 0 0 0 0 0 0 0 0 0 0 250 127 0 0 0 0 0 0 0 0 0 0 0 0 0 0 0 0 0 0 0 0 0 0 0 0 0 0 0 0 0 0 0 0 0 0 0 0 0 0 0 0 0 0 0 0 0 0 0 0 0 0 0 0 0 0 0 0 0 0 0 0 0 0 0 0 0 0 data 11 0x10002 0x19258 0x0 0x0 0x0 0x0 0x9 0x3 0x6 0x0 0x0 oops 0 methods 0
ciMethodData kotlin/collections/CollectionsKt__CollectionsKt emptyList ()Ljava/util/List; 2 206798 orig 80 0 0 0 0 0 0 0 0 0 0 0 0 250 127 0 0 0 0 0 0 0 0 0 0 0 0 0 0 0 0 0 0 0 0 0 0 0 0 0 0 0 0 0 0 0 0 0 0 0 0 0 0 0 0 0 0 0 0 0 0 0 0 0 0 0 0 0 0 0 0 0 0 0 0 0 0 0 0 0 0 data 15 0x30004 0x0 0x0 0x25f71d31b10 0x10b 0x0 0x0 0x0 0x0 0x0 0x0 0x0 0x0 0x9 0x0 oops 1 3 kotlin/collections/EmptyList methods 0
ciMethodData kotlin/collections/CollectionsKt__IterablesKt collectionSizeOrDefault (Ljava/lang/Iterable;I)I 2 204512 orig 80 0 0 0 0 0 0 0 0 0 0 0 0 250 127 0 0 0 0 0 0 0 0 0 0 0 0 0 0 0 0 0 0 0 0 0 0 0 0 0 0 0 0 0 0 0 0 0 0 0 0 0 0 0 0 0 0 0 0 0 0 0 0 0 0 0 0 0 0 0 0 0 0 0 0 0 0 0 0 0 0 data 40 0x30002 0x31e31 0x70004 0xfffffffffffffe05 0x0 0x25f293b87e0 0x1a6c7 0x25f701e0f20 0x2 0xa0007 0x1519 0xa8 0x30918 0xe0004 0x0 0x0 0x25f293b87e0 0x1a6c7 0x25f701e0f20 0x2 0x110005 0x13a72 0x0 0x25f293b87e0 0x1cea4 0x25f701e0f20 0x2 0x160003 0x30918 0x18 0x0 0x0 0x0 0x0 0x0 0x0 0x9 0x2 0xffffffffffffffff 0x0 oops 6 5 java/util/ArrayList 7 kotlin/enums/EnumEntriesList 16 java/util/ArrayList 18 kotlin/enums/EnumEntriesList 23 java/util/ArrayList 25 kotlin/enums/EnumEntriesList methods 0
ciMethod org/jetbrains/kotlin/util/AttributeArrayOwner getArrayMap ()Lorg/jetbrains/kotlin/util/ArrayMap; 268 0 134 0 0
ciMethod org/jetbrains/kotlin/util/AbstractArrayMapOwner getArrayMap ()Lorg/jetbrains/kotlin/util/ArrayMap; 0 0 1 0 -1
ciMethod org/jetbrains/kotlin/util/ArrayMap get (I)Ljava/lang/Object; 0 0 1 0 -1
ciMethod org/jetbrains/kotlin/fir/FirModuleDataImpl getSession ()Lorg/jetbrains/kotlin/fir/FirSession; 20 0 6154 0 96
ciMethod org/jetbrains/kotlin/fir/FirModuleData getBoundSession ()Lorg/jetbrains/kotlin/fir/FirSession; 266 0 133 0 0
ciMethod org/jetbrains/kotlin/fir/FirModuleData getSession ()Lorg/jetbrains/kotlin/fir/FirSession; 0 0 1 0 -1
ciMethod org/jetbrains/kotlin/util/ComponentArrayOwner getArrayMap ()Lorg/jetbrains/kotlin/util/ArrayMap; 268 0 134 0 0
ciMethod org/jetbrains/kotlin/fir/types/FirResolvedTypeRef getConeType ()Lorg/jetbrains/kotlin/fir/types/ConeKotlinType; 0 0 1 0 -1
ciMethod org/jetbrains/kotlin/fir/types/FirResolvedTypeRef getDelegatedTypeRef ()Lorg/jetbrains/kotlin/fir/types/FirTypeRef; 0 0 1 0 -1
ciMethod org/jetbrains/kotlin/fir/types/FirTypeRef getSource ()Lorg/jetbrains/kotlin/KtSourceElement; 0 0 1 0 -1
ciMethod org/jetbrains/kotlin/fir/types/ConeTypeProjection getKind ()Lorg/jetbrains/kotlin/fir/types/ProjectionKind; 0 0 1 0 -1
ciMethod org/jetbrains/kotlin/fir/types/impl/ConeClassLikeTypeImpl getAttributes ()Lorg/jetbrains/kotlin/fir/types/ConeAttributes; 268 0 134 0 0
ciMethod org/jetbrains/kotlin/fir/types/impl/ConeClassLikeTypeImpl getTypeArguments ()[Lorg/jetbrains/kotlin/fir/types/ConeTypeProjection; 258 0 129 0 0
ciMethod org/jetbrains/kotlin/fir/types/ConeLookupTagBasedType getLookupTag ()Lorg/jetbrains/kotlin/fir/types/ConeClassifierLookupTag; 0 0 1 0 -1
ciMethod org/jetbrains/kotlin/fir/types/ConeKotlinType getKind ()Lorg/jetbrains/kotlin/fir/types/ProjectionKind; 1024 0 1557 0 64
ciMethod org/jetbrains/kotlin/fir/types/ConeKotlinType getTypeArguments ()[Lorg/jetbrains/kotlin/fir/types/ConeTypeProjection; 0 0 1 0 -1
ciMethod org/jetbrains/kotlin/fir/types/ConeKotlinType getAttributes ()Lorg/jetbrains/kotlin/fir/types/ConeAttributes; 0 0 1 0 -1
ciMethod org/jetbrains/kotlin/fir/symbols/FirLazyDeclarationResolver lazyResolveToPhase (Lorg/jetbrains/kotlin/fir/FirElementWithResolveState;Lorg/jetbrains/kotlin/fir/declarations/FirResolvePhase;)V 0 0 1 0 -1
ciMethod org/jetbrains/kotlin/fir/resolve/transformers/FirDummyCompilerLazyDeclarationResolver lazyResolveToPhase (Lorg/jetbrains/kotlin/fir/FirElementWithResolveState;Lorg/jetbrains/kotlin/fir/declarations/FirResolvePhase;)V 1024 0 5823 0 0
ciMethod org/jetbrains/kotlin/util/ArrayMapAccessor getValue (Lorg/jetbrains/kotlin/util/AbstractArrayMapOwner;Lkotlin/reflect/KProperty;)Ljava/lang/Object; 742 0 11646 0 224
ciMethod org/jetbrains/kotlin/util/AbstractArrayMapOwner$AbstractArrayMapAccessor extractValue (Lorg/jetbrains/kotlin/util/AbstractArrayMapOwner;)Ljava/lang/Object; 778 0 168056 0 160
ciMethod org/jetbrains/kotlin/fir/types/TypeComponentsKt getTypeContext (Lorg/jetbrains/kotlin/fir/FirSession;)Lorg/jetbrains/kotlin/fir/types/ConeInferenceContext; 512 0 58894 0 -1
ciMethod org/jetbrains/kotlin/fir/declarations/FirDeclaration getModuleData ()Lorg/jetbrains/kotlin/fir/FirModuleData; 0 0 1 0 -1
ciMethod org/jetbrains/kotlin/fir/FirElementWithResolveState getModuleData ()Lorg/jetbrains/kotlin/fir/FirModuleData; 0 0 1 0 -1
ciMethod org/jetbrains/kotlin/fir/symbols/FirBasedSymbol getFir ()Lorg/jetbrains/kotlin/fir/declarations/FirDeclaration; 0 0 6196 0 96
ciMethod org/jetbrains/kotlin/fir/types/impl/FirResolvedTypeRefImpl getConeType ()Lorg/jetbrains/kotlin/fir/types/ConeKotlinType; 262 0 131 0 0
ciMethod org/jetbrains/kotlin/fir/resolve/substitution/AbstractConeSubstitutor <init> (Lorg/jetbrains/kotlin/fir/types/ConeTypeContext;)V 424 0 8625 0 -1
ciMethod kotlin/ranges/IntProgressionIterator <init> (III)V 534 0 5450 0 128
ciMethod kotlin/ranges/IntProgressionIterator hasNext ()Z 288 0 144 0 0
ciMethod kotlin/ranges/IntProgressionIterator nextInt ()I 366 0 7537 0 128
ciMethod kotlin/collections/IntIterator <init> ()V 534 0 5450 0 0
ciMethod kotlin/collections/IntIterator nextInt ()I 0 0 1 0 -1
ciMethod kotlin/collections/IntIterator next ()Ljava/lang/Object; 522 0 20305 0 256
ciMethod org/jetbrains/kotlin/util/NullableArrayMapAccessor getValue (Lorg/jetbrains/kotlin/util/AbstractArrayMapOwner;Lkotlin/reflect/KProperty;)Ljava/lang/Object; 764 0 159301 0 192
ciMethod org/jetbrains/kotlin/util/NullableArrayMapAccessor getValue (Ljava/lang/Object;Lkotlin/reflect/KProperty;)Ljava/lang/Object; 518 0 95106 0 192
ciMethod org/jetbrains/kotlin/fir/analysis/checkers/type/FirProjectionRelationChecker extractImmediateTypeArgumentData (Lorg/jetbrains/kotlin/fir/types/FirTypeRef;)Ljava/util/List; 768 80 5507 0 0
ciMethod org/jetbrains/kotlin/fir/analysis/checkers/type/FirProjectionRelationChecker collectPotentiallyProblematicArguments (Lorg/jetbrains/kotlin/fir/types/FirTypeRef;Lorg/jetbrains/kotlin/fir/FirSession;)Ljava/util/List; 768 80 5507 0 -1
ciMethod org/jetbrains/kotlin/fir/analysis/checkers/type/FirProjectionRelationChecker getCanBeProblematic (Lorg/jetbrains/kotlin/fir/types/ProjectionKind;)Z 80 0 375 0 0
ciMethod org/jetbrains/kotlin/fir/analysis/jvm/checkers/expression/FirJvmMissingBuiltInDeclarationChecker check (Lorg/jetbrains/kotlin/fir/expressions/FirStatement;Lorg/jetbrains/kotlin/fir/analysis/checkers/context/CheckerContext;Lorg/jetbrains/kotlin/diagnostics/DiagnosticReporter;)V 4814 0 8931 0 -1
ciMethod org/jetbrains/kotlin/fir/types/FirTypeProjectionWithVariance getTypeRef ()Lorg/jetbrains/kotlin/fir/types/FirTypeRef; 0 0 1 0 -1
ciMethod org/jetbrains/kotlin/fir/types/FirTypeProjection getSource ()Lorg/jetbrains/kotlin/KtSourceElement; 0 0 1 0 -1
ciMethod org/jetbrains/kotlin/fir/types/FirTypeArgumentList getTypeArguments ()Ljava/util/List; 0 0 1 0 -1
ciMethod org/jetbrains/kotlin/fir/types/FirQualifierPart getTypeArgumentList ()Lorg/jetbrains/kotlin/fir/types/FirTypeArgumentList; 0 0 1 0 -1
ciMethod org/jetbrains/kotlin/fir/types/FirUserTypeRef getQualifier ()Ljava/util/List; 0 0 1 0 -1
ciMethod org/jetbrains/kotlin/fir/FirFunctionTypeParameter getReturnTypeRef ()Lorg/jetbrains/kotlin/fir/types/FirTypeRef; 0 0 1 0 -1
ciMethod org/jetbrains/kotlin/fir/types/FirFunctionTypeRef getReceiverTypeRef ()Lorg/jetbrains/kotlin/fir/types/FirTypeRef; 0 0 1 0 -1
ciMethod org/jetbrains/kotlin/fir/types/FirFunctionTypeRef getParameters ()Ljava/util/List; 0 0 1 0 -1
ciMethod org/jetbrains/kotlin/fir/types/FirFunctionTypeRef getReturnTypeRef ()Lorg/jetbrains/kotlin/fir/types/FirTypeRef; 0 0 1 0 -1
ciMethodData kotlin/ranges/RangesKt___RangesKt coerceAtLeast (II)I 2 34815 orig 80 0 0 0 0 0 0 0 0 0 0 0 0 250 127 0 0 0 0 0 0 0 0 0 0 0 0 0 0 0 0 0 0 0 0 0 0 0 0 0 0 0 0 0 0 0 0 0 0 0 0 0 0 0 0 0 0 0 0 0 0 0 0 0 0 0 0 0 0 0 0 0 0 0 0 0 0 0 0 0 0 data 12 0x20007 0x1fa3 0x38 0x6832 0x60003 0x6832 0x18 0x0 0x9 0x2 0x0 0x0 oops 0 methods 0
ciMethod org/jetbrains/kotlin/fir/symbols/ConeTypeParameterLookupTag getSymbol ()Lorg/jetbrains/kotlin/fir/symbols/impl/FirClassifierSymbol; 0 0 412 0 -1
ciMethod org/jetbrains/kotlin/fir/symbols/ConeClassifierLookupTagWithFixedSymbol getSymbol ()Lorg/jetbrains/kotlin/fir/symbols/impl/FirClassifierSymbol; 0 0 1 0 -1
ciMethod org/jetbrains/kotlin/fir/declarations/FirTypeParameterRef getSymbol ()Lorg/jetbrains/kotlin/fir/symbols/impl/FirTypeParameterSymbol; 0 0 1 0 -1
ciMethod org/jetbrains/kotlin/fir/types/FirTypeUtilsKt getConeType (Lorg/jetbrains/kotlin/fir/types/FirTypeRef;)Lorg/jetbrains/kotlin/fir/types/ConeKotlinType; 724 0 5484 0 224
ciMethodData kotlin/collections/builders/ListBuilder checkIsMutable ()V 2 60142 orig 80 0 0 0 0 0 0 0 0 0 0 0 0 250 127 0 0 0 0 0 0 0 0 0 0 0 0 0 0 0 0 0 0 0 0 0 0 0 0 0 0 0 0 0 0 0 0 0 0 0 0 0 0 0 0 0 0 0 0 0 0 0 0 0 0 0 0 0 0 0 0 0 0 0 0 0 0 0 0 0 0 data 13 0x40007 0xe9e9 0x30 0x0 0xb0002 0x0 0x0 0x0 0x0 0x0 0x9 0x1 0x0 oops 0 methods 0
ciMethodData org/jetbrains/kotlin/util/AbstractArrayMapOwner$AbstractArrayMapAccessor extractValue (Lorg/jetbrains/kotlin/util/AbstractArrayMapOwner;)Ljava/lang/Object; 2 168063 orig 80 0 0 0 0 0 0 0 0 0 0 0 0 250 127 0 0 0 0 0 0 0 0 0 0 0 0 0 0 0 0 0 0 0 0 0 0 0 0 0 0 0 0 0 0 0 0 0 0 0 0 0 0 0 0 0 0 0 0 0 0 0 0 0 0 0 0 0 0 0 0 0 0 0 0 0 0 0 0 0 0 data 26 0x30002 0x28efa 0x70005 0x25cc0 0x0 0x25f71d32e10 0x3165 0x25f6f4ae280 0xd5 0xe0005 0x16a69 0x0 0x25f6f4ae330 0xf43c 0x25f6f4ae3e0 0x3055 0x0 0x0 0x0 0x0 0x0 0x0 0x9 0x2 0x0 0xffffffffffffffff oops 4 5 org/jetbrains/kotlin/fir/java/FirCliSession 7 org/jetbrains/kotlin/fir/extensions/FirExtensionService 12 org/jetbrains/kotlin/util/ArrayMapImpl 14 org/jetbrains/kotlin/util/OneElementArrayMap methods 0
ciMethodData kotlin/collections/AbstractMutableList <init> ()V 2 17391 orig 80 0 0 0 0 0 0 0 0 0 0 0 0 250 127 0 0 0 0 0 0 0 0 0 0 0 0 0 0 0 0 0 0 0 0 0 0 0 0 0 0 0 0 0 0 0 0 0 0 0 0 0 0 0 0 0 0 0 0 0 0 0 0 0 0 0 0 0 0 0 0 0 0 0 0 0 0 0 0 0 0 data 7 0x10002 0x3ff6 0x0 0x0 0x9 0x1 0x0 oops 0 methods 0
ciMethodData kotlin/TuplesKt to (Ljava/lang/Object;Ljava/lang/Object;)Lkotlin/Pair; 2 83597 orig 80 0 0 0 0 0 0 0 0 0 0 0 0 250 127 0 0 0 0 0 0 0 0 0 0 0 0 0 0 0 0 0 0 0 0 0 0 0 0 0 0 0 0 0 0 0 0 0 0 0 0 0 0 0 0 0 0 0 0 0 0 0 0 0 0 0 0 0 0 0 0 0 0 0 0 0 0 0 0 0 0 data 9 0x60002 0x1450d 0x0 0x0 0x0 0x9 0x2 0x0 0x0 oops 0 methods 0
ciMethodData kotlin/collections/EmptyList iterator ()Ljava/util/Iterator; 2 7197 orig 80 0 0 0 0 0 0 0 0 0 0 0 0 250 127 0 0 0 0 0 0 0 0 0 0 0 0 0 0 0 0 0 0 0 0 0 0 0 0 0 0 0 0 0 0 0 0 0 0 0 0 0 0 0 0 0 0 0 0 0 0 0 0 0 0 0 0 0 0 0 0 0 0 0 0 0 0 0 0 0 0 data 16 0x30004 0x0 0x0 0x25f71d31c70 0x1 0x0 0x0 0x0 0x0 0x0 0x0 0x0 0x0 0x9 0x1 0x0 oops 1 3 kotlin/collections/EmptyIterator methods 0
ciMethodData org/jetbrains/kotlin/fir/FirModuleDataImpl getSession ()Lorg/jetbrains/kotlin/fir/FirSession; 2 6154 orig 80 0 0 0 0 0 0 0 0 0 0 0 0 250 127 0 0 0 0 0 0 0 0 0 0 0 0 0 0 0 0 0 0 0 0 0 0 0 0 0 0 0 0 0 0 0 0 0 0 0 0 0 0 0 0 0 0 0 0 0 0 0 0 0 0 0 0 0 0 0 0 0 0 0 0 0 0 0 0 0 0 data 96 0x10005 0x1800 0x0 0x0 0x0 0x0 0x0 0x50007 0x1800 0x280 0x0 0x110002 0x0 0x160005 0x0 0x0 0x0 0x0 0x0 0x0 0x1a0005 0x0 0x0 0x0 0x0 0x0 0x0 0x1d0002 0x0 0x200005 0x0 0x0 0x0 0x0 0x0 0x0 0x250005 0x0 0x0 0x0 0x0 0x0 0x0 0x2a0005 0x0 0x0 0x0 0x0 0x0 0x0 0x2e0005 0x0 0x0 0x0 0x0 0x0 0x0 0x310005 0x0 0x0 0x0 0x0 0x0 0x0 0x360005 0x0 0x0 0x0 0x0 0x0 0x0 0x390005 0x0 0x0 0x0 0x0 0x0 0x0 0x3c0005 0x0 0x0 0x0 0x0 0x0 0x0 0x3f0002 0x0 0x0 0x0 0x0 0x0 0x0 0x0 0x9 0x1 0x0 oops 0 methods 0
ciMethodData kotlin/collections/builders/ListBuilder <init> (I)V 2 5633 orig 80 0 0 0 0 0 0 0 0 0 0 0 0 250 127 0 0 0 0 0 0 0 0 0 0 0 0 0 0 0 0 0 0 0 0 0 0 0 0 0 0 0 0 0 0 0 0 0 0 0 0 0 0 0 0 0 0 0 0 0 0 0 0 0 0 0 0 0 0 0 0 0 0 0 0 0 0 0 0 0 0 data 14 0x10002 0x14ff 0x60002 0x14ff 0x0 0x0 0x0 0x0 0x0 0x0 0x9 0x2 0x0 0x0 oops 0 methods 0
ciMethodData kotlin/collections/builders/ListBuilderKt arrayOfUninitializedElements (I)[Ljava/lang/Object; 2 12108 orig 80 0 0 0 0 0 0 0 0 0 0 0 0 250 127 0 0 0 0 0 0 0 0 0 0 0 0 0 0 0 0 0 0 0 0 0 0 0 0 0 0 0 0 0 0 0 0 0 0 0 0 0 0 0 0 0 0 0 0 0 0 0 0 0 0 0 0 0 0 0 0 0 0 0 0 0 0 0 0 0 0 data 29 0x10007 0x0 0x38 0x2e40 0x50003 0x2e40 0x18 0x90007 0x2e40 0x68 0x0 0x160005 0x0 0x0 0x0 0x0 0x0 0x0 0x190002 0x0 0x0 0x0 0x0 0x0 0x0 0x0 0x9 0x1 0x0 oops 0 methods 0
ciMethodData org/jetbrains/kotlin/util/ArrayMapAccessor getValue (Lorg/jetbrains/kotlin/util/AbstractArrayMapOwner;Lkotlin/reflect/KProperty;)Ljava/lang/Object; 2 11646 orig 80 1 0 0 0 0 0 0 0 0 0 0 0 250 127 0 0 0 0 0 0 0 0 0 0 0 0 0 0 0 0 0 0 0 0 0 0 0 0 0 1 0 0 0 0 0 0 0 0 0 0 0 0 0 0 0 0 0 0 0 0 0 0 0 0 0 0 0 0 0 0 0 0 0 0 0 0 0 0 0 0 data 97 0x30002 0x2c0b 0x90002 0x2c0b 0xe0005 0x2c0b 0x0 0x0 0x0 0x0 0x0 0x8000000600120007 0x2beb 0x258 0x21 0x1b0007 0x21 0x238 0x0 0x270002 0x0 0x2c0005 0x0 0x0 0x0 0x0 0x0 0x0 0x330005 0x0 0x0 0x0 0x0 0x0 0x0 0x380005 0x0 0x0 0x0 0x0 0x0 0x0 0x3c0005 0x0 0x0 0x0 0x0 0x0 0x0 0x3f0005 0x0 0x0 0x0 0x0 0x0 0x0 0x440005 0x0 0x0 0x0 0x0 0x0 0x0 0x480005 0x0 0x0 0x0 0x0 0x0 0x0 0x4b0005 0x0 0x0 0x0 0x0 0x0 0x0 0x4e0005 0x0 0x0 0x0 0x0 0x0 0x0 0x510002 0x0 0x0 0x0 0x0 0x0 0x0 0x0 0x9 0x3 0x0 0xffffffffffffffff 0x0 oops 0 methods 0
ciMethodData kotlin/collections/MapsKt__MapsJVMKt mapCapacity (I)I 2 6373 orig 80 0 0 0 0 0 0 0 0 0 0 0 0 250 127 0 0 0 0 0 0 0 0 0 0 0 0 0 0 0 0 0 0 0 0 0 0 0 0 0 0 0 0 0 0 0 0 0 0 0 0 0 0 0 0 0 0 0 0 0 0 0 0 0 0 0 0 0 0 0 0 0 0 0 0 0 0 0 0 0 0 data 28 0x20007 0x1828 0x38 0x0 0x60003 0x0 0x88 0xb0007 0x2b 0x38 0x17fd 0x110003 0x17fd 0x50 0x170007 0x0 0x38 0x2b 0x220003 0x2b 0x18 0x0 0x0 0x0 0x0 0x9 0x1 0x0 oops 0 methods 0
ciMethodData kotlin/ranges/IntRange <init> (II)V 2 19204 orig 80 0 0 0 0 0 0 0 0 0 0 0 0 250 127 0 0 0 0 0 0 0 0 0 0 0 0 0 0 0 0 0 0 0 0 0 0 0 0 0 0 0 0 0 0 0 0 0 0 0 0 0 0 0 0 0 0 0 0 0 0 0 0 0 0 0 0 0 0 0 0 0 0 0 0 0 0 0 0 0 0 data 9 0x40002 0x4af0 0x0 0x0 0x9 0x3 0x0 0x0 0x0 oops 0 methods 0
ciMethodData kotlin/ranges/IntProgression <init> (III)V 2 6728 orig 80 0 0 0 0 0 0 0 0 0 0 0 0 250 127 0 0 0 0 0 0 0 0 0 0 0 0 0 0 0 0 0 0 0 0 0 0 0 0 0 0 0 0 0 0 0 0 0 0 0 0 0 0 0 0 0 0 0 0 0 0 0 0 0 0 0 0 0 0 0 0 0 0 0 0 0 0 0 0 0 0 data 28 0x10002 0x1a34 0x60007 0x1a34 0x30 0x0 0xf0002 0x0 0x160007 0x1a34 0x30 0x0 0x1f0002 0x0 0x2d0002 0x1a34 0x0 0x0 0x0 0x0 0x0 0x0 0x9 0x4 0xe 0x0 0x0 0x0 oops 0 methods 0
ciMethodData kotlin/collections/CollectionsKt__CollectionsJVMKt createListBuilder ()Ljava/util/List; 2 5632 orig 80 0 0 0 0 0 0 0 0 0 0 0 0 250 127 0 0 0 0 0 0 0 0 0 0 0 0 0 0 0 0 0 0 0 0 0 0 0 0 0 0 0 0 0 0 0 0 0 0 0 0 0 0 0 0 0 0 0 0 0 0 0 0 0 0 0 0 0 0 0 0 0 0 0 0 0 0 0 0 0 0 data 17 0x70002 0x1401 0xa0004 0x0 0x0 0x25f725fd730 0x2 0x0 0x0 0x0 0x0 0x0 0x0 0x0 0x0 0x9 0x0 oops 1 5 kotlin/collections/builders/ListBuilder methods 0
ciMethodData kotlin/collections/builders/ListBuilder <init> (IILkotlin/jvm/internal/DefaultConstructorMarker;)V 2 5632 orig 80 0 0 0 0 0 0 0 0 0 0 0 0 250 127 0 0 0 0 0 0 0 0 0 0 0 0 0 0 0 0 0 0 0 0 0 0 0 0 0 0 0 0 0 0 0 0 0 0 0 0 0 0 0 0 0 0 0 0 0 0 0 0 0 0 0 0 0 0 0 0 0 0 0 0 0 0 0 0 0 0 data 14 0x30007 0x0 0x20 0x1401 0xb0002 0x1401 0x0 0x0 0x9 0x4 0x0 0x0 0x0 0x0 oops 0 methods 0
ciMethodData kotlin/collections/CollectionsKt__CollectionsJVMKt build (Ljava/util/List;)Ljava/util/List; 2 38995 orig 80 0 0 0 0 0 0 0 0 0 0 0 0 250 127 0 0 0 0 0 0 0 0 0 0 0 0 0 0 0 0 0 0 0 0 0 0 0 0 0 0 0 0 0 0 0 0 0 0 0 0 0 0 0 0 0 0 0 0 0 0 0 0 0 0 0 0 0 0 0 0 0 0 0 0 0 0 0 0 0 0 data 25 0x30002 0x9654 0x70004 0x0 0x0 0x25f725fd730 0x9654 0x0 0x0 0xa0005 0x9654 0x0 0x0 0x0 0x0 0x0 0x0 0x0 0x0 0x0 0x0 0x0 0x9 0x1 0xc oops 1 5 kotlin/collections/builders/ListBuilder methods 0
ciMethodData kotlin/collections/builders/ListBuilder build ()Ljava/util/List; 2 38995 orig 80 0 0 0 0 0 0 0 0 0 0 0 0 250 127 0 0 0 0 0 0 0 0 0 0 0 0 0 0 0 0 0 0 0 0 0 0 0 0 0 0 0 0 0 0 0 0 0 0 0 0 0 0 0 0 0 0 0 0 0 0 0 0 0 0 0 0 0 0 0 0 0 0 0 0 0 0 0 0 0 0 data 32 0x10002 0x9654 0xd0007 0x6114 0x70 0x3540 0x110004 0x0 0x0 0x25f725fd730 0x1 0x0 0x0 0x140003 0x3540 0x50 0x1a0004 0x0 0x0 0x25f725fd730 0x1 0x0 0x0 0x0 0x0 0x0 0x0 0x0 0x0 0x9 0x1 0xc oops 2 9 kotlin/collections/builders/ListBuilder 19 kotlin/collections/builders/ListBuilder methods 0
ciMethodData org/jetbrains/kotlin/util/NullableArrayMapAccessor getValue (Lorg/jetbrains/kotlin/util/AbstractArrayMapOwner;Lkotlin/reflect/KProperty;)Ljava/lang/Object; 2 159308 orig 80 0 0 0 0 0 0 0 0 0 0 0 0 250 127 0 0 0 0 0 0 0 0 0 0 0 0 0 0 0 0 0 0 0 0 0 0 0 0 0 0 0 0 0 0 0 0 0 0 0 0 0 0 0 0 0 0 0 0 0 0 0 0 0 0 0 0 0 0 0 0 0 0 0 0 0 0 0 0 0 0 data 22 0x30002 0x26cce 0x90002 0x26cce 0xe0005 0x26cce 0x0 0x0 0x0 0x0 0x0 0x0 0x0 0x0 0x0 0x0 0x0 0x9 0x3 0x0 0xffffffffffffffff 0x0 oops 0 methods 0
ciMethodData org/jetbrains/kotlin/fir/symbols/FirBasedSymbol getFir ()Lorg/jetbrains/kotlin/fir/declarations/FirDeclaration; 2 6196 orig 80 0 0 0 0 0 0 0 0 0 0 0 0 250 127 0 0 0 0 0 0 0 0 0 0 0 0 0 0 0 0 0 0 0 0 0 0 0 0 0 0 0 0 0 0 0 0 0 0 0 0 0 0 0 0 0 0 0 0 0 0 0 0 0 0 0 0 0 0 0 0 0 0 0 0 0 0 0 0 0 0 data 79 0x50007 0x1834 0x230 0x0 0xd0002 0x0 0x120005 0x0 0x0 0x0 0x0 0x0 0x0 0x160005 0x0 0x0 0x0 0x0 0x0 0x0 0x190002 0x0 0x1c0005 0x0 0x0 0x0 0x0 0x0 0x0 0x1f0005 0x0 0x0 0x0 0x0 0x0 0x0 0x340002 0x0 0x3b0004 0x0 0x0 0x0 0x0 0x0 0x0 0x4a0002 0x0 0x660002 0x0 0x710005 0x0 0x0 0x0 0x0 0x0 0x0 0x740005 0x0 0x0 0x0 0x0 0x0 0x0 0x7c0004 0x0 0x0 0x0 0x0 0x0 0x0 0x0 0x0 0x0 0x0 0x0 0x0 0x9 0x1 0xffffffffffffffff oops 0 methods 0
ciMethodData org/jetbrains/kotlin/fir/symbols/FirLazyDeclarationResolverKt getLazyDeclarationResolver (Lorg/jetbrains/kotlin/fir/FirSession;)Lorg/jetbrains/kotlin/fir/symbols/FirLazyDeclarationResolver; 2 23829 orig 80 0 0 0 0 0 0 0 0 0 0 0 0 250 127 0 0 0 0 0 0 0 0 0 0 0 0 0 0 0 0 0 0 0 0 0 0 0 0 0 0 0 0 0 0 0 0 0 0 0 0 0 0 0 0 0 0 0 0 0 0 0 0 0 0 0 0 0 0 0 0 0 0 0 0 0 0 0 0 0 0 data 32 0x30002 0x5b94 0xa0004 0x0 0x0 0x25f71d32e10 0x2 0x0 0x0 0x120005 0x5b94 0x0 0x0 0x0 0x0 0x0 0x150004 0x0 0x0 0x25f6fa62b40 0x5b94 0x0 0x0 0x0 0x0 0x0 0x0 0x0 0x0 0x9 0x1 0x0 oops 2 5 org/jetbrains/kotlin/fir/java/FirCliSession 19 org/jetbrains/kotlin/fir/resolve/transformers/FirDummyCompilerLazyDeclarationResolver methods 0
ciMethod org/jetbrains/kotlin/fir/symbols/FirLazyDeclarationResolverKt getLazyDeclarationResolver (Lorg/jetbrains/kotlin/fir/FirSession;)Lorg/jetbrains/kotlin/fir/symbols/FirLazyDeclarationResolver; 770 0 23829 0 224
ciMethod org/jetbrains/kotlin/fir/symbols/FirLazyDeclarationResolverKt getLazyDeclarationResolver (Lorg/jetbrains/kotlin/fir/FirElementWithResolveState;)Lorg/jetbrains/kotlin/fir/symbols/FirLazyDeclarationResolver; 1024 0 19443 0 0
ciMethod org/jetbrains/kotlin/fir/symbols/FirLazyDeclarationResolverKt lazyResolveToPhase (Lorg/jetbrains/kotlin/fir/symbols/FirBasedSymbol;Lorg/jetbrains/kotlin/fir/declarations/FirResolvePhase;)V 54 0 81397 0 576
ciMethod org/jetbrains/kotlin/fir/symbols/FirLazyDeclarationResolverKt lazyResolveToPhase (Lorg/jetbrains/kotlin/fir/FirElementWithResolveState;Lorg/jetbrains/kotlin/fir/declarations/FirResolvePhase;)V 1012 0 99664 0 480
ciMethod org/jetbrains/kotlin/fir/symbols/FirLazyDeclarationResolverKt invokeLazyResolveToPhase (Lorg/jetbrains/kotlin/fir/FirElementWithResolveState;Lorg/jetbrains/kotlin/fir/declarations/FirResolvePhase;Lkotlin/jvm/functions/Function3;)V 1012 0 13893 0 608
ciMethodData kotlin/ranges/IntProgression iterator ()Ljava/util/Iterator; 2 12272 orig 80 0 0 0 0 0 0 0 0 0 0 0 0 250 127 0 0 0 0 0 0 0 0 0 0 0 0 0 0 0 0 0 0 0 0 0 0 0 0 0 0 0 0 0 0 0 0 0 0 0 0 0 0 0 0 0 0 0 0 0 0 0 0 0 0 0 0 0 0 0 0 0 0 0 0 0 0 0 0 0 0 data 23 0x10005 0x0 0x0 0x25f71d32140 0x2fab 0x0 0x0 0x40004 0x0 0x0 0x25f71d321f0 0x243 0x0 0x0 0x0 0x0 0x0 0x0 0x0 0x0 0x9 0x1 0x0 oops 2 3 kotlin/ranges/IntRange 10 kotlin/ranges/IntProgressionIterator methods 0
ciMethodData kotlin/ranges/IntProgression iterator ()Lkotlin/collections/IntIterator; 2 6725 orig 80 0 0 0 0 0 0 0 0 0 0 0 0 250 127 0 0 0 0 0 0 0 0 0 0 0 0 0 0 0 0 0 0 0 0 0 0 0 0 0 0 0 0 0 0 0 0 0 0 0 0 0 0 0 0 0 0 0 0 0 0 0 0 0 0 0 0 0 0 0 0 0 0 0 0 0 0 0 0 0 0 data 18 0x100002 0x1a00 0x130004 0x0 0x0 0x25f71d321f0 0x257 0x0 0x0 0x0 0x0 0x0 0x0 0x0 0x0 0x9 0x1 0x0 oops 1 5 kotlin/ranges/IntProgressionIterator methods 0
ciMethodData kotlin/ranges/IntProgressionIterator nextInt ()I 2 7537 orig 80 0 0 0 0 0 0 0 0 0 0 0 0 250 127 0 0 0 0 0 0 0 0 0 0 0 0 0 0 0 0 0 0 0 0 0 0 0 0 0 0 0 0 0 0 0 0 0 0 0 0 0 0 0 0 0 0 0 0 0 0 0 0 0 0 0 0 0 0 0 0 0 0 0 0 0 0 0 0 0 0 data 21 0xa0007 0x1414 0x68 0x8a6 0x110007 0x8a6 0x30 0x0 0x180002 0x0 0x210003 0x8a6 0x18 0x0 0x0 0x0 0x0 0x0 0x9 0x1 0xc oops 0 methods 0
ciMethod org/jetbrains/kotlin/fir/symbols/FirLazyDeclarationResolverKt$lazyResolveToPhase$1 invoke (Lorg/jetbrains/kotlin/fir/symbols/FirLazyDeclarationResolver;Lorg/jetbrains/kotlin/fir/FirElementWithResolveState;Lorg/jetbrains/kotlin/fir/declarations/FirResolvePhase;)V 1024 0 5823 0 0
ciMethod org/jetbrains/kotlin/fir/symbols/FirLazyDeclarationResolverKt$lazyResolveToPhase$1 invoke (Ljava/lang/Object;Ljava/lang/Object;Ljava/lang/Object;)Ljava/lang/Object; 1024 0 5823 0 288
ciMethod org/jetbrains/kotlin/fir/declarations/synthetic/FirSyntheticPropertyAccessor getDelegate ()Lorg/jetbrains/kotlin/fir/declarations/FirSimpleFunction; 178 0 89 0 0
ciMethod org/jetbrains/kotlin/fir/declarations/synthetic/FirSyntheticProperty getGetter ()Lorg/jetbrains/kotlin/fir/declarations/synthetic/FirSyntheticPropertyAccessor; 258 0 129 0 0
ciMethod org/jetbrains/kotlin/fir/declarations/synthetic/FirSyntheticProperty getSetter ()Lorg/jetbrains/kotlin/fir/declarations/synthetic/FirSyntheticPropertyAccessor; 256 0 128 0 0
ciMethod org/jetbrains/kotlin/fir/resolve/ToSymbolUtilsKt toSymbol (Lorg/jetbrains/kotlin/fir/types/ConeClassifierLookupTag;Lorg/jetbrains/kotlin/fir/FirSession;)Lorg/jetbrains/kotlin/fir/symbols/impl/FirClassifierSymbol; 512 0 7941 0 -1
ciMethod org/jetbrains/kotlin/fir/resolve/ToSymbolUtilsKt toSymbol (Lorg/jetbrains/kotlin/fir/types/ConeClassLikeLookupTag;Lorg/jetbrains/kotlin/fir/FirSession;)Lorg/jetbrains/kotlin/fir/symbols/impl/FirClassLikeSymbol; 518 0 12607 0 -1
ciMethod org/jetbrains/kotlin/fir/resolve/ToSymbolUtilsKt toSymbol (Lorg/jetbrains/kotlin/fir/types/ConeKotlinType;Lorg/jetbrains/kotlin/fir/FirSession;)Lorg/jetbrains/kotlin/fir/symbols/impl/FirClassifierSymbol; 768 0 12724 0 2816
ciMethod org/jetbrains/kotlin/fir/types/ConeTypeUtilsKt lowerBoundIfFlexible (Lorg/jetbrains/kotlin/fir/types/ConeKotlinType;)Lorg/jetbrains/kotlin/fir/types/ConeRigidType; 768 0 5646 0 -1
ciMethod org/jetbrains/kotlin/fir/declarations/FirTypeAlias getTypeParameters ()Ljava/util/List; 0 0 1 0 -1
ciMethod org/jetbrains/kotlin/fir/declarations/FirTypeAlias getExpandedTypeRef ()Lorg/jetbrains/kotlin/fir/types/FirTypeRef; 0 0 1 0 -1
ciMethod org/jetbrains/kotlin/fir/resolve/TypeExpansionUtilsKt mapParametersToArgumentsOf (Lorg/jetbrains/kotlin/fir/declarations/FirTypeAlias;Lorg/jetbrains/kotlin/fir/types/ConeKotlinType;)Ljava/util/List; 22 26 24 0 0
ciMethod org/jetbrains/kotlin/fir/resolve/TypeExpansionUtilsKt createParametersSubstitutor (Lorg/jetbrains/kotlin/fir/FirSession;Ljava/util/Map;)Lorg/jetbrains/kotlin/fir/resolve/substitution/ConeSubstitutor; 22 0 23 0 0
ciMethod org/jetbrains/kotlin/fir/declarations/impl/FirTypeAliasImpl getTypeParameters ()Ljava/util/List; 264 0 132 0 -1
ciMethod org/jetbrains/kotlin/fir/declarations/impl/FirTypeAliasImpl getExpandedTypeRef ()Lorg/jetbrains/kotlin/fir/types/FirTypeRef; 258 0 129 0 0
ciMethod org/jetbrains/kotlin/fir/types/AbbreviatedTypeAttribute getConeType ()Lorg/jetbrains/kotlin/fir/types/ConeKotlinType; 248 0 120 0 0
ciMethod org/jetbrains/kotlin/fir/types/AbbreviatedTypeAttributeKt getAbbreviatedType (Lorg/jetbrains/kotlin/fir/types/ConeAttributes;)Lorg/jetbrains/kotlin/fir/types/AbbreviatedTypeAttribute; 522 0 46006 0 0
ciMethod org/jetbrains/kotlin/fir/types/AbbreviatedTypeAttributeKt getAbbreviatedType (Lorg/jetbrains/kotlin/fir/types/ConeKotlinType;)Lorg/jetbrains/kotlin/fir/types/ConeKotlinType; 1024 0 44975 0 0
ciMethod org/jetbrains/kotlin/fir/types/AbbreviatedTypeAttributeKt getAbbreviatedTypeOrSelf (Lorg/jetbrains/kotlin/fir/types/ConeKotlinType;)Lorg/jetbrains/kotlin/fir/types/ConeKotlinType; 1024 0 44956 0 288
ciMethodData org/jetbrains/kotlin/fir/resolve/ToSymbolUtilsKt toSymbol (Lorg/jetbrains/kotlin/fir/types/ConeClassLikeLookupTag;Lorg/jetbrains/kotlin/fir/FirSession;)Lorg/jetbrains/kotlin/fir/symbols/impl/FirClassLikeSymbol; 2 12607 orig 80 2 0 0 0 0 0 0 0 0 0 0 0 250 127 0 0 0 1 0 0 0 0 0 0 0 0 0 0 0 0 0 0 0 0 0 0 0 0 0 1 0 0 0 0 0 0 0 0 0 0 0 0 0 0 0 0 0 0 0 0 0 0 0 0 0 0 0 0 0 0 0 0 0 0 0 0 0 0 0 0 data 160 0x30002 0x303c 0x90002 0x303c 0xd0004 0xffffffffffffcfe5 0x0 0x25f71a3a4b0 0xe5 0x25f71a3a560 0x21 0x8000000600100007 0x301b 0x90 0x22 0x140004 0x0 0x0 0x25f71a3a560 0x22 0x0 0x0 0x170005 0x22 0x0 0x0 0x0 0x0 0x0 0x1c0004 0x0 0x0 0x25f71a3a4b0 0x301b 0x0 0x0 0x1f0007 0x0 0x70 0x301b 0x230004 0x0 0x0 0x25f71a3a4b0 0x301b 0x0 0x0 0x260003 0x301b 0x18 0x2c0007 0x0 0x1b0 0x301b 0x300005 0x301b 0x0 0x0 0x0 0x0 0x0 0x350007 0x45b 0x158 0x2bc0 0x440005 0x2bc0 0x0 0x0 0x0 0x0 0x0 0x480007 0x3fe 0x38 0x27c2 0x4c0003 0x27c2 0x18 0x500007 0x3fe 0x38 0x27c2 0x550003 0x27c2 0x18 0x5d0007 0x3fe 0x90 0x27c2 0x690005 0x27c2 0x0 0x0 0x0 0x0 0x0 0x80000001006c0104 0x0 0x0 0x25f71d31f30 0x27c0 0x25f71d31fe0 0x2 0x710002 0x859 0x750005 0x0 0x0 0x25f71a3a4b0 0x859 0x0 0x0 0x780005 0x0 0x0 0x25f71a3c600 0x859 0x0 0x0 0x820004 0x0 0x0 0x25f71a3a4b0 0x859 0x0 0x0 0x850007 0x0 0x70 0x859 0x890004 0x0 0x0 0x25f71a3a4b0 0x859 0x0 0x0 0x8c0003 0x859 0x18 0x910007 0x0 0x48 0x859 0x960002 0x859 0x990003 0x859 0x18 0x0 0x0 0x0 0x0 0x0 0x0 0x9 0x2 0x0 0x0 oops 11 7 org/jetbrains/kotlin/fir/symbols/impl/ConeClassLikeLookupTagImpl 9 org/jetbrains/kotlin/fir/symbols/impl/ConeClassLikeLookupTagWithFixedSymbol 18 org/jetbrains/kotlin/fir/symbols/impl/ConeClassLikeLookupTagWithFixedSymbol 32 org/jetbrains/kotlin/fir/symbols/impl/ConeClassLikeLookupTagImpl 43 org/jetbrains/kotlin/fir/symbols/impl/ConeClassLikeLookupTagImpl 100 org/jetbrains/kotlin/fir/symbols/impl/FirRegularClassSymbol 102 org/jetbrains/kotlin/fir/symbols/impl/FirTypeAliasSymbol 109 org/jetbrains/kotlin/fir/symbols/impl/ConeClassLikeLookupTagImpl 116 org/jetbrains/kotlin/fir/resolve/providers/impl/FirCachingCompositeSymbolProvider 123 org/jetbrains/kotlin/fir/symbols/impl/ConeClassLikeLookupTagImpl 134 org/jetbrains/kotlin/fir/symbols/impl/ConeClassLikeLookupTagImpl methods 0
ciMethodData kotlin/internal/ProgressionUtilKt getProgressionLastElement (III)I 2 5454 orig 80 0 0 0 0 0 0 0 0 0 0 0 0 250 127 0 0 0 0 0 0 0 0 0 0 0 0 0 0 0 0 0 0 0 0 0 0 0 0 0 0 0 0 0 0 0 0 0 0 0 0 0 0 0 0 0 0 0 0 0 0 0 0 0 0 0 0 0 0 0 0 0 0 0 0 0 0 0 0 0 0 data 45 0x20007 0x0 0x80 0x144c 0x70007 0x3 0x38 0x1449 0xb0003 0x1449 0xd0 0x120002 0x3 0x160003 0x3 0xa8 0x1a0007 0x0 0x80 0x0 0x1f0007 0x0 0x38 0x0 0x230003 0x0 0x50 0x2b0002 0x0 0x2f0003 0x0 0x28 0x380002 0x0 0x0 0x0 0x0 0x0 0x0 0x0 0x9 0x3 0x0 0x0 0x0 oops 0 methods 0
ciMethodData kotlin/internal/ProgressionUtilKt differenceModulo (III)I 2 5243 orig 80 0 0 0 0 0 0 0 0 0 0 0 0 250 127 0 0 0 0 0 0 0 0 0 0 0 0 0 0 0 0 0 0 0 0 0 0 0 0 0 0 0 0 0 0 0 0 0 0 0 0 0 0 0 0 0 0 0 0 0 0 0 0 0 0 0 0 0 0 0 0 0 0 0 0 0 0 0 0 0 0 data 17 0x20002 0x1460 0x70002 0x1460 0xc0002 0x1460 0x0 0x0 0x0 0x0 0x0 0x0 0x9 0x3 0x0 0x0 0x0 oops 0 methods 0
ciMethodData kotlin/internal/ProgressionUtilKt mod (II)I 2 15729 orig 80 0 0 0 0 0 0 0 0 0 0 0 0 250 127 0 0 0 0 0 0 0 0 0 0 0 0 0 0 0 0 0 0 0 0 0 0 0 0 0 0 0 0 0 0 0 0 0 0 0 0 0 0 0 0 0 0 0 0 0 0 0 0 0 0 0 0 0 0 0 0 0 0 0 0 0 0 0 0 0 0 data 13 0x50007 0x0 0x38 0x3d20 0x90003 0x3d20 0x18 0x0 0x0 0x9 0x2 0x0 0x0 oops 0 methods 0
ciMethodData kotlin/ranges/IntProgressionIterator <init> (III)V 2 5450 orig 80 0 0 0 0 0 0 0 0 0 0 0 0 250 127 0 0 0 0 0 0 0 0 0 0 0 0 0 0 0 0 0 0 0 0 0 0 0 0 0 0 0 0 0 0 0 0 0 0 0 0 0 0 0 0 0 0 0 0 0 0 0 0 0 0 0 0 0 0 0 0 0 0 0 0 0 0 0 0 0 0 data 40 0x10002 0x143f 0x130007 0x0 0x70 0x143f 0x180007 0x1377 0x38 0xc8 0x1c0003 0xc8 0x68 0x200003 0x1377 0x50 0x250007 0x0 0x38 0x0 0x290003 0x0 0x18 0x350007 0x1377 0x38 0xc8 0x390003 0xc8 0x18 0x0 0x0 0x0 0x0 0x9 0x4 0xe 0x0 0x0 0x0 oops 0 methods 0
ciMethodData kotlin/collections/IntIterator <init> ()V 2 5450 orig 80 0 0 0 0 0 0 0 0 0 0 0 0 250 127 0 0 0 0 0 0 0 0 0 0 0 0 0 0 0 0 0 0 0 0 0 0 0 0 0 0 0 0 0 0 0 0 0 0 0 0 0 0 0 0 0 0 0 0 0 0 0 0 0 0 0 0 0 0 0 0 0 0 0 0 0 0 0 0 0 0 data 7 0x10002 0x143f 0x0 0x0 0x9 0x1 0x0 oops 0 methods 0
ciMethodData org/jetbrains/kotlin/fir/resolve/ToSymbolUtilsKt toSymbol (Lorg/jetbrains/kotlin/fir/types/ConeClassifierLookupTag;Lorg/jetbrains/kotlin/fir/FirSession;)Lorg/jetbrains/kotlin/fir/symbols/impl/FirClassifierSymbol; 2 7941 orig 80 1 0 0 0 1 0 0 0 0 0 0 0 250 127 0 0 0 0 0 0 5 0 0 0 0 0 0 0 0 0 0 0 0 0 0 0 0 0 0 0 0 0 0 0 0 0 0 0 0 0 0 0 0 0 0 0 0 0 0 0 0 0 0 0 0 0 0 0 0 0 0 0 0 0 0 0 0 0 0 0 data 118 0x30002 0x1e05 0x90002 0x1e05 0xf0004 0xffffffffffffffe6 0x0 0x25f71a3a4b0 0x1deb 0x0 0x0 0x120007 0x1a 0xb8 0x1deb 0x8000000400160004 0x0 0x0 0x25f71a3a4b0 0x1deb 0x25f71a3a560 0x5 0x1a0002 0x1df0 0x1d0004 0x0 0x0 0x25f71d31f30 0x65 0x25f71a3a610 0x5 0x200003 0x1df0 0x268 0x240004 0x0 0x0 0x25f71a3a6c0 0x1a 0x0 0x0 0x270007 0x0 0xa8 0x1a 0x2b0004 0x0 0x0 0x25f71a3a6c0 0x1a 0x0 0x0 0x2e0005 0x1a 0x0 0x0 0x0 0x0 0x0 0x310003 0x1a 0x188 0x3c0002 0x0 0x410005 0x0 0x0 0x0 0x0 0x0 0x0 0x450005 0x0 0x0 0x0 0x0 0x0 0x0 0x480005 0x0 0x0 0x0 0x0 0x0 0x0 0x4b0005 0x0 0x0 0x0 0x0 0x0 0x0 0x4e0005 0x0 0x0 0x0 0x0 0x0 0x0 0x510005 0x0 0x0 0x0 0x0 0x0 0x0 0x540002 0x0 0x0 0x0 0x0 0x0 0x0 0x0 0x9 0x2 0x0 0x0 oops 7 7 org/jetbrains/kotlin/fir/symbols/impl/ConeClassLikeLookupTagImpl 18 org/jetbrains/kotlin/fir/symbols/impl/ConeClassLikeLookupTagImpl 20 org/jetbrains/kotlin/fir/symbols/impl/ConeClassLikeLookupTagWithFixedSymbol 27 org/jetbrains/kotlin/fir/symbols/impl/FirRegularClassSymbol 29 org/jetbrains/kotlin/fir/symbols/impl/FirAnonymousObjectSymbol 37 org/jetbrains/kotlin/fir/symbols/ConeTypeParameterLookupTag 48 org/jetbrains/kotlin/fir/symbols/ConeTypeParameterLookupTag methods 0
ciMethodData org/jetbrains/kotlin/fir/symbols/ConeTypeParameterLookupTag getSymbol ()Lorg/jetbrains/kotlin/fir/symbols/impl/FirClassifierSymbol; 1 412 orig 80 0 0 0 0 0 0 0 0 0 0 0 0 250 127 0 0 0 0 0 0 0 0 0 0 0 0 0 0 0 0 0 0 0 0 0 0 0 0 0 0 0 0 0 0 0 0 0 0 0 0 0 0 0 0 0 0 0 0 0 0 0 0 0 0 0 0 0 0 0 0 0 0 0 0 0 0 0 0 0 0 data 23 0x10005 0x19c 0x0 0x0 0x0 0x0 0x0 0x40004 0x0 0x0 0x25f71d2c3f0 0xf0 0x0 0x0 0x0 0x0 0x0 0x0 0x0 0x0 0x9 0x1 0x0 oops 1 10 org/jetbrains/kotlin/fir/symbols/impl/FirTypeParameterSymbol methods 0
ciMethodData org/jetbrains/kotlin/util/NullableArrayMapAccessor getValue (Ljava/lang/Object;Lkotlin/reflect/KProperty;)Ljava/lang/Object; 2 95107 orig 80 0 0 0 0 0 0 0 0 0 0 0 0 250 127 0 0 0 0 0 0 0 0 0 0 0 0 0 0 0 0 0 0 0 0 0 0 0 0 0 0 0 0 0 0 0 0 0 0 0 0 0 0 0 0 0 0 0 0 0 0 0 0 0 0 0 0 0 0 0 0 0 0 0 0 0 0 0 0 0 0 data 25 0x20004 0x0 0x0 0x25f753003c0 0x66b 0x0 0x0 0x60005 0x17280 0x0 0x0 0x0 0x0 0x0 0x0 0x0 0x0 0x0 0x0 0x0 0x9 0x3 0x0 0x0 0x0 oops 1 3 org/jetbrains/kotlin/fir/types/ConeAttributes methods 0
ciMethodData org/jetbrains/kotlin/fir/types/ConeTypeUtilsKt lowerBoundIfFlexible (Lorg/jetbrains/kotlin/fir/types/ConeKotlinType;)Lorg/jetbrains/kotlin/fir/types/ConeRigidType; 2 5646 orig 80 1 0 0 0 0 0 0 0 0 0 0 0 250 127 0 0 0 0 0 0 4 0 0 0 0 0 0 0 0 0 0 0 0 0 0 0 0 0 0 0 0 0 0 0 0 0 0 0 0 0 0 0 0 0 0 0 0 0 0 0 0 0 0 0 0 0 0 0 0 0 0 0 0 0 0 0 0 0 0 0 data 83 0x30002 0x148e 0x90004 0xffffffffffffffeb 0x0 0x25f71d31e80 0x1458 0x25f71d31dd0 0x17 0xc0007 0x15 0x70 0x1479 0x100004 0x0 0x0 0x25f71d31e80 0x1458 0x25f71d31dd0 0x17 0x130003 0x1479 0x1b0 0x8000000400170004 0xfffffffffffffffc 0x0 0x25f71a39de0 0x15 0x25f71a39e90 0x4 0x1a0007 0x4 0xa8 0x15 0x1e0004 0x0 0x0 0x25f71a39de0 0x15 0x0 0x0 0x210005 0x15 0x0 0x0 0x0 0x0 0x0 0x240003 0x15 0xd0 0x280004 0x0 0x0 0x25f71a39e90 0x4 0x0 0x0 0x2b0007 0x0 0x70 0x4 0x2f0004 0x0 0x0 0x25f71a39e90 0x4 0x0 0x0 0x320003 0x4 0x28 0x390002 0x0 0x0 0x0 0x0 0x0 0x0 0x0 0x9 0x1 0x0 oops 9 5 org/jetbrains/kotlin/fir/types/impl/ConeClassLikeTypeImpl 7 org/jetbrains/kotlin/fir/types/impl/ConeTypeParameterTypeImpl 16 org/jetbrains/kotlin/fir/types/impl/ConeClassLikeTypeImpl 18 org/jetbrains/kotlin/fir/types/impl/ConeTypeParameterTypeImpl 26 org/jetbrains/kotlin/fir/types/ConeFlexibleType 28 org/jetbrains/kotlin/fir/types/ConeDefinitelyNotNullType 37 org/jetbrains/kotlin/fir/types/ConeFlexibleType 54 org/jetbrains/kotlin/fir/types/ConeDefinitelyNotNullType 65 org/jetbrains/kotlin/fir/types/ConeDefinitelyNotNullType methods 0
ciMethodData org/jetbrains/kotlin/fir/resolve/ToSymbolUtilsKt toSymbol (Lorg/jetbrains/kotlin/fir/types/ConeKotlinType;Lorg/jetbrains/kotlin/fir/FirSession;)Lorg/jetbrains/kotlin/fir/symbols/impl/FirClassifierSymbol; 2 12724 orig 80 1 0 0 0 0 0 0 0 0 0 0 0 250 127 0 0 0 0 0 0 0 0 0 0 0 0 0 0 0 0 0 0 0 0 0 0 0 0 0 0 0 0 0 0 0 0 0 0 0 0 0 0 0 0 0 0 0 0 0 0 0 0 0 0 0 0 0 0 0 0 0 0 0 0 0 0 0 0 0 0 data 57 0x30002 0x3034 0x90002 0x3034 0xd0002 0x3034 0x120004 0xffffffffffffffff 0x0 0x25f71d31e80 0x2f08 0x25f71d31dd0 0x12b 0x150007 0x1 0x70 0x3033 0x190004 0x0 0x0 0x25f71d31e80 0x2f08 0x25f71d31dd0 0x12b 0x1c0003 0x3033 0x18 0x210007 0x1 0xa0 0x3033 0x240005 0x0 0x0 0x25f71d31e80 0x2f08 0x25f71d31dd0 0x12b 0x280007 0x0 0x48 0x3033 0x2c0002 0x3033 0x2f0003 0x3034 0x18 0x0 0x0 0x0 0x0 0x0 0x0 0x9 0x2 0x0 0xffffffffffffffff oops 6 9 org/jetbrains/kotlin/fir/types/impl/ConeClassLikeTypeImpl 11 org/jetbrains/kotlin/fir/types/impl/ConeTypeParameterTypeImpl 20 org/jetbrains/kotlin/fir/types/impl/ConeClassLikeTypeImpl 22 org/jetbrains/kotlin/fir/types/impl/ConeTypeParameterTypeImpl 34 org/jetbrains/kotlin/fir/types/impl/ConeClassLikeTypeImpl 36 org/jetbrains/kotlin/fir/types/impl/ConeTypeParameterTypeImpl methods 0
ciMethodData org/jetbrains/kotlin/fir/types/FirTypeUtilsKt getConeType (Lorg/jetbrains/kotlin/fir/types/FirTypeRef;)Lorg/jetbrains/kotlin/fir/types/ConeKotlinType; 2 5484 orig 80 0 0 0 0 0 0 0 0 0 0 0 0 250 127 0 0 0 0 0 0 0 0 0 0 0 0 0 0 0 0 0 0 0 0 0 4 0 0 0 0 0 0 0 0 0 0 0 0 0 0 0 0 0 0 0 0 0 0 0 0 0 0 0 0 0 0 0 0 0 0 0 0 0 0 0 0 0 0 0 0 data 187 0x30002 0x1402 0xb0004 0x0 0x0 0x25f6fad6e20 0x1230 0x25f6fad6ed0 0x177 0xe0007 0x0 0x70 0x1402 0x120004 0x0 0x0 0x25f6fad6e20 0x1230 0x25f6fad6ed0 0x177 0x150003 0x1402 0x18 0x1a0007 0x0 0x70 0x1402 0x1d0005 0x5f 0x0 0x25f6fad6e20 0x1230 0x25f6fad6ed0 0x177 0x200003 0x1406 0x18 0x260004 0x0 0x0 0x25f71d31e80 0x1352 0x25f6fad6f80 0x6 0x290007 0x1406 0x20 0x0 0x2f0007 0x1406 0x410 0x0 0x370002 0x0 0x3c0005 0x0 0x0 0x0 0x0 0x0 0x0 0x410002 0x0 0x440005 0x0 0x0 0x0 0x0 0x0 0x0 0x490005 0x0 0x0 0x0 0x0 0x0 0x0 0x4e0005 0x0 0x0 0x0 0x0 0x0 0x0 0x530002 0x0 0x560005 0x0 0x0 0x0 0x0 0x0 0x0 0x5b0005 0x0 0x0 0x0 0x0 0x0 0x0 0x600005 0x0 0x0 0x0 0x0 0x0 0x0 0x640005 0x0 0x0 0x0 0x0 0x0 0x0 0x670002 0x0 0x6a0005 0x0 0x0 0x0 0x0 0x0 0x0 0x6f0005 0x0 0x0 0x0 0x0 0x0 0x0 0x720005 0x0 0x0 0x0 0x0 0x0 0x0 0x870002 0x0 0x8e0004 0x0 0x0 0x0 0x0 0x0 0x0 0x9d0002 0x0 0xb90004 0x0 0x0 0x0 0x0 0x0 0x0 0xbc0002 0x0 0xc70005 0x0 0x0 0x0 0x0 0x0 0x0 0xca0005 0x0 0x0 0x0 0x0 0x0 0x0 0xd20004 0x0 0x0 0x0 0x0 0x0 0x0 0x80000004001d000d 0x25f6fad70e0 0x0 0x0 0x0 0x0 0x9 0x1 0x0 oops 8 5 org/jetbrains/kotlin/fir/types/impl/FirResolvedTypeRefImpl 7 org/jetbrains/kotlin/fir/types/impl/FirImplicitAnyTypeRef 16 org/jetbrains/kotlin/fir/types/impl/FirResolvedTypeRefImpl 18 org/jetbrains/kotlin/fir/types/impl/FirImplicitAnyTypeRef 30 org/jetbrains/kotlin/fir/types/impl/FirResolvedTypeRefImpl 32 org/jetbrains/kotlin/fir/types/impl/FirImplicitAnyTypeRef 40 org/jetbrains/kotlin/fir/types/impl/ConeClassLikeTypeImpl 42 org/jetbrains/kotlin/fir/types/ConeRawType methods 1 179 org/jetbrains/kotlin/fir/analysis/jvm/checkers/expression/FirJvmMissingBuiltInDeclarationChecker check (Lorg/jetbrains/kotlin/fir/expressions/FirStatement;Lorg/jetbrains/kotlin/fir/analysis/checkers/context/CheckerContext;Lorg/jetbrains/kotlin/diagnostics/DiagnosticReporter;)V
ciMethodData org/jetbrains/kotlin/fir/types/TypeComponentsKt getTypeContext (Lorg/jetbrains/kotlin/fir/FirSession;)Lorg/jetbrains/kotlin/fir/types/ConeInferenceContext; 2 58924 orig 80 0 0 0 0 0 0 0 0 0 0 0 0 250 127 0 0 0 0 0 0 0 0 0 0 0 0 0 0 0 0 0 0 0 0 0 0 0 0 0 0 0 0 0 0 0 0 0 0 0 0 0 0 0 0 0 0 0 0 0 0 0 0 0 0 0 0 0 0 0 0 0 0 0 0 0 0 0 0 0 0 data 20 0x30002 0xe52c 0x70002 0xe52c 0xa0005 0xe52c 0x0 0x0 0x0 0x0 0x0 0x0 0x0 0x0 0x0 0x0 0x0 0x9 0x1 0xffffffffffffffff oops 0 methods 0
ciMethodData org/jetbrains/kotlin/fir/symbols/FirLazyDeclarationResolverKt lazyResolveToPhase (Lorg/jetbrains/kotlin/fir/symbols/FirBasedSymbol;Lorg/jetbrains/kotlin/fir/declarations/FirResolvePhase;)V 2 81444 orig 80 0 0 0 0 0 0 0 0 0 0 0 0 250 127 0 0 0 0 0 0 0 0 0 0 0 0 0 0 0 0 0 0 0 0 0 0 0 0 0 0 0 0 0 0 0 0 0 0 0 0 0 0 0 0 0 0 0 0 0 0 0 0 0 0 0 0 0 0 0 0 0 0 0 0 0 0 0 0 0 0 data 30 0x30002 0x13e09 0x90002 0x13e09 0xd0005 0x13e09 0x0 0x0 0x0 0x0 0x0 0x100004 0x0 0x0 0x25f74c91dc0 0x57 0x25f74c91e70 0x71 0x140002 0x13e09 0x0 0x0 0x0 0x0 0x0 0x0 0x9 0x2 0xffffffffffffffff 0xffffffffffffffff oops 2 14 org/jetbrains/kotlin/fir/java/declarations/FirJavaClass 16 org/jetbrains/kotlin/fir/declarations/impl/FirRegularClassImpl methods 0
ciMethodData org/jetbrains/kotlin/fir/symbols/FirLazyDeclarationResolverKt lazyResolveToPhase (Lorg/jetbrains/kotlin/fir/FirElementWithResolveState;Lorg/jetbrains/kotlin/fir/declarations/FirResolvePhase;)V 2 99664 orig 80 0 0 0 0 0 0 0 0 0 0 0 0 250 127 0 0 0 0 0 0 0 0 0 0 0 0 0 0 0 0 0 0 0 0 0 0 0 0 0 0 0 0 0 0 0 0 0 0 0 0 0 0 0 0 0 0 0 0 0 0 0 0 0 0 0 0 0 0 0 0 0 0 0 0 0 0 0 0 0 0 data 23 0x30002 0x18356 0x90002 0x18356 0x110004 0x0 0x0 0x25f74c94f70 0x80 0x0 0x0 0x140002 0x18356 0x0 0x0 0x0 0x0 0x0 0x0 0x9 0x2 0xffffffffffffffff 0xffffffffffffffff oops 1 7 org/jetbrains/kotlin/fir/symbols/FirLazyDeclarationResolverKt$lazyResolveToPhase$1 methods 0
ciMethodData org/jetbrains/kotlin/fir/symbols/FirLazyDeclarationResolverKt invokeLazyResolveToPhase (Lorg/jetbrains/kotlin/fir/FirElementWithResolveState;Lorg/jetbrains/kotlin/fir/declarations/FirResolvePhase;Lkotlin/jvm/functions/Function3;)V 2 13893 orig 80 1 0 0 0 0 0 0 0 0 0 0 0 250 127 0 0 0 0 0 0 0 0 0 0 0 0 0 0 0 0 0 0 0 0 0 0 0 0 0 1 0 0 0 0 0 0 0 0 0 0 0 0 0 0 0 0 0 0 0 0 0 0 0 0 0 0 0 0 0 0 0 0 0 0 0 0 0 0 0 0 data 124 0x30004 0xffffffffffffcbd9 0x0 0x25f74c91e70 0x49 0x25f74c91dc0 0x4c 0x60007 0x3427 0xf0 0x24 0xa0004 0x0 0x0 0x25f6fa5c4b0 0x24 0x0 0x0 0xd0005 0x24 0x0 0x0 0x0 0x0 0x0 0x100004 0x0 0x0 0x25f6fa5e310 0x8 0x0 0x0 0x150002 0x24 0x180003 0x24 0x278 0x1c0004 0xffffffffffffcbe9 0x0 0x25f74c91e70 0x49 0x25f74c91dc0 0x4c 0x80000006001f0007 0x3417 0x1e0 0x11 0x230004 0x0 0x0 0x25f6fa5c8d0 0x11 0x0 0x0 0x260005 0x11 0x0 0x0 0x0 0x0 0x0 0x290004 0x0 0x0 0x25f6fa5c4b0 0x4 0x0 0x0 0x2e0002 0x11 0x320004 0x0 0x0 0x25f6fa5c8d0 0x11 0x0 0x0 0x350005 0x11 0x0 0x0 0x0 0x0 0x0 0x390007 0xf 0x80 0x2 0x3c0004 0x0 0x0 0x0 0x0 0x0 0x0 0x410002 0x2 0x440003 0x2 0x78 0x480003 0xf 0x60 0x4d0002 0x3417 0x520005 0x0 0x0 0x25f74c94f70 0x3417 0x0 0x0 0x0 0x0 0x0 0x0 0x0 0x0 0x9 0x3 0xffffffffffffffff 0xffffffffffffffff 0xffffffffffffffff oops 10 3 org/jetbrains/kotlin/fir/declarations/impl/FirRegularClassImpl 5 org/jetbrains/kotlin/fir/java/declarations/FirJavaClass 14 org/jetbrains/kotlin/fir/declarations/synthetic/FirSyntheticPropertyAccessor 28 org/jetbrains/kotlin/fir/declarations/impl/FirSimpleFunctionImpl 40 org/jetbrains/kotlin/fir/declarations/impl/FirRegularClassImpl 42 org/jetbrains/kotlin/fir/java/declarations/FirJavaClass 51 org/jetbrains/kotlin/fir/declarations/synthetic/FirSyntheticProperty 65 org/jetbrains/kotlin/fir/declarations/synthetic/FirSyntheticPropertyAccessor 74 org/jetbrains/kotlin/fir/declarations/synthetic/FirSyntheticProperty 109 org/jetbrains/kotlin/fir/symbols/FirLazyDeclarationResolverKt$lazyResolveToPhase$1 methods 0
ciMethodData org/jetbrains/kotlin/fir/symbols/FirLazyDeclarationResolverKt getLazyDeclarationResolver (Lorg/jetbrains/kotlin/fir/FirElementWithResolveState;)Lorg/jetbrains/kotlin/fir/symbols/FirLazyDeclarationResolver; 2 19443 orig 80 0 0 0 0 0 0 0 0 0 0 0 0 250 127 0 0 0 0 0 0 0 0 0 0 0 0 0 0 0 0 0 0 0 0 0 0 0 0 0 0 0 0 0 0 0 0 0 0 0 0 0 0 0 0 0 0 0 0 0 0 0 0 0 0 0 0 0 0 0 0 0 0 0 0 0 0 0 0 0 0 data 25 0x10005 0x1878 0x0 0x25f74c91e70 0x28ae 0x25f74c91dc0 0x8ce 0x40005 0x0 0x0 0x25f6fa62d80 0x49f4 0x0 0x0 0x70002 0x49f4 0x0 0x0 0x0 0x0 0x0 0x0 0x9 0x1 0xffffffffffffffff oops 3 3 org/jetbrains/kotlin/fir/declarations/impl/FirRegularClassImpl 5 org/jetbrains/kotlin/fir/java/declarations/FirJavaClass 10 org/jetbrains/kotlin/fir/FirModuleDataImpl methods 0
ciMethodData org/jetbrains/kotlin/fir/symbols/FirLazyDeclarationResolverKt$lazyResolveToPhase$1 invoke (Ljava/lang/Object;Ljava/lang/Object;Ljava/lang/Object;)Ljava/lang/Object; 2 5823 orig 80 0 0 0 0 0 0 0 0 0 0 0 0 250 127 0 0 0 0 0 0 0 0 0 0 0 0 0 0 0 0 0 0 0 0 0 0 0 0 0 0 0 0 0 0 0 0 0 0 0 0 0 0 0 0 0 0 0 0 0 0 0 0 0 0 0 0 0 0 0 0 0 0 0 0 0 0 0 0 0 0 data 40 0x20004 0x0 0x0 0x25f6fa62b40 0x14c0 0x0 0x0 0x60004 0x0 0x0 0x25f74c91e70 0x749 0x25f74c91dc0 0x5ed 0xa0004 0x0 0x0 0x25f7260c5b0 0x14c0 0x0 0x0 0xd0005 0x14c0 0x0 0x0 0x0 0x0 0x0 0x0 0x0 0x0 0x0 0x0 0x0 0x9 0x4 0x0 0x0 0x0 0x0 oops 4 3 org/jetbrains/kotlin/fir/resolve/transformers/FirDummyCompilerLazyDeclarationResolver 10 org/jetbrains/kotlin/fir/declarations/impl/FirRegularClassImpl 12 org/jetbrains/kotlin/fir/java/declarations/FirJavaClass 17 org/jetbrains/kotlin/fir/declarations/FirResolvePhase methods 0
ciMethodData org/jetbrains/kotlin/fir/symbols/FirLazyDeclarationResolverKt$lazyResolveToPhase$1 invoke (Lorg/jetbrains/kotlin/fir/symbols/FirLazyDeclarationResolver;Lorg/jetbrains/kotlin/fir/FirElementWithResolveState;Lorg/jetbrains/kotlin/fir/declarations/FirResolvePhase;)V 2 5823 orig 80 0 0 0 0 0 0 0 0 0 0 0 0 250 127 0 0 0 0 0 0 0 0 0 0 0 0 0 0 0 0 0 0 0 0 0 0 0 0 0 0 0 0 0 0 0 0 0 0 0 0 0 0 0 0 0 0 0 0 0 0 0 0 0 0 0 0 0 0 0 0 0 0 0 0 0 0 0 0 0 0 data 25 0x30002 0x14c0 0x90002 0x14c0 0xf0002 0x14c0 0x150005 0x14bf 0x0 0x25f6fa62b40 0x1 0x0 0x0 0x0 0x0 0x0 0x0 0x0 0x0 0x9 0x4 0x0 0x0 0x0 0x0 oops 1 9 org/jetbrains/kotlin/fir/resolve/transformers/FirDummyCompilerLazyDeclarationResolver methods 0
ciMethodData org/jetbrains/kotlin/fir/resolve/transformers/FirDummyCompilerLazyDeclarationResolver lazyResolveToPhase (Lorg/jetbrains/kotlin/fir/FirElementWithResolveState;Lorg/jetbrains/kotlin/fir/declarations/FirResolvePhase;)V 2 5823 orig 80 0 0 0 0 0 0 0 0 0 0 0 0 250 127 0 0 0 0 0 0 0 0 0 0 0 0 0 0 0 0 0 0 0 0 0 0 0 0 0 0 0 0 0 0 0 0 0 0 0 0 0 0 0 0 0 0 0 0 0 0 0 0 0 0 0 0 0 0 0 0 0 0 0 0 0 0 0 0 0 0 data 15 0x30002 0x14c0 0x90002 0x14c0 0x0 0x0 0x0 0x0 0x0 0x0 0x9 0x3 0x0 0x0 0x0 oops 0 methods 0
ciMethod org/jetbrains/kotlin/fir/analysis/checkers/FirHelpersKt extractArgumentsTypeRefAndSource (Lorg/jetbrains/kotlin/fir/types/FirTypeRef;)Ljava/util/List; 778 754 5828 0 9312
ciMethodData org/jetbrains/kotlin/fir/types/ConeKotlinType getKind ()Lorg/jetbrains/kotlin/fir/types/ProjectionKind; 2 1557 orig 80 0 0 0 0 0 0 0 0 0 0 0 0 250 127 0 0 0 0 0 0 0 0 0 0 0 0 0 0 0 0 0 0 0 0 0 0 0 0 0 0 0 0 0 0 0 0 0 0 0 0 0 0 0 0 0 0 0 0 0 0 0 0 0 0 0 0 0 0 0 0 0 0 0 0 0 0 0 0 0 0 data 5 0x0 0x0 0x9 0x1 0x0 oops 0 methods 0
ciMethodData org/jetbrains/kotlin/fir/resolve/substitution/AbstractConeSubstitutor <init> (Lorg/jetbrains/kotlin/fir/types/ConeTypeContext;)V 2 8625 orig 80 0 0 0 0 0 0 0 0 0 0 0 0 250 127 0 0 0 0 0 0 0 0 0 0 0 0 0 0 0 0 0 0 0 0 0 0 0 0 0 0 0 0 0 0 0 0 0 0 0 0 0 0 0 0 0 0 0 0 0 0 0 0 0 0 0 0 0 0 0 0 0 0 0 0 0 0 0 0 0 0 data 14 0x30002 0x20dd 0x70002 0x20dd 0x0 0x0 0x0 0x0 0x0 0x0 0x9 0x2 0x6 0x0 oops 0 methods 0
ciMethod org/jetbrains/kotlin/fir/resolve/TypeExpansionUtilsKt$createParametersSubstitutor$1 <init> (Ljava/util/Map;Lorg/jetbrains/kotlin/fir/types/ConeInferenceContext;)V 46 0 23 0 -1
ciMethodData kotlin/collections/IntIterator next ()Ljava/lang/Object; 2 20305 orig 80 0 0 0 0 0 0 0 0 0 0 0 0 250 127 0 0 0 0 0 0 0 0 0 0 0 0 0 0 0 0 0 0 0 0 0 0 0 0 0 0 0 0 0 0 0 0 0 0 0 0 0 0 0 0 0 0 0 0 0 0 0 0 0 0 0 0 0 0 0 0 0 0 0 0 0 0 0 0 0 0 data 18 0x10005 0x0 0x0 0x25f71d321f0 0x4e4c 0x0 0x0 0x40002 0x4e4c 0x0 0x0 0x0 0x0 0x0 0x0 0x9 0x1 0x0 oops 1 3 kotlin/ranges/IntProgressionIterator methods 0
ciMethodData kotlin/collections/CollectionsKt__CollectionsKt getIndices (Ljava/util/Collection;)Lkotlin/ranges/IntRange; 1 639 orig 80 0 0 0 0 0 0 0 0 0 0 0 0 250 127 0 0 0 0 0 0 0 0 0 0 0 0 0 0 0 0 0 0 0 0 0 0 0 0 0 0 0 0 0 0 0 0 0 0 0 0 0 0 0 0 0 0 0 0 0 0 0 0 0 0 0 0 0 0 0 0 0 0 0 0 0 0 0 0 0 0 data 20 0x30002 0xff 0xc0005 0x0 0x0 0x25f293b87e0 0xff 0x0 0x0 0x130002 0xff 0x0 0x0 0x0 0x0 0x0 0x0 0x9 0x1 0x0 oops 1 5 java/util/ArrayList methods 0
ciMethodData org/jetbrains/kotlin/fir/types/AbbreviatedTypeAttributeKt getAbbreviatedType (Lorg/jetbrains/kotlin/fir/types/ConeAttributes;)Lorg/jetbrains/kotlin/fir/types/AbbreviatedTypeAttribute; 2 46012 orig 80 0 0 0 0 0 0 0 0 0 0 0 0 250 127 0 0 0 0 0 0 0 0 0 0 0 0 0 0 0 0 0 0 0 0 0 0 0 0 0 0 0 0 0 0 0 0 0 0 0 0 0 0 0 0 0 0 0 0 0 0 0 0 0 0 0 0 0 0 0 0 0 0 0 0 0 0 0 0 0 0 data 25 0x30002 0xb2b7 0xf0005 0x0 0x0 0x25f75303510 0xb2b7 0x0 0x0 0x140104 0x0 0x0 0x25f75300630 0x29 0x0 0x0 0x0 0x0 0x0 0x0 0x0 0x0 0x9 0x1 0x0 oops 2 5 org/jetbrains/kotlin/util/NullableArrayMapAccessor 12 org/jetbrains/kotlin/fir/types/AbbreviatedTypeAttribute methods 0
ciMethodData org/jetbrains/kotlin/fir/types/AbbreviatedTypeAttributeKt getAbbreviatedTypeOrSelf (Lorg/jetbrains/kotlin/fir/types/ConeKotlinType;)Lorg/jetbrains/kotlin/fir/types/ConeKotlinType; 2 44975 orig 80 0 0 0 0 0 0 0 0 0 0 0 0 250 127 0 0 0 0 0 0 0 0 0 0 0 0 0 0 0 0 0 0 0 0 0 0 0 0 0 0 0 0 0 0 0 0 0 0 0 0 0 0 0 0 0 0 0 0 0 0 0 0 0 0 0 0 0 0 0 0 0 0 0 0 0 0 0 0 0 0 data 17 0x30002 0xadb0 0x70002 0xadb0 0xb0007 0x29 0x20 0xad87 0x0 0x0 0x0 0x0 0x0 0x0 0x9 0x1 0xffffffffffffffff oops 0 methods 0
ciMethodData org/jetbrains/kotlin/fir/types/AbbreviatedTypeAttributeKt getAbbreviatedType (Lorg/jetbrains/kotlin/fir/types/ConeKotlinType;)Lorg/jetbrains/kotlin/fir/types/ConeKotlinType; 2 44975 orig 80 0 0 0 0 0 0 0 0 0 0 0 0 250 127 0 0 0 0 0 0 0 0 0 0 0 0 0 0 0 0 0 0 0 0 0 0 0 0 0 0 0 0 0 0 0 0 0 0 0 0 0 0 0 0 0 0 0 0 0 0 0 0 0 0 0 0 0 0 0 0 0 0 0 0 0 0 0 0 0 0 data 34 0x30002 0xadb0 0x70005 0x244 0x0 0x25f71d31e80 0xaa23 0x25f71d31dd0 0x149 0xa0002 0xadb0 0xe0007 0xad87 0x70 0x29 0x110005 0x29 0x0 0x0 0x0 0x0 0x0 0x140003 0x29 0x18 0x0 0x0 0x0 0x0 0x0 0x0 0x9 0x1 0xffffffffffffffff oops 2 5 org/jetbrains/kotlin/fir/types/impl/ConeClassLikeTypeImpl 7 org/jetbrains/kotlin/fir/types/impl/ConeTypeParameterTypeImpl methods 0
ciMethod org/jetbrains/kotlin/fir/analysis/checkers/FirTypeRefSource <init> (Lorg/jetbrains/kotlin/fir/types/FirTypeRef;Lorg/jetbrains/kotlin/KtSourceElement;)V 212 0 1244 0 -1
ciMethod org/jetbrains/kotlin/fir/analysis/checkers/type/FirProjectionRelationChecker$TypeArgumentData <init> (Lorg/jetbrains/kotlin/fir/types/ConeKotlinType;ILorg/jetbrains/kotlin/fir/types/ConeTypeProjection;Lorg/jetbrains/kotlin/fir/analysis/checkers/FirTypeRefSource;)V 84 0 375 0 0
ciMethod org/jetbrains/kotlin/fir/analysis/checkers/type/FirProjectionRelationChecker$TypeArgumentData getProjection ()Lorg/jetbrains/kotlin/fir/types/ConeTypeProjection; 84 0 42 0 0
ciMethod org/jetbrains/kotlin/fir/analysis/checkers/type/FirProjectionRelationChecker$TypeArgumentData getSource ()Lorg/jetbrains/kotlin/fir/analysis/checkers/FirTypeRefSource; 4 0 2 0 0
ciMethodData org/jetbrains/kotlin/fir/analysis/checkers/FirHelpersKt extractArgumentsTypeRefAndSource (Lorg/jetbrains/kotlin/fir/types/FirTypeRef;)Ljava/util/List; 2 5828 orig 80 0 0 0 0 0 0 0 0 0 0 0 0 250 127 0 0 0 0 0 0 0 0 0 0 0 0 0 0 0 0 0 0 0 0 0 0 0 0 0 0 0 0 0 0 0 0 0 0 0 0 0 0 0 0 0 0 0 0 0 0 0 0 0 0 0 0 0 0 0 0 0 0 0 0 0 0 0 0 0 0 data 349 0x10104 0x0 0x0 0x25f6fad6e20 0x13ba 0x25f6fad6ed0 0xae 0x40007 0x151c 0x20 0x23 0xd0002 0x151c 0x100004 0x0 0x0 0x0 0x0 0x0 0x0 0x150004 0x0 0x0 0x25f6fad6e20 0x13ba 0x25f6fad6ed0 0xae 0x180005 0xb4 0x0 0x25f6fad6e20 0x13ba 0x25f6fad6ed0 0xae 0x1d0104 0xffffffffffffff87 0x0 0x25f71a38cd0 0xe75 0x0 0x0 0x200007 0x6a7 0x490 0xe75 0x240004 0x0 0x0 0x25f71a38cd0 0xe75 0x0 0x0 0x270005 0x0 0x0 0x25f71a38cd0 0xe75 0x0 0x0 0x2c0005 0x0 0x0 0x25f293b87e0 0xe75 0x0 0x0 0x380007 0xe75 0x890 0xf54 0x3e0005 0x0 0x0 0x25f293b87e0 0xf54 0x0 0x0 0x430004 0x0 0x0 0x25f71a38d80 0xf54 0x0 0x0 0x460005 0x0 0x0 0x25f71a38d80 0xf54 0x0 0x0 0x4b0005 0x0 0x0 0x25f71a38e30 0xf54 0x0 0x0 0x500005 0x0 0x0 0x25f293b87e0 0xf54 0x0 0x0 0x590005 0x0 0x0 0x25f71d31bc0 0x1057 0x0 0x0 0x5e0007 0xf54 0x240 0x103 0x630005 0x0 0x0 0x25f71d31bc0 0x103 0x0 0x0 0x680004 0x0 0x0 0x25f71a38ee0 0xff 0x25f71a38f90 0x4 0x740004 0xfffffffffffffffc 0x0 0x25f71a38ee0 0xff 0x0 0x0 0x770007 0x4 0x70 0xff 0x7c0004 0x0 0x0 0x25f71a38ee0 0xff 0x0 0x0 0x7f0003 0xff 0x18 0x840007 0x4 0x70 0xff 0x870005 0xff 0x0 0x0 0x0 0x0 0x0 0x8a0003 0xff 0x18 0x910005 0x0 0x0 0x25f71a38ee0 0xff 0x25f71a38f90 0x4 0x940002 0x103 0x970005 0x0 0x0 0x25f293b87e0 0x103 0x0 0x0 0x9d0003 0x103 0xfffffffffffffda0 0xa30003 0xf54 0xfffffffffffffc50 0xa70104 0x0 0x0 0x25f71a39040 0x79 0x0 0x0 0xaa0007 0x62e 0x490 0x79 0xae0004 0x0 0x0 0x25f71a39040 0x79 0x0 0x0 0xb10005 0x79 0x0 0x0 0x0 0x0 0x0 0xb60004 0x0 0x0 0x25f71a39040 0x79 0x0 0x0 0xb90005 0x79 0x0 0x0 0x0 0x0 0x0 0xbd0007 0x79 0xb8 0x0 0xce0005 0x0 0x0 0x0 0x0 0x0 0x0 0xd10002 0x0 0xd40005 0x0 0x0 0x0 0x0 0x0 0x0 0xda0003 0x0 0x18 0xe00005 0x0 0x0 0x25f293b87e0 0x79 0x0 0x0 0xe90005 0x0 0x0 0x25f71d31bc0 0xc4 0x0 0x0 0xee0007 0x79 0x160 0x4b 0xf30005 0x0 0x0 0x25f71d31bc0 0x4b 0x0 0x0 0xf80004 0x0 0x0 0x25f71a390f0 0x4b 0x0 0x0 0xff0005 0x4b 0x0 0x0 0x0 0x0 0x0 0x10d0005 0x0 0x0 0x25f6fad6e20 0x4b 0x0 0x0 0x1100002 0x4b 0x1130005 0x0 0x0 0x25f293b87e0 0x4b 0x0 0x0 0x1190003 0x4b 0xfffffffffffffe80 0x11d0004 0x0 0x0 0x25f71a39040 0x79 0x0 0x0 0x1200005 0x79 0x0 0x0 0x0 0x0 0x0 0x12e0005 0x0 0x0 0x25f6fad6e20 0x79 0x0 0x0 0x1310002 0x79 0x1340005 0x0 0x0 0x25f293b87e0 0x79 0x0 0x0 0x13a0003 0x79 0x18 0x0 0x0 0x0 0x0 0x0 0x0 0x9 0x1 0x0 oops 36 3 org/jetbrains/kotlin/fir/types/impl/FirResolvedTypeRefImpl 5 org/jetbrains/kotlin/fir/types/impl/FirImplicitAnyTypeRef 23 org/jetbrains/kotlin/fir/types/impl/FirResolvedTypeRefImpl 25 org/jetbrains/kotlin/fir/types/impl/FirImplicitAnyTypeRef 30 org/jetbrains/kotlin/fir/types/impl/FirResolvedTypeRefImpl 32 org/jetbrains/kotlin/fir/types/impl/FirImplicitAnyTypeRef 37 org/jetbrains/kotlin/fir/types/impl/FirUserTypeRefImpl 48 org/jetbrains/kotlin/fir/types/impl/FirUserTypeRefImpl 55 org/jetbrains/kotlin/fir/types/impl/FirUserTypeRefImpl 62 java/util/ArrayList 73 java/util/ArrayList 80 org/jetbrains/kotlin/fir/types/impl/FirQualifierPartImpl 87 org/jetbrains/kotlin/fir/types/impl/FirQualifierPartImpl 94 org/jetbrains/kotlin/fir/types/impl/FirTypeArgumentListImpl 101 java/util/ArrayList 108 java/util/ArrayList$Itr 119 java/util/ArrayList$Itr 126 org/jetbrains/kotlin/fir/types/impl/FirTypeProjectionWithVarianceImpl 128 org/jetbrains/kotlin/fir/types/impl/FirStarProjectionImpl 133 org/jetbrains/kotlin/fir/types/impl/FirTypeProjectionWithVarianceImpl 144 org/jetbrains/kotlin/fir/types/impl/FirTypeProjectionWithVarianceImpl 168 org/jetbrains/kotlin/fir/types/impl/FirTypeProjectionWithVarianceImpl 170 org/jetbrains/kotlin/fir/types/impl/FirStarProjectionImpl 177 java/util/ArrayList 190 org/jetbrains/kotlin/fir/types/impl/FirFunctionTypeRefImpl 201 org/jetbrains/kotlin/fir/types/impl/FirFunctionTypeRefImpl 215 org/jetbrains/kotlin/fir/types/impl/FirFunctionTypeRefImpl 252 java/util/ArrayList 259 java/util/ArrayList$Itr 270 java/util/ArrayList$Itr 277 org/jetbrains/kotlin/fir/impl/FirFunctionTypeParameterImpl 291 org/jetbrains/kotlin/fir/types/impl/FirResolvedTypeRefImpl 300 java/util/ArrayList 310 org/jetbrains/kotlin/fir/types/impl/FirFunctionTypeRefImpl 324 org/jetbrains/kotlin/fir/types/impl/FirResolvedTypeRefImpl 333 java/util/ArrayList methods 0
ciMethodData kotlin/collections/ArraysKt___ArraysKt zip ([Ljava/lang/Object;Ljava/lang/Iterable;)Ljava/util/List; 2 4090 orig 80 0 0 0 0 0 0 0 0 0 0 0 0 250 127 0 0 0 0 0 0 0 0 0 0 0 0 0 0 0 0 0 0 0 0 0 0 0 0 0 0 0 0 0 0 0 0 0 0 0 0 0 0 0 0 0 0 0 0 0 0 0 0 0 0 0 0 0 0 0 0 0 0 0 0 0 0 0 0 0 0 data 68 0x30002 0xefa 0xa0002 0xefa 0x1c0002 0xefa 0x210002 0xefa 0x240002 0xefa 0x2d0005 0x0 0x0 0x25f293b87e0 0xefa 0x0 0x0 0x360005 0x0 0x0 0x25f71d31bc0 0x1049 0x0 0x0 0x3b0007 0xefa 0xd8 0x14f 0x400005 0x0 0x0 0x25f71d31bc0 0x14f 0x0 0x0 0x4b0007 0x0 0x80 0x14f 0x660002 0x14f 0x6c0005 0x0 0x0 0x25f293b87e0 0x14f 0x0 0x0 0x700003 0x14f 0xffffffffffffff08 0x750004 0x0 0x0 0x25f293b87e0 0x2 0x0 0x0 0x0 0x0 0x0 0x0 0x0 0x0 0x9 0x2 0x0 0x0 oops 5 13 java/util/ArrayList 20 java/util/ArrayList$Itr 31 java/util/ArrayList$Itr 44 java/util/ArrayList 54 java/util/ArrayList methods 0
ciMethodData org/jetbrains/kotlin/fir/analysis/checkers/type/FirProjectionRelationChecker collectPotentiallyProblematicArguments (Lorg/jetbrains/kotlin/fir/types/FirTypeRef;Lorg/jetbrains/kotlin/fir/FirSession;)Ljava/util/List; 2 5507 orig 80 0 0 0 0 0 0 0 0 0 0 0 0 250 127 0 0 0 0 0 0 0 0 0 0 0 0 0 0 0 0 0 0 0 0 0 0 0 0 0 0 0 0 0 0 0 0 0 0 0 0 0 0 0 0 0 0 0 0 0 0 0 0 0 0 0 0 0 0 0 0 0 0 0 0 0 0 0 0 0 0 data 763 0x20002 0x1403 0x50004 0x0 0x0 0x25f293b87e0 0xef0 0x25f71d31b10 0x513 0x150002 0x1403 0x180004 0x0 0x0 0x25f293b87e0 0x2 0x0 0x0 0x220005 0x0 0x0 0x25f293b87e0 0xef0 0x25f71d31b10 0x513 0x2b0005 0x0 0x0 0x25f71d31bc0 0x103f 0x25f71d31c70 0x513 0x300007 0x1403 0x180 0x14f 0x350005 0x0 0x0 0x25f71d31bc0 0x14f 0x0 0x0 0x3e0004 0x0 0x0 0x25f71d31d20 0x14f 0x0 0x0 0x4b0005 0x14f 0x0 0x0 0x0 0x0 0x0 0x4e0005 0x4 0x0 0x25f71d31dd0 0xa 0x25f71d31e80 0x141 0x510002 0x14f 0x540007 0x14d 0xfffffffffffffeb8 0x2 0x5b0005 0x0 0x0 0x25f293b87e0 0x2 0x0 0x0 0x610003 0x2 0xfffffffffffffe60 0x660004 0x0 0x0 0x25f293b87e0 0x2 0x0 0x0 0x6c0002 0x1403 0x6f0002 0x1403 0x770002 0x1403 0x7e0104 0xffffffffffffebff 0x0 0x25f71d31f30 0x2 0x25f71d31fe0 0x1 0x810007 0x1 0x20 0x1402 0x870004 0x0 0x0 0x0 0x0 0x0 0x0 0x930002 0x1 0x960002 0x1 0x9b0002 0x1 0xaa0002 0x1 0xad0004 0x0 0x0 0x0 0x0 0x0 0x0 0xb70005 0x0 0x0 0x25f293b87e0 0x1 0x0 0x0 0xc00005 0x0 0x0 0x25f71d31bc0 0x1 0x0 0x0 0xc50007 0x1 0x188 0x0 0xca0005 0x0 0x0 0x0 0x0 0x0 0x0 0xd50004 0x0 0x0 0x0 0x0 0x0 0x0 0xe10005 0x0 0x0 0x0 0x0 0x0 0x0 0xe90004 0x0 0x0 0x0 0x0 0x0 0x0 0xf70005 0x0 0x0 0x0 0x0 0x0 0x0 0x1020005 0x0 0x0 0x0 0x0 0x0 0x0 0x1080003 0x0 0xfffffffffffffe58 0x1100002 0x1 0x1230004 0x0 0x0 0x25f71d31fe0 0x1 0x0 0x0 0x12b0004 0x0 0x0 0x0 0x0 0x0 0x0 0x1360004 0x0 0x0 0x0 0x0 0x0 0x0 0x13c0002 0x1 0x1410005 0x1 0x0 0x0 0x0 0x0 0x0 0x1440004 0x0 0x0 0x25f71d32090 0x1 0x0 0x0 0x14d0002 0x1 0x1540004 0x0 0x0 0x25f293b87e0 0x1 0x0 0x0 0x1570002 0x1 0x15e0004 0x0 0x0 0x0 0x0 0x0 0x0 0x1720002 0x1 0x1750002 0x1 0x1780004 0x0 0x0 0x0 0x0 0x0 0x0 0x1820005 0x0 0x0 0x25f71d32140 0x1 0x0 0x0 0x18b0005 0x0 0x0 0x25f71d321f0 0x1 0x0 0x0 0x1900007 0x1 0x188 0x0 0x1950004 0x0 0x0 0x0 0x0 0x0 0x0 0x1980005 0x0 0x0 0x0 0x0 0x0 0x0 0x1ac0005 0x0 0x0 0x0 0x0 0x0 0x0 0x1b20005 0x0 0x0 0x0 0x0 0x0 0x0 0x1b70004 0x0 0x0 0x0 0x0 0x0 0x0 0x1bd0005 0x0 0x0 0x0 0x0 0x0 0x0 0x1c30003 0x0 0xfffffffffffffe58 0x1c80004 0x0 0x0 0x0 0x0 0x0 0x0 0x1d00004 0x0 0x0 0x25f71d32140 0x1 0x0 0x0 0x1e00002 0x1 0x1e30004 0x0 0x0 0x0 0x0 0x0 0x0 0x1ed0005 0x0 0x0 0x25f71d32140 0x1 0x0 0x0 0x1f60005 0x0 0x0 0x25f71d321f0 0x1 0x0 0x0 0x1fb0007 0x1 0x1a8 0x0 0x2000005 0x0 0x0 0x0 0x0 0x0 0x0 0x2090004 0x0 0x0 0x0 0x0 0x0 0x0 0x20c0005 0x0 0x0 0x0 0x0 0x0 0x0 0x2180005 0x0 0x0 0x0 0x0 0x0 0x0 0x21d0007 0x0 0x38 0x0 0x2210003 0x0 0x18 0x2250007 0x0 0xfffffffffffffe90 0x0 0x22c0005 0x0 0x0 0x0 0x0 0x0 0x0 0x2320003 0x0 0xfffffffffffffe38 0x2370004 0x0 0x0 0x0 0x0 0x0 0x0 0x2460004 0x0 0x0 0x0 0x0 0x0 0x0 0x2490005 0x0 0x0 0x25f293b87e0 0x1 0x0 0x0 0x24e0007 0x1 0x38 0x0 0x2520003 0x0 0x18 0x2570007 0x1 0x38 0x0 0x25c0003 0x0 0x18 0x2610007 0x0 0x38 0x1 0x2650003 0x1 0x968 0x26c0004 0x0 0x0 0x0 0x0 0x0 0x0 0x2780002 0x0 0x27b0002 0x0 0x2800002 0x0 0x28f0002 0x0 0x2920004 0x0 0x0 0x0 0x0 0x0 0x0 0x29c0005 0x0 0x0 0x0 0x0 0x0 0x0 0x2a50005 0x0 0x0 0x0 0x0 0x0 0x0 0x2aa0007 0x0 0x348 0x0 0x2af0005 0x0 0x0 0x0 0x0 0x0 0x0 0x2ba0004 0x0 0x0 0x0 0x0 0x0 0x0 0x2bd0005 0x0 0x0 0x0 0x0 0x0 0x0 0x2cb0005 0x0 0x0 0x0 0x0 0x0 0x0 0x2d00004 0x0 0x0 0x0 0x0 0x0 0x0 0x2d30005 0x0 0x0 0x0 0x0 0x0 0x0 0x2d60004 0x0 0x0 0x0 0x0 0x0 0x0 0x2de0004 0x0 0x0 0x0 0x0 0x0 0x0 0x2e10005 0x0 0x0 0x0 0x0 0x0 0x0 0x2f10005 0x0 0x0 0x0 0x0 0x0 0x0 0x2f60004 0x0 0x0 0x0 0x0 0x0 0x0 0x2f90005 0x0 0x0 0x0 0x0 0x0 0x0 0x2fc0004 0x0 0x0 0x0 0x0 0x0 0x0 0x3070005 0x0 0x0 0x0 0x0 0x0 0x0 0x30d0003 0x0 0xfffffffffffffc98 0x3180002 0x0 0x31f0004 0x0 0x0 0x0 0x0 0x0 0x0 0x32b0002 0x0 0x32e0002 0x0 0x3330002 0x0 0x3420002 0x0 0x3450004 0x0 0x0 0x0 0x0 0x0 0x0 0x34f0005 0x0 0x0 0x0 0x0 0x0 0x0 0x3580005 0x0 0x0 0x0 0x0 0x0 0x0 0x35d0007 0x0 0x340 0x0 0x3620005 0x0 0x0 0x0 0x0 0x0 0x0 0x36d0004 0x0 0x0 0x0 0x0 0x0 0x0 0x3700005 0x0 0x0 0x0 0x0 0x0 0x0 0x37e0005 0x0 0x0 0x0 0x0 0x0 0x0 0x3830004 0x0 0x0 0x0 0x0 0x0 0x0 0x3860005 0x0 0x0 0x0 0x0 0x0 0x0 0x3890004 0x0 0x0 0x0 0x0 0x0 0x0 0x3910004 0x0 0x0 0x0 0x0 0x0 0x0 0x3940005 0x0 0x0 0x0 0x0 0x0 0x0 0x3a40005 0x0 0x0 0x0 0x0 0x0 0x0 0x3a90004 0x0 0x0 0x0 0x0 0x0 0x0 0x3ad0007 0x0 0x68 0x0 0x3b80005 0x0 0x0 0x0 0x0 0x0 0x0 0x3bb0002 0x0 0x3c70005 0x0 0x0 0x0 0x0 0x0 0x0 0x3cd0003 0x0 0xfffffffffffffca0 0x3d90005 0x0 0x0 0x0 0x0 0x0 0x0 0x3dc0002 0x0 0x3df0002 0x0 0x3e60002 0x0 0x3ee0002 0x0 0x3f50002 0x1 0x0 0x0 0x0 0x0 0x0 0x0 0x9 0x3 0x0 0x0 0x0 oops 26 5 java/util/ArrayList 7 kotlin/collections/EmptyList 14 java/util/ArrayList 21 java/util/ArrayList 23 kotlin/collections/EmptyList 28 java/util/ArrayList$Itr 30 kotlin/collections/EmptyIterator 39 java/util/ArrayList$Itr 46 org/jetbrains/kotlin/fir/analysis/checkers/type/FirProjectionRelationChecker$TypeArgumentData 60 org/jetbrains/kotlin/fir/types/impl/ConeTypeParameterTypeImpl 62 org/jetbrains/kotlin/fir/types/impl/ConeClassLikeTypeImpl 73 java/util/ArrayList 83 java/util/ArrayList 96 org/jetbrains/kotlin/fir/symbols/impl/FirRegularClassSymbol 98 org/jetbrains/kotlin/fir/symbols/impl/FirTypeAliasSymbol 129 java/util/ArrayList 136 java/util/ArrayList$Itr 194 org/jetbrains/kotlin/fir/symbols/impl/FirTypeAliasSymbol 224 org/jetbrains/kotlin/fir/declarations/impl/FirTypeAliasImpl 233 java/util/ArrayList 260 kotlin/ranges/IntRange 267 kotlin/ranges/IntProgressionIterator 330 kotlin/ranges/IntRange 346 kotlin/ranges/IntRange 353 kotlin/ranges/IntProgressionIterator 427 java/util/ArrayList methods 0
ciMethodData org/jetbrains/kotlin/fir/analysis/checkers/type/FirProjectionRelationChecker extractImmediateTypeArgumentData (Lorg/jetbrains/kotlin/fir/types/FirTypeRef;)Ljava/util/List; 2 5508 orig 80 0 0 0 0 0 0 0 0 0 0 0 0 250 127 0 0 0 0 0 0 0 0 0 0 0 0 0 0 0 0 0 0 0 0 0 0 0 0 0 0 0 0 0 0 0 0 0 0 0 0 0 0 0 0 0 0 0 0 0 0 0 0 0 0 0 0 0 0 0 0 0 0 0 0 0 0 0 0 0 0 data 156 0x10002 0x1404 0x60007 0x514 0x450 0xef0 0x100002 0xef0 0x130002 0xef0 0x160005 0x3 0x0 0x25f71d31e80 0xed7 0x25f71d31dd0 0x16 0x1b0004 0x0 0x0 0x25f293b87e0 0xef0 0x0 0x0 0x1e0002 0xef0 0x240007 0x0 0x390 0xef0 0x280004 0x0 0x0 0x25f293b87e0 0xef0 0x0 0x0 0x3d0002 0xef0 0x400002 0xef0 0x430004 0x0 0x0 0x25f293b87e0 0xb 0x0 0x0 0x500005 0x0 0x0 0x25f293b87e0 0xef0 0x0 0x0 0x590005 0x0 0x0 0x25f71d31bc0 0x103f 0x0 0x0 0x5e0007 0xef0 0x220 0x14f 0x630005 0x0 0x0 0x25f71d31bc0 0x14f 0x0 0x0 0x750007 0x14f 0x30 0x0 0x780002 0x0 0x7f0004 0x0 0x0 0x25f71d2c1c0 0x14f 0x0 0x0 0x900002 0x14f 0x930002 0x14f 0x9a0005 0x14f 0x0 0x0 0x0 0x0 0x0 0x9d0004 0x0 0x0 0x25f71d31dd0 0xa 0x25f71d31e80 0x141 0xa20005 0x14f 0x0 0x0 0x0 0x0 0x0 0xa50004 0x0 0x0 0x25f71d2c520 0x14f 0x0 0x0 0xa80002 0x14f 0xae0005 0x0 0x0 0x25f293b87e0 0x14f 0x0 0x0 0xb40003 0x14f 0xfffffffffffffdc0 0xb90004 0x0 0x0 0x25f293b87e0 0xb 0x0 0x0 0xbd0003 0xef0 0x18 0xc20007 0xef0 0x30 0x514 0xc60002 0x514 0x0 0x0 0x0 0x0 0x0 0x0 0x9 0x2 0x0 0x0 oops 14 13 org/jetbrains/kotlin/fir/types/impl/ConeClassLikeTypeImpl 15 org/jetbrains/kotlin/fir/types/impl/ConeTypeParameterTypeImpl 20 java/util/ArrayList 33 java/util/ArrayList 44 java/util/ArrayList 51 java/util/ArrayList 58 java/util/ArrayList$Itr 69 java/util/ArrayList$Itr 82 kotlin/Pair 100 org/jetbrains/kotlin/fir/types/impl/ConeTypeParameterTypeImpl 102 org/jetbrains/kotlin/fir/types/impl/ConeClassLikeTypeImpl 114 org/jetbrains/kotlin/fir/analysis/checkers/FirTypeRefSource 123 java/util/ArrayList 133 java/util/ArrayList methods 0
ciMethodData org/jetbrains/kotlin/fir/analysis/checkers/type/FirProjectionRelationChecker getCanBeProblematic (Lorg/jetbrains/kotlin/fir/types/ProjectionKind;)Z 1 375 orig 80 0 0 0 0 0 0 0 0 0 0 0 0 250 127 0 0 0 0 0 0 0 0 0 0 0 0 0 0 0 0 0 0 0 0 0 0 0 0 0 0 0 0 0 0 0 0 0 0 0 0 0 0 0 0 0 0 0 0 0 0 0 0 0 0 0 0 0 0 0 0 0 0 0 0 0 0 0 0 0 0 data 21 0x40007 0x0 0x40 0x14f 0xb0007 0x14d 0x38 0x2 0xf0003 0x2 0x18 0x0 0x0 0x0 0x0 0x0 0x0 0x9 0x2 0x0 0x0 oops 0 methods 0
ciMethodData org/jetbrains/kotlin/fir/resolve/TypeExpansionUtilsKt mapParametersToArgumentsOf (Lorg/jetbrains/kotlin/fir/declarations/FirTypeAlias;Lorg/jetbrains/kotlin/fir/types/ConeKotlinType;)Ljava/util/List; 1 26 orig 80 0 0 0 0 0 0 0 0 0 0 0 0 250 127 0 0 0 0 0 0 0 0 0 0 0 0 0 0 0 0 0 0 0 0 0 0 0 0 0 0 0 0 0 0 0 0 0 0 0 0 0 0 0 0 0 0 0 0 0 0 0 0 0 0 0 0 0 0 0 0 0 0 0 0 0 0 0 0 0 0 data 111 0x30002 0xd 0xa0002 0xd 0xe0005 0x0 0x0 0x25f71d32090 0xd 0x0 0x0 0x110004 0x0 0x0 0x25f293b87e0 0xd 0x0 0x0 0x210002 0xd 0x240002 0xd 0x270004 0x0 0x0 0x25f293b87e0 0xd 0x0 0x0 0x310005 0x0 0x0 0x25f293b87e0 0xd 0x0 0x0 0x3a0005 0x0 0x0 0x25f71d31bc0 0x1a 0x0 0x0 0x3f0007 0xd 0x118 0xd 0x440005 0x0 0x0 0x25f71d31bc0 0xd 0x0 0x0 0x4f0004 0x0 0x0 0x25f71ac3b20 0xd 0x0 0x0 0x5b0005 0x0 0x0 0x25f71ac3b20 0xd 0x0 0x0 0x630005 0x0 0x0 0x25f293b87e0 0xd 0x0 0x0 0x690003 0xd 0xfffffffffffffec8 0x6e0004 0x0 0x0 0x25f293b87e0 0xd 0x0 0x0 0x720004 0x0 0x0 0x25f293b87e0 0xd 0x0 0x0 0x760005 0x0 0x0 0x25f71d31e80 0xd 0x0 0x0 0x790002 0xd 0x0 0x0 0x0 0x0 0x0 0x0 0x9 0x2 0x0 0x0 oops 12 7 org/jetbrains/kotlin/fir/declarations/impl/FirTypeAliasImpl 14 java/util/ArrayList 25 java/util/ArrayList 32 java/util/ArrayList 39 java/util/ArrayList$Itr 50 java/util/ArrayList$Itr 57 org/jetbrains/kotlin/fir/declarations/impl/FirTypeParameterImpl 64 org/jetbrains/kotlin/fir/declarations/impl/FirTypeParameterImpl 71 java/util/ArrayList 81 java/util/ArrayList 88 java/util/ArrayList 95 org/jetbrains/kotlin/fir/types/impl/ConeClassLikeTypeImpl methods 0
ciMethodData org/jetbrains/kotlin/fir/resolve/TypeExpansionUtilsKt createParametersSubstitutor (Lorg/jetbrains/kotlin/fir/FirSession;Ljava/util/Map;)Lorg/jetbrains/kotlin/fir/resolve/substitution/ConeSubstitutor; 1 23 orig 80 0 0 0 0 0 0 0 0 0 0 0 0 250 127 0 0 0 0 0 0 0 0 0 0 0 0 0 0 0 0 0 0 0 0 0 0 0 0 0 0 0 0 0 0 0 0 0 0 0 0 0 0 0 0 0 0 0 0 0 0 0 0 0 0 0 0 0 0 0 0 0 0 0 0 0 0 0 0 0 0 data 25 0x30002 0xc 0xa0002 0xc 0xe0002 0xc 0x180002 0xc 0x1b0004 0x0 0x0 0x25f71ac0fe0 0xc 0x0 0x0 0x0 0x0 0x0 0x0 0x0 0x0 0x9 0x2 0xffffffffffffffff 0x0 oops 1 11 org/jetbrains/kotlin/fir/resolve/TypeExpansionUtilsKt$createParametersSubstitutor$1 methods 0
ciMethodData org/jetbrains/kotlin/fir/analysis/checkers/type/FirProjectionRelationChecker$TypeArgumentData <init> (Lorg/jetbrains/kotlin/fir/types/ConeKotlinType;ILorg/jetbrains/kotlin/fir/types/ConeTypeProjection;Lorg/jetbrains/kotlin/fir/analysis/checkers/FirTypeRefSource;)V 1 375 orig 80 0 0 0 0 0 0 0 0 0 0 0 0 250 127 0 0 0 0 0 0 0 0 0 0 0 0 0 0 0 0 0 0 0 0 0 0 0 0 0 0 0 0 0 0 0 0 0 0 0 0 0 0 0 0 0 0 0 0 0 0 0 0 0 0 0 0 0 0 0 0 0 0 0 0 0 0 0 0 0 0 data 21 0x30002 0x14d 0x90002 0x14d 0x100002 0x14d 0x140002 0x14d 0x0 0x0 0x0 0x0 0x0 0x0 0x9 0x5 0xe 0x0 0x0 0x0 0x0 oops 0 methods 0
compile org/jetbrains/kotlin/fir/analysis/checkers/type/FirProjectionRelationChecker collectPotentiallyProblematicArguments (Lorg/jetbrains/kotlin/fir/types/FirTypeRef;Lorg/jetbrains/kotlin/fir/FirSession;)Ljava/util/List; -1 4 inline 227 0 -1 org/jetbrains/kotlin/fir/analysis/checkers/type/FirProjectionRelationChecker collectPotentiallyProblematicArguments (Lorg/jetbrains/kotlin/fir/types/FirTypeRef;Lorg/jetbrains/kotlin/fir/FirSession;)Ljava/util/List; 1 2 org/jetbrains/kotlin/fir/analysis/checkers/type/FirProjectionRelationChecker extractImmediateTypeArgumentData (Lorg/jetbrains/kotlin/fir/types/FirTypeRef;)Ljava/util/List; 2 16 org/jetbrains/kotlin/fir/types/FirTypeUtilsKt getConeType (Lorg/jetbrains/kotlin/fir/types/FirTypeRef;)Lorg/jetbrains/kotlin/fir/types/ConeKotlinType; 3 3 kotlin/jvm/internal/Intrinsics checkNotNullParameter (Ljava/lang/Object;Ljava/lang/String;)V 3 29 org/jetbrains/kotlin/fir/types/impl/FirResolvedTypeRefImpl getConeType ()Lorg/jetbrains/kotlin/fir/types/ConeKotlinType; 2 19 org/jetbrains/kotlin/fir/types/AbbreviatedTypeAttributeKt getAbbreviatedTypeOrSelf (Lorg/jetbrains/kotlin/fir/types/ConeKotlinType;)Lorg/jetbrains/kotlin/fir/types/ConeKotlinType; 3 3 kotlin/jvm/internal/Intrinsics checkNotNullParameter (Ljava/lang/Object;Ljava/lang/String;)V 3 7 org/jetbrains/kotlin/fir/types/AbbreviatedTypeAttributeKt getAbbreviatedType (Lorg/jetbrains/kotlin/fir/types/ConeKotlinType;)Lorg/jetbrains/kotlin/fir/types/ConeKotlinType; 4 3 kotlin/jvm/internal/Intrinsics checkNotNullParameter (Ljava/lang/Object;Ljava/lang/String;)V 4 7 org/jetbrains/kotlin/fir/types/impl/ConeClassLikeTypeImpl getAttributes ()Lorg/jetbrains/kotlin/fir/types/ConeAttributes; 4 10 org/jetbrains/kotlin/fir/types/AbbreviatedTypeAttributeKt getAbbreviatedType (Lorg/jetbrains/kotlin/fir/types/ConeAttributes;)Lorg/jetbrains/kotlin/fir/types/AbbreviatedTypeAttribute; 5 3 kotlin/jvm/internal/Intrinsics checkNotNullParameter (Ljava/lang/Object;Ljava/lang/String;)V 5 15 org/jetbrains/kotlin/util/NullableArrayMapAccessor getValue (Ljava/lang/Object;Lkotlin/reflect/KProperty;)Ljava/lang/Object; 6 6 org/jetbrains/kotlin/util/NullableArrayMapAccessor getValue (Lorg/jetbrains/kotlin/util/AbstractArrayMapOwner;Lkotlin/reflect/KProperty;)Ljava/lang/Object; 7 3 kotlin/jvm/internal/Intrinsics checkNotNullParameter (Ljava/lang/Object;Ljava/lang/String;)V 7 9 kotlin/jvm/internal/Intrinsics checkNotNullParameter (Ljava/lang/Object;Ljava/lang/String;)V 7 14 org/jetbrains/kotlin/util/AbstractArrayMapOwner$AbstractArrayMapAccessor extractValue (Lorg/jetbrains/kotlin/util/AbstractArrayMapOwner;)Ljava/lang/Object; 8 3 kotlin/jvm/internal/Intrinsics checkNotNullParameter (Ljava/lang/Object;Ljava/lang/String;)V 8 7 org/jetbrains/kotlin/util/AttributeArrayOwner getArrayMap ()Lorg/jetbrains/kotlin/util/ArrayMap; 4 17 org/jetbrains/kotlin/fir/types/AbbreviatedTypeAttribute getConeType ()Lorg/jetbrains/kotlin/fir/types/ConeKotlinType; 2 22 org/jetbrains/kotlin/fir/types/impl/ConeClassLikeTypeImpl getTypeArguments ()[Lorg/jetbrains/kotlin/fir/types/ConeTypeProjection; 2 30 kotlin/collections/ArraysKt___ArraysKt zip ([Ljava/lang/Object;Ljava/lang/Iterable;)Ljava/util/List; 3 3 kotlin/jvm/internal/Intrinsics checkNotNullParameter (Ljava/lang/Object;Ljava/lang/String;)V 3 10 kotlin/jvm/internal/Intrinsics checkNotNullParameter (Ljava/lang/Object;Ljava/lang/String;)V 3 28 kotlin/collections/CollectionsKt__IterablesKt collectionSizeOrDefault (Ljava/lang/Iterable;I)I 4 3 kotlin/jvm/internal/Intrinsics checkNotNullParameter (Ljava/lang/Object;Ljava/lang/String;)V 4 17 java/util/ArrayList size ()I 3 36 java/util/ArrayList <init> (I)V 4 1 java/util/AbstractList <init> ()V 5 1 java/util/AbstractCollection <init> ()V 6 1 java/lang/Object <init> ()V 3 45 java/util/ArrayList iterator ()Ljava/util/Iterator; 4 5 java/util/ArrayList$Itr <init> (Ljava/util/ArrayList;)V 5 6 java/lang/Object <init> ()V 3 54 java/util/ArrayList$Itr hasNext ()Z 3 64 java/util/ArrayList$Itr next ()Ljava/lang/Object; 4 1 java/util/ArrayList$Itr checkForComodification ()V 3 102 kotlin/TuplesKt to (Ljava/lang/Object;Ljava/lang/Object;)Lkotlin/Pair; 4 6 kotlin/Pair <init> (Ljava/lang/Object;Ljava/lang/Object;)V 5 1 java/lang/Object <init> ()V 3 108 java/util/ArrayList add (Ljava/lang/Object;)Z 4 20 java/util/ArrayList add (Ljava/lang/Object;[Ljava/lang/Object;I)V 5 7 java/util/ArrayList grow ()[Ljava/lang/Object; 6 7 java/util/ArrayList grow (I)[Ljava/lang/Object; 7 27 jdk/internal/util/ArraysSupport newLength (III)I 7 37 java/util/Arrays copyOf ([Ljava/lang/Object;I)[Ljava/lang/Object; 2 61 kotlin/collections/CollectionsKt__IterablesKt collectionSizeOrDefault (Ljava/lang/Iterable;I)I 3 3 kotlin/jvm/internal/Intrinsics checkNotNullParameter (Ljava/lang/Object;Ljava/lang/String;)V 3 17 java/util/ArrayList size ()I 2 64 java/util/ArrayList <init> (I)V 3 1 java/util/AbstractList <init> ()V 4 1 java/util/AbstractCollection <init> ()V 5 1 java/lang/Object <init> ()V 2 80 java/util/ArrayList iterator ()Ljava/util/Iterator; 3 5 java/util/ArrayList$Itr <init> (Ljava/util/ArrayList;)V 4 6 java/lang/Object <init> ()V 2 89 java/util/ArrayList$Itr hasNext ()Z 2 99 java/util/ArrayList$Itr next ()Ljava/lang/Object; 3 1 java/util/ArrayList$Itr checkForComodification ()V 2 144 org/jetbrains/kotlin/fir/types/FirTypeUtilsKt getConeType (Lorg/jetbrains/kotlin/fir/types/FirTypeRef;)Lorg/jetbrains/kotlin/fir/types/ConeKotlinType; 3 3 kotlin/jvm/internal/Intrinsics checkNotNullParameter (Ljava/lang/Object;Ljava/lang/String;)V 3 29 org/jetbrains/kotlin/fir/types/impl/FirResolvedTypeRefImpl getConeType ()Lorg/jetbrains/kotlin/fir/types/ConeKotlinType; 2 147 org/jetbrains/kotlin/fir/types/AbbreviatedTypeAttributeKt getAbbreviatedTypeOrSelf (Lorg/jetbrains/kotlin/fir/types/ConeKotlinType;)Lorg/jetbrains/kotlin/fir/types/ConeKotlinType; 3 3 kotlin/jvm/internal/Intrinsics checkNotNullParameter (Ljava/lang/Object;Ljava/lang/String;)V 3 7 org/jetbrains/kotlin/fir/types/AbbreviatedTypeAttributeKt getAbbreviatedType (Lorg/jetbrains/kotlin/fir/types/ConeKotlinType;)Lorg/jetbrains/kotlin/fir/types/ConeKotlinType; 4 3 kotlin/jvm/internal/Intrinsics checkNotNullParameter (Ljava/lang/Object;Ljava/lang/String;)V 4 7 org/jetbrains/kotlin/fir/types/impl/ConeClassLikeTypeImpl getAttributes ()Lorg/jetbrains/kotlin/fir/types/ConeAttributes; 4 10 org/jetbrains/kotlin/fir/types/AbbreviatedTypeAttributeKt getAbbreviatedType (Lorg/jetbrains/kotlin/fir/types/ConeAttributes;)Lorg/jetbrains/kotlin/fir/types/AbbreviatedTypeAttribute; 5 3 kotlin/jvm/internal/Intrinsics checkNotNullParameter (Ljava/lang/Object;Ljava/lang/String;)V 5 15 org/jetbrains/kotlin/util/NullableArrayMapAccessor getValue (Ljava/lang/Object;Lkotlin/reflect/KProperty;)Ljava/lang/Object; 6 6 org/jetbrains/kotlin/util/NullableArrayMapAccessor getValue (Lorg/jetbrains/kotlin/util/AbstractArrayMapOwner;Lkotlin/reflect/KProperty;)Ljava/lang/Object; 7 3 kotlin/jvm/internal/Intrinsics checkNotNullParameter (Ljava/lang/Object;Ljava/lang/String;)V 7 9 kotlin/jvm/internal/Intrinsics checkNotNullParameter (Ljava/lang/Object;Ljava/lang/String;)V 7 14 org/jetbrains/kotlin/util/AbstractArrayMapOwner$AbstractArrayMapAccessor extractValue (Lorg/jetbrains/kotlin/util/AbstractArrayMapOwner;)Ljava/lang/Object; 8 3 kotlin/jvm/internal/Intrinsics checkNotNullParameter (Ljava/lang/Object;Ljava/lang/String;)V 8 7 org/jetbrains/kotlin/util/AttributeArrayOwner getArrayMap ()Lorg/jetbrains/kotlin/util/ArrayMap; 4 17 org/jetbrains/kotlin/fir/types/AbbreviatedTypeAttribute getConeType ()Lorg/jetbrains/kotlin/fir/types/ConeKotlinType; 2 154 kotlin/Pair getFirst ()Ljava/lang/Object; 2 162 kotlin/Pair getSecond ()Ljava/lang/Object; 2 168 org/jetbrains/kotlin/fir/analysis/checkers/type/FirProjectionRelationChecker$TypeArgumentData <init> (Lorg/jetbrains/kotlin/fir/types/ConeKotlinType;ILorg/jetbrains/kotlin/fir/types/ConeTypeProjection;Lorg/jetbrains/kotlin/fir/analysis/checkers/FirTypeRefSource;)V 3 3 kotlin/jvm/internal/Intrinsics checkNotNullParameter (Ljava/lang/Object;Ljava/lang/String;)V 3 9 kotlin/jvm/internal/Intrinsics checkNotNullParameter (Ljava/lang/Object;Ljava/lang/String;)V 3 16 kotlin/jvm/internal/Intrinsics checkNotNullParameter (Ljava/lang/Object;Ljava/lang/String;)V 3 20 java/lang/Object <init> ()V 2 174 java/util/ArrayList add (Ljava/lang/Object;)Z 3 20 java/util/ArrayList add (Ljava/lang/Object;[Ljava/lang/Object;I)V 4 7 java/util/ArrayList grow ()[Ljava/lang/Object; 5 7 java/util/ArrayList grow (I)[Ljava/lang/Object; 6 27 jdk/internal/util/ArraysSupport newLength (III)I 6 37 java/util/Arrays copyOf ([Ljava/lang/Object;I)[Ljava/lang/Object; 2 198 kotlin/collections/CollectionsKt__CollectionsKt emptyList ()Ljava/util/List; 1 21 java/util/ArrayList <init> ()V 2 1 java/util/AbstractList <init> ()V 3 1 java/util/AbstractCollection <init> ()V 4 1 java/lang/Object <init> ()V 1 34 java/util/ArrayList iterator ()Ljava/util/Iterator; 2 5 java/util/ArrayList$Itr <init> (Ljava/util/ArrayList;)V 3 6 java/lang/Object <init> ()V 1 34 kotlin/collections/EmptyList iterator ()Ljava/util/Iterator; 1 43 java/util/ArrayList$Itr hasNext ()Z 1 43 kotlin/collections/EmptyIterator hasNext ()Z 1 53 java/util/ArrayList$Itr next ()Ljava/lang/Object; 2 1 java/util/ArrayList$Itr checkForComodification ()V 1 75 org/jetbrains/kotlin/fir/analysis/checkers/type/FirProjectionRelationChecker$TypeArgumentData getProjection ()Lorg/jetbrains/kotlin/fir/types/ConeTypeProjection; 1 78 org/jetbrains/kotlin/fir/types/ConeKotlinType getKind ()Lorg/jetbrains/kotlin/fir/types/ProjectionKind; 1 81 org/jetbrains/kotlin/fir/analysis/checkers/type/FirProjectionRelationChecker getCanBeProblematic (Lorg/jetbrains/kotlin/fir/types/ProjectionKind;)Z 1 91 java/util/ArrayList add (Ljava/lang/Object;)Z 2 20 java/util/ArrayList add (Ljava/lang/Object;[Ljava/lang/Object;I)V 3 7 java/util/ArrayList grow ()[Ljava/lang/Object; 4 7 java/util/ArrayList grow (I)[Ljava/lang/Object; 5 27 jdk/internal/util/ArraysSupport newLength (III)I 5 37 java/util/Arrays copyOf ([Ljava/lang/Object;I)[Ljava/lang/Object; 1 108 org/jetbrains/kotlin/fir/types/FirTypeUtilsKt getConeType (Lorg/jetbrains/kotlin/fir/types/FirTypeRef;)Lorg/jetbrains/kotlin/fir/types/ConeKotlinType; 2 3 kotlin/jvm/internal/Intrinsics checkNotNullParameter (Ljava/lang/Object;Ljava/lang/String;)V 2 29 org/jetbrains/kotlin/fir/types/impl/FirResolvedTypeRefImpl getConeType ()Lorg/jetbrains/kotlin/fir/types/ConeKotlinType; 1 111 org/jetbrains/kotlin/fir/types/AbbreviatedTypeAttributeKt getAbbreviatedTypeOrSelf (Lorg/jetbrains/kotlin/fir/types/ConeKotlinType;)Lorg/jetbrains/kotlin/fir/types/ConeKotlinType; 2 3 kotlin/jvm/internal/Intrinsics checkNotNullParameter (Ljava/lang/Object;Ljava/lang/String;)V 2 7 org/jetbrains/kotlin/fir/types/AbbreviatedTypeAttributeKt getAbbreviatedType (Lorg/jetbrains/kotlin/fir/types/ConeKotlinType;)Lorg/jetbrains/kotlin/fir/types/ConeKotlinType; 3 3 kotlin/jvm/internal/Intrinsics checkNotNullParameter (Ljava/lang/Object;Ljava/lang/String;)V 3 7 org/jetbrains/kotlin/fir/types/impl/ConeClassLikeTypeImpl getAttributes ()Lorg/jetbrains/kotlin/fir/types/ConeAttributes; 3 10 org/jetbrains/kotlin/fir/types/AbbreviatedTypeAttributeKt getAbbreviatedType (Lorg/jetbrains/kotlin/fir/types/ConeAttributes;)Lorg/jetbrains/kotlin/fir/types/AbbreviatedTypeAttribute; 4 3 kotlin/jvm/internal/Intrinsics checkNotNullParameter (Ljava/lang/Object;Ljava/lang/String;)V 4 15 org/jetbrains/kotlin/util/NullableArrayMapAccessor getValue (Ljava/lang/Object;Lkotlin/reflect/KProperty;)Ljava/lang/Object; 5 6 org/jetbrains/kotlin/util/NullableArrayMapAccessor getValue (Lorg/jetbrains/kotlin/util/AbstractArrayMapOwner;Lkotlin/reflect/KProperty;)Ljava/lang/Object; 6 3 kotlin/jvm/internal/Intrinsics checkNotNullParameter (Ljava/lang/Object;Ljava/lang/String;)V 6 9 kotlin/jvm/internal/Intrinsics checkNotNullParameter (Ljava/lang/Object;Ljava/lang/String;)V 6 14 org/jetbrains/kotlin/util/AbstractArrayMapOwner$AbstractArrayMapAccessor extractValue (Lorg/jetbrains/kotlin/util/AbstractArrayMapOwner;)Ljava/lang/Object; 7 3 kotlin/jvm/internal/Intrinsics checkNotNullParameter (Ljava/lang/Object;Ljava/lang/String;)V 7 7 org/jetbrains/kotlin/util/AttributeArrayOwner getArrayMap ()Lorg/jetbrains/kotlin/util/ArrayMap; 3 17 org/jetbrains/kotlin/fir/types/AbbreviatedTypeAttribute getConeType ()Lorg/jetbrains/kotlin/fir/types/ConeKotlinType; 1 147 kotlin/collections/CollectionsKt__IterablesKt collectionSizeOrDefault (Ljava/lang/Iterable;I)I 2 3 kotlin/jvm/internal/Intrinsics checkNotNullParameter (Ljava/lang/Object;Ljava/lang/String;)V 2 17 java/util/ArrayList size ()I 1 155 kotlin/ranges/RangesKt___RangesKt coerceAtLeast (II)I 1 170 java/util/LinkedHashMap <init> (I)V 2 2 java/util/HashMap <init> (I)V 3 4 java/util/HashMap <init> (IF)V 4 1 java/util/AbstractMap <init> ()V 5 1 java/lang/Object <init> ()V 4 51 java/lang/Float isNaN (F)Z 4 91 java/util/HashMap tableSizeFor (I)I 1 183 java/util/ArrayList iterator ()Ljava/util/Iterator; 2 5 java/util/ArrayList$Itr <init> (Ljava/util/ArrayList;)V 3 6 java/lang/Object <init> ()V 1 192 java/util/ArrayList$Itr hasNext ()Z 1 225 org/jetbrains/kotlin/fir/analysis/checkers/type/FirProjectionRelationChecker$TypeArgumentData getProjection ()Lorg/jetbrains/kotlin/fir/types/ConeTypeProjection; 1 247 org/jetbrains/kotlin/fir/analysis/checkers/type/FirProjectionRelationChecker$TypeArgumentData getSource ()Lorg/jetbrains/kotlin/fir/analysis/checkers/FirTypeRefSource; 1 272 kotlin/collections/CollectionsKt__CollectionsJVMKt createListBuilder ()Ljava/util/List; 2 7 kotlin/collections/builders/ListBuilder <init> (IILkotlin/jvm/internal/DefaultConstructorMarker;)V 3 11 kotlin/collections/builders/ListBuilder <init> (I)V 4 1 kotlin/collections/AbstractMutableList <init> ()V 5 1 java/util/AbstractList <init> ()V 6 1 java/util/AbstractCollection <init> ()V 7 1 java/lang/Object <init> ()V 4 6 kotlin/collections/builders/ListBuilderKt arrayOfUninitializedElements (I)[Ljava/lang/Object; 1 316 org/jetbrains/kotlin/fir/symbols/FirLazyDeclarationResolverKt lazyResolveToPhase (Lorg/jetbrains/kotlin/fir/symbols/FirBasedSymbol;Lorg/jetbrains/kotlin/fir/declarations/FirResolvePhase;)V 2 3 kotlin/jvm/internal/Intrinsics checkNotNullParameter (Ljava/lang/Object;Ljava/lang/String;)V 2 9 kotlin/jvm/internal/Intrinsics checkNotNullParameter (Ljava/lang/Object;Ljava/lang/String;)V 2 13 org/jetbrains/kotlin/fir/symbols/FirBasedSymbol getFir ()Lorg/jetbrains/kotlin/fir/declarations/FirDeclaration; 2 20 org/jetbrains/kotlin/fir/symbols/FirLazyDeclarationResolverKt lazyResolveToPhase (Lorg/jetbrains/kotlin/fir/FirElementWithResolveState;Lorg/jetbrains/kotlin/fir/declarations/FirResolvePhase;)V 3 3 kotlin/jvm/internal/Intrinsics checkNotNullParameter (Ljava/lang/Object;Ljava/lang/String;)V 3 9 kotlin/jvm/internal/Intrinsics checkNotNullParameter (Ljava/lang/Object;Ljava/lang/String;)V 3 20 org/jetbrains/kotlin/fir/symbols/FirLazyDeclarationResolverKt invokeLazyResolveToPhase (Lorg/jetbrains/kotlin/fir/FirElementWithResolveState;Lorg/jetbrains/kotlin/fir/declarations/FirResolvePhase;Lkotlin/jvm/functions/Function3;)V 4 13 org/jetbrains/kotlin/fir/declarations/synthetic/FirSyntheticPropertyAccessor getDelegate ()Lorg/jetbrains/kotlin/fir/declarations/FirSimpleFunction; 4 38 org/jetbrains/kotlin/fir/declarations/synthetic/FirSyntheticProperty getGetter ()Lorg/jetbrains/kotlin/fir/declarations/synthetic/FirSyntheticPropertyAccessor; 4 53 org/jetbrains/kotlin/fir/declarations/synthetic/FirSyntheticProperty getSetter ()Lorg/jetbrains/kotlin/fir/declarations/synthetic/FirSyntheticPropertyAccessor; 4 77 org/jetbrains/kotlin/fir/symbols/FirLazyDeclarationResolverKt getLazyDeclarationResolver (Lorg/jetbrains/kotlin/fir/FirElementWithResolveState;)Lorg/jetbrains/kotlin/fir/symbols/FirLazyDeclarationResolver; 5 4 org/jetbrains/kotlin/fir/FirModuleDataImpl getSession ()Lorg/jetbrains/kotlin/fir/FirSession; 6 1 org/jetbrains/kotlin/fir/FirModuleData getBoundSession ()Lorg/jetbrains/kotlin/fir/FirSession; 5 7 org/jetbrains/kotlin/fir/symbols/FirLazyDeclarationResolverKt getLazyDeclarationResolver (Lorg/jetbrains/kotlin/fir/FirSession;)Lorg/jetbrains/kotlin/fir/symbols/FirLazyDeclarationResolver; 6 3 kotlin/jvm/internal/Intrinsics checkNotNullParameter (Ljava/lang/Object;Ljava/lang/String;)V 6 18 org/jetbrains/kotlin/util/ArrayMapAccessor getValue (Lorg/jetbrains/kotlin/util/AbstractArrayMapOwner;Lkotlin/reflect/KProperty;)Ljava/lang/Object; 7 3 kotlin/jvm/internal/Intrinsics checkNotNullParameter (Ljava/lang/Object;Ljava/lang/String;)V 7 9 kotlin/jvm/internal/Intrinsics checkNotNullParameter (Ljava/lang/Object;Ljava/lang/String;)V 7 14 org/jetbrains/kotlin/util/AbstractArrayMapOwner$AbstractArrayMapAccessor extractValue (Lorg/jetbrains/kotlin/util/AbstractArrayMapOwner;)Ljava/lang/Object; 8 3 kotlin/jvm/internal/Intrinsics checkNotNullParameter (Ljava/lang/Object;Ljava/lang/String;)V 8 7 org/jetbrains/kotlin/util/ComponentArrayOwner getArrayMap ()Lorg/jetbrains/kotlin/util/ArrayMap; 4 82 org/jetbrains/kotlin/fir/symbols/FirLazyDeclarationResolverKt$lazyResolveToPhase$1 invoke (Ljava/lang/Object;Ljava/lang/Object;Ljava/lang/Object;)Ljava/lang/Object; 5 13 org/jetbrains/kotlin/fir/symbols/FirLazyDeclarationResolverKt$lazyResolveToPhase$1 invoke (Lorg/jetbrains/kotlin/fir/symbols/FirLazyDeclarationResolver;Lorg/jetbrains/kotlin/fir/FirElementWithResolveState;Lorg/jetbrains/kotlin/fir/declarations/FirResolvePhase;)V 6 3 kotlin/jvm/internal/Intrinsics checkNotNullParameter (Ljava/lang/Object;Ljava/lang/String;)V 6 9 kotlin/jvm/internal/Intrinsics checkNotNullParameter (Ljava/lang/Object;Ljava/lang/String;)V 6 15 kotlin/jvm/internal/Intrinsics checkNotNullParameter (Ljava/lang/Object;Ljava/lang/String;)V 6 21 org/jetbrains/kotlin/fir/resolve/transformers/FirDummyCompilerLazyDeclarationResolver lazyResolveToPhase (Lorg/jetbrains/kotlin/fir/FirElementWithResolveState;Lorg/jetbrains/kotlin/fir/declarations/FirResolvePhase;)V 7 3 kotlin/jvm/internal/Intrinsics checkNotNullParameter (Ljava/lang/Object;Ljava/lang/String;)V 7 9 kotlin/jvm/internal/Intrinsics checkNotNullParameter (Ljava/lang/Object;Ljava/lang/String;)V 1 343 kotlin/collections/CollectionsKt__CollectionsKt getIndices (Ljava/util/Collection;)Lkotlin/ranges/IntRange; 2 3 kotlin/jvm/internal/Intrinsics checkNotNullParameter (Ljava/lang/Object;Ljava/lang/String;)V 2 12 java/util/ArrayList size ()I 2 19 kotlin/ranges/IntRange <init> (II)V 3 4 kotlin/ranges/IntProgression <init> (III)V 4 1 java/lang/Object <init> ()V 4 45 kotlin/internal/ProgressionUtilKt getProgressionLastElement (III)I 5 18 kotlin/internal/ProgressionUtilKt differenceModulo (III)I 6 2 kotlin/internal/ProgressionUtilKt mod (II)I 6 7 kotlin/internal/ProgressionUtilKt mod (II)I 6 12 kotlin/internal/ProgressionUtilKt mod (II)I 1 370 kotlin/collections/CollectionsKt__IterablesKt collectionSizeOrDefault (Ljava/lang/Iterable;I)I 2 3 kotlin/jvm/internal/Intrinsics checkNotNullParameter (Ljava/lang/Object;Ljava/lang/String;)V 1 373 java/util/ArrayList <init> (I)V 2 1 java/util/AbstractList <init> ()V 3 1 java/util/AbstractCollection <init> ()V 4 1 java/lang/Object <init> ()V 1 386 kotlin/ranges/IntProgression iterator ()Ljava/util/Iterator; 2 1 kotlin/ranges/IntProgression iterator ()Lkotlin/collections/IntIterator; 3 16 kotlin/ranges/IntProgressionIterator <init> (III)V 4 1 kotlin/collections/IntIterator <init> ()V 5 1 java/lang/Object <init> ()V 1 395 kotlin/ranges/IntProgressionIterator hasNext ()Z 1 480 java/util/ArrayList <init> ()V 2 1 java/util/AbstractList <init> ()V 3 1 java/util/AbstractCollection <init> ()V 4 1 java/lang/Object <init> ()V 1 493 kotlin/ranges/IntProgression iterator ()Ljava/util/Iterator; 2 1 kotlin/ranges/IntProgression iterator ()Lkotlin/collections/IntIterator; 3 16 kotlin/ranges/IntProgressionIterator <init> (III)V 4 1 kotlin/collections/IntIterator <init> ()V 5 1 java/lang/Object <init> ()V 1 502 kotlin/ranges/IntProgressionIterator hasNext ()Z 1 585 java/util/ArrayList isEmpty ()Z 1 1013 kotlin/collections/CollectionsKt__CollectionsJVMKt build (Ljava/util/List;)Ljava/util/List; 2 3 kotlin/jvm/internal/Intrinsics checkNotNullParameter (Ljava/lang/Object;Ljava/lang/String;)V 2 10 kotlin/collections/builders/ListBuilder build ()Ljava/util/List; 3 1 kotlin/collections/builders/ListBuilder checkIsMutable ()V 1 723 kotlin/Pair getFirst ()Ljava/lang/Object; 1 761 kotlin/Pair getSecond ()Ljava/lang/Object; 1 902 kotlin/Pair getFirst ()Ljava/lang/Object; 1 985 org/jetbrains/kotlin/fir/declarations/impl/FirTypeAliasImpl getExpandedTypeRef ()Lorg/jetbrains/kotlin/fir/types/FirTypeRef;
